strategy,underlying,vehicle,fast_period,fast_mult,mid_period,mid_mult,slow_period,slow_mult,exit_mode,trail_target,time_stop_bars,adx_min,full_trades,full_wr_pct,full_pf,full_ret_pct,full_sharpe,full_max_dd,is_pf,is_ret_pct,oos_trades,oos_wr_pct,oos_pf,oos_ret_pct,oos_sharpe,oos_max_dd,vol_surge_mult,min_body_ratio,opening_lockout_min,tranche_a_r,stagnation_bars
sterling_kite_engine,NIFTY 50,delta1,14,0.75,14,2.0,7,3.0,one_red,fast,none,none,684,40.5,1.07,13.21,0.39,9.14,1.11,12.44,189,42.3,1.01,0.77,0.06,10.18,,,,,
sterling_kite_engine,NIFTY 50,options_atm,14,0.75,14,2.0,7,3.0,one_red,fast,none,none,684,36.7,1.08,7.4,0.41,6.59,1.13,7.56,189,39.7,1.0,-0.16,-0.03,5.78,,,,,
sterling_kite_engine,NIFTY 50,delta1,14,0.75,14,2.0,7,3.0,one_red,fast,18,none,684,40.5,1.08,15.0,0.44,8.8,1.12,14.17,189,42.3,1.01,0.83,0.06,9.95,,,,,
sterling_kite_engine,NIFTY 50,options_atm,14,0.75,14,2.0,7,3.0,one_red,fast,18,none,684,36.7,1.1,9.52,0.51,5.9,1.16,9.13,189,39.7,1.01,0.39,0.06,5.41,,,,,
sterling_kite_engine,NIFTY 50,delta1,14,0.75,14,2.0,7,3.0,one_red,fast,30,none,684,40.5,1.08,14.03,0.42,8.93,1.11,12.44,189,42.3,1.02,1.59,0.12,9.68,,,,,
sterling_kite_engine,NIFTY 50,options_atm,14,0.75,14,2.0,7,3.0,one_red,fast,30,none,684,36.7,1.09,8.05,0.44,6.59,1.13,7.56,189,39.7,1.01,0.48,0.08,5.21,,,,,
sterling_kite_engine,NIFTY 50,delta1,14,0.75,14,2.0,7,3.0,one_red,fast,48,none,684,40.5,1.07,13.21,0.39,9.14,1.11,12.44,189,42.3,1.01,0.77,0.06,10.18,,,,,
sterling_kite_engine,NIFTY 50,options_atm,14,0.75,14,2.0,7,3.0,one_red,fast,48,none,684,36.7,1.08,7.4,0.41,6.59,1.13,7.56,189,39.7,1.0,-0.16,-0.03,5.78,,,,,
sterling_kite_engine,NIFTY 50,delta1,14,0.75,14,2.0,7,3.0,one_red,fast,none,15,641,39.8,1.06,10.48,0.33,9.98,1.09,9.72,179,41.9,1.01,0.76,0.06,10.86,,,,,
sterling_kite_engine,NIFTY 50,options_atm,14,0.75,14,2.0,7,3.0,one_red,fast,none,15,641,35.9,1.08,6.67,0.38,6.68,1.12,6.61,179,39.1,1.0,0.06,0.01,5.99,,,,,
sterling_kite_engine,NIFTY 50,delta1,14,0.75,14,2.0,7,3.0,one_red,fast,18,15,641,39.8,1.07,12.23,0.38,9.64,1.11,11.4,179,41.9,1.01,0.82,0.06,10.63,,,,,
sterling_kite_engine,NIFTY 50,options_atm,14,0.75,14,2.0,7,3.0,one_red,fast,18,15,641,35.9,1.1,8.73,0.49,5.99,1.15,8.12,179,39.1,1.02,0.61,0.1,5.62,,,,,
sterling_kite_engine,NIFTY 50,delta1,14,0.75,14,2.0,7,3.0,one_red,fast,30,15,641,39.8,1.07,11.3,0.35,9.51,1.09,9.72,179,41.9,1.02,1.57,0.12,10.16,,,,,
sterling_kite_engine,NIFTY 50,options_atm,14,0.75,14,2.0,7,3.0,one_red,fast,30,15,641,35.9,1.08,7.32,0.42,6.68,1.12,6.61,179,39.1,1.02,0.7,0.11,5.42,,,,,
sterling_kite_engine,NIFTY 50,delta1,14,0.75,14,2.0,7,3.0,one_red,fast,48,15,641,39.8,1.06,10.48,0.33,9.98,1.09,9.72,179,41.9,1.01,0.76,0.06,10.86,,,,,
sterling_kite_engine,NIFTY 50,options_atm,14,0.75,14,2.0,7,3.0,one_red,fast,48,15,641,35.9,1.08,6.67,0.38,6.68,1.12,6.61,179,39.1,1.0,0.06,0.01,5.99,,,,,
sterling_kite_engine,NIFTY 50,delta1,14,0.75,14,2.0,7,3.0,one_red,fast,none,20,464,37.5,0.98,-2.74,-0.11,14.67,1.03,2.65,136,40.4,0.89,-5.39,-0.49,13.1,,,,,
sterling_kite_engine,NIFTY 50,options_atm,14,0.75,14,2.0,7,3.0,one_red,fast,none,20,464,33.8,1.02,1.04,0.08,8.12,1.1,3.97,136,37.5,0.88,-2.93,-0.54,6.79,,,,,
sterling_kite_engine,NIFTY 50,delta1,14,0.75,14,2.0,7,3.0,one_red,fast,18,20,464,37.5,0.99,-0.67,-0.03,13.09,1.05,4.27,136,40.4,0.9,-4.94,-0.44,13.0,,,,,
sterling_kite_engine,NIFTY 50,options_atm,14,0.75,14,2.0,7,3.0,one_red,fast,18,20,464,33.8,1.04,2.94,0.22,6.66,1.13,5.34,136,37.5,0.9,-2.4,-0.43,6.56,,,,,
sterling_kite_engine,NIFTY 50,delta1,14,0.75,14,2.0,7,3.0,one_red,fast,30,20,464,37.5,0.98,-1.97,-0.08,13.98,1.03,2.65,136,40.4,0.91,-4.62,-0.41,12.39,,,,,
sterling_kite_engine,NIFTY 50,options_atm,14,0.75,14,2.0,7,3.0,one_red,fast,30,20,464,33.8,1.02,1.63,0.12,7.58,1.1,3.97,136,37.5,0.91,-2.33,-0.42,6.21,,,,,
sterling_kite_engine,NIFTY 50,delta1,14,0.75,14,2.0,7,3.0,one_red,fast,48,20,464,37.5,0.98,-2.74,-0.11,14.67,1.03,2.65,136,40.4,0.89,-5.39,-0.49,13.1,,,,,
sterling_kite_engine,NIFTY 50,options_atm,14,0.75,14,2.0,7,3.0,one_red,fast,48,20,464,33.8,1.02,1.04,0.08,8.12,1.1,3.97,136,37.5,0.88,-2.93,-0.54,6.79,,,,,
sterling_kite_engine,NIFTY 50,delta1,14,0.75,14,2.0,7,3.0,one_red,fast,none,25,265,36.6,0.99,-0.91,-0.07,16.11,0.92,-3.81,78,43.6,1.11,2.9,0.35,4.63,,,,,
sterling_kite_engine,NIFTY 50,options_atm,14,0.75,14,2.0,7,3.0,one_red,fast,none,25,265,32.8,1.03,0.93,0.12,8.73,0.99,-0.16,78,42.3,1.08,1.08,0.26,2.42,,,,,
sterling_kite_engine,NIFTY 50,delta1,14,0.75,14,2.0,7,3.0,one_red,fast,18,25,265,36.6,1.0,0.14,0.01,15.83,0.93,-3.21,78,43.6,1.13,3.35,0.4,4.63,,,,,
sterling_kite_engine,NIFTY 50,options_atm,14,0.75,14,2.0,7,3.0,one_red,fast,18,25,265,32.8,1.05,1.99,0.25,8.5,1.02,0.38,78,42.3,1.13,1.61,0.38,2.42,,,,,
sterling_kite_engine,NIFTY 50,delta1,14,0.75,14,2.0,7,3.0,one_red,fast,30,25,265,36.6,1.0,-0.14,-0.01,16.11,0.92,-3.81,78,43.6,1.14,3.67,0.44,4.63,,,,,
sterling_kite_engine,NIFTY 50,options_atm,14,0.75,14,2.0,7,3.0,one_red,fast,30,25,265,32.8,1.04,1.52,0.2,8.73,0.99,-0.16,78,42.3,1.13,1.67,0.39,2.42,,,,,
sterling_kite_engine,NIFTY 50,delta1,14,0.75,14,2.0,7,3.0,one_red,fast,48,25,265,36.6,0.99,-0.91,-0.07,16.11,0.92,-3.81,78,43.6,1.11,2.9,0.35,4.63,,,,,
sterling_kite_engine,NIFTY 50,options_atm,14,0.75,14,2.0,7,3.0,one_red,fast,48,25,265,32.8,1.03,0.93,0.12,8.73,0.99,-0.16,78,42.3,1.08,1.08,0.26,2.42,,,,,
sterling_kite_engine,NIFTY 50,delta1,14,0.75,14,2.0,7,3.0,one_red,mid,none,none,676,36.7,1.18,40.48,0.88,10.83,1.21,29.46,187,40.1,1.14,11.02,0.64,11.08,,,,,
sterling_kite_engine,NIFTY 50,options_atm,14,0.75,14,2.0,7,3.0,one_red,mid,none,none,676,32.1,1.18,21.14,0.77,7.76,1.24,17.88,187,36.4,1.08,3.26,0.35,6.16,,,,,
sterling_kite_engine,NIFTY 50,delta1,14,0.75,14,2.0,7,3.0,one_red,mid,18,none,679,37.3,1.09,19.67,0.49,14.26,1.07,10.38,187,40.1,1.12,9.29,0.56,11.55,,,,,
sterling_kite_engine,NIFTY 50,options_atm,14,0.75,14,2.0,7,3.0,one_red,mid,18,none,679,32.8,1.07,8.21,0.37,11.22,1.06,4.52,187,36.4,1.09,3.69,0.41,6.04,,,,,
sterling_kite_engine,NIFTY 50,delta1,14,0.75,14,2.0,7,3.0,one_red,mid,30,none,676,36.8,1.16,34.85,0.77,11.35,1.17,24.14,187,40.1,1.13,10.71,0.62,11.28,,,,,
sterling_kite_engine,NIFTY 50,options_atm,14,0.75,14,2.0,7,3.0,one_red,mid,30,none,676,32.2,1.16,18.38,0.68,7.95,1.19,14.42,187,36.4,1.1,3.97,0.41,6.2,,,,,
sterling_kite_engine,NIFTY 50,delta1,14,0.75,14,2.0,7,3.0,one_red,mid,48,none,676,36.7,1.19,43.12,0.92,10.75,1.22,30.52,187,40.1,1.16,12.6,0.71,10.93,,,,,
sterling_kite_engine,NIFTY 50,options_atm,14,0.75,14,2.0,7,3.0,one_red,mid,48,none,676,32.1,1.21,23.73,0.84,7.7,1.25,18.98,187,36.4,1.12,4.75,0.48,6.08,,,,,
sterling_kite_engine,NIFTY 50,delta1,14,0.75,14,2.0,7,3.0,one_red,mid,none,15,635,35.9,1.19,39.37,0.9,11.46,1.21,27.22,177,39.5,1.16,12.14,0.71,10.15,,,,,
sterling_kite_engine,NIFTY 50,options_atm,14,0.75,14,2.0,7,3.0,one_red,mid,none,15,635,31.2,1.2,21.6,0.82,8.05,1.25,17.4,177,35.6,1.11,4.2,0.45,5.58,,,,,
sterling_kite_engine,NIFTY 50,delta1,14,0.75,14,2.0,7,3.0,one_red,mid,18,15,636,36.3,1.08,16.78,0.44,15.91,1.05,6.37,177,39.5,1.13,10.41,0.63,10.57,,,,,
sterling_kite_engine,NIFTY 50,options_atm,14,0.75,14,2.0,7,3.0,one_red,mid,18,15,636,31.8,1.07,7.68,0.36,11.88,1.04,3.04,177,35.6,1.12,4.63,0.52,5.44,,,,,
sterling_kite_engine,NIFTY 50,delta1,14,0.75,14,2.0,7,3.0,one_red,mid,30,15,635,36.1,1.17,35.58,0.82,11.84,1.18,23.75,177,39.5,1.15,11.83,0.69,10.34,,,,,
sterling_kite_engine,NIFTY 50,options_atm,14,0.75,14,2.0,7,3.0,one_red,mid,30,15,635,31.3,1.18,20.13,0.78,8.16,1.22,15.22,177,35.6,1.13,4.91,0.51,5.62,,,,,
sterling_kite_engine,NIFTY 50,delta1,14,0.75,14,2.0,7,3.0,one_red,mid,48,15,635,35.9,1.2,41.63,0.93,11.4,1.21,27.91,177,39.5,1.18,13.72,0.77,10.02,,,,,
sterling_kite_engine,NIFTY 50,options_atm,14,0.75,14,2.0,7,3.0,one_red,mid,48,15,635,31.2,1.22,23.83,0.88,8.0,1.26,18.14,177,35.6,1.15,5.69,0.57,5.51,,,,,
sterling_kite_engine,NIFTY 50,delta1,14,0.75,14,2.0,7,3.0,one_red,mid,none,20,461,33.2,1.05,8.77,0.27,12.66,1.09,9.1,134,38.8,0.99,-0.33,-0.02,12.47,,,,,
sterling_kite_engine,NIFTY 50,options_atm,14,0.75,14,2.0,7,3.0,one_red,mid,none,20,461,29.3,1.07,6.06,0.31,8.66,1.15,8.03,134,34.3,0.94,-1.97,-0.25,7.74,,,,,
sterling_kite_engine,NIFTY 50,delta1,14,0.75,14,2.0,7,3.0,one_red,mid,18,20,461,33.4,0.95,-8.39,-0.3,21.26,0.93,-7.18,134,38.8,0.98,-1.21,-0.08,12.57,,,,,
sterling_kite_engine,NIFTY 50,options_atm,14,0.75,14,2.0,7,3.0,one_red,mid,18,20,461,29.5,0.95,-4.42,-0.28,12.97,0.94,-3.04,134,34.3,0.96,-1.38,-0.18,6.52,,,,,
sterling_kite_engine,NIFTY 50,delta1,14,0.75,14,2.0,7,3.0,one_red,mid,30,20,461,33.4,1.04,7.11,0.22,13.04,1.07,6.58,134,38.8,1.01,0.53,0.03,12.38,,,,,
sterling_kite_engine,NIFTY 50,options_atm,14,0.75,14,2.0,7,3.0,one_red,mid,30,20,461,29.5,1.07,5.77,0.3,8.35,1.12,6.45,134,34.3,0.98,-0.68,-0.08,6.48,,,,,
sterling_kite_engine,NIFTY 50,delta1,14,0.75,14,2.0,7,3.0,one_red,mid,48,20,461,33.2,1.07,10.68,0.33,12.6,1.1,9.68,134,38.8,1.02,1.0,0.07,12.33,,,,,
sterling_kite_engine,NIFTY 50,options_atm,14,0.75,14,2.0,7,3.0,one_red,mid,48,20,461,29.3,1.09,7.92,0.4,8.41,1.16,8.61,134,34.3,0.98,-0.7,-0.08,7.64,,,,,
sterling_kite_engine,NIFTY 50,delta1,14,0.75,14,2.0,7,3.0,one_red,mid,none,25,264,31.8,0.98,-1.52,-0.09,21.2,0.93,-3.89,77,41.6,1.07,2.37,0.21,10.23,,,,,
sterling_kite_engine,NIFTY 50,options_atm,14,0.75,14,2.0,7,3.0,one_red,mid,none,25,264,28.4,1.0,-0.23,-0.02,12.53,0.99,-0.29,77,37.7,1.0,0.06,0.01,5.8,,,,,
sterling_kite_engine,NIFTY 50,delta1,14,0.75,14,2.0,7,3.0,one_red,mid,18,25,264,32.2,0.9,-9.43,-0.62,23.93,0.81,-10.73,77,41.6,1.04,1.3,0.13,9.65,,,,,
sterling_kite_engine,NIFTY 50,options_atm,14,0.75,14,2.0,7,3.0,one_red,mid,18,25,264,28.8,0.9,-4.63,-0.55,13.5,0.85,-4.51,77,37.7,0.99,-0.12,-0.02,5.29,,,,,
sterling_kite_engine,NIFTY 50,delta1,14,0.75,14,2.0,7,3.0,one_red,mid,30,25,264,32.2,0.94,-5.41,-0.33,23.01,0.86,-8.15,77,41.6,1.08,2.74,0.24,10.23,,,,,
sterling_kite_engine,NIFTY 50,options_atm,14,0.75,14,2.0,7,3.0,one_red,mid,30,25,264,28.8,0.95,-2.58,-0.27,13.5,0.88,-3.48,77,37.7,1.05,0.89,0.13,5.8,,,,,
sterling_kite_engine,NIFTY 50,delta1,14,0.75,14,2.0,7,3.0,one_red,mid,48,25,264,31.8,1.0,0.4,0.02,20.62,0.94,-3.3,77,41.6,1.11,3.7,0.31,10.23,,,,,
sterling_kite_engine,NIFTY 50,options_atm,14,0.75,14,2.0,7,3.0,one_red,mid,48,25,264,28.4,1.03,1.63,0.15,11.98,1.01,0.29,77,37.7,1.08,1.34,0.19,5.8,,,,,
sterling_kite_engine,NIFTY 50,delta1,14,0.75,14,2.0,7,3.0,two_red,fast,none,none,684,40.5,1.07,13.21,0.39,9.14,1.11,12.44,189,42.3,1.01,0.77,0.06,10.18,,,,,
sterling_kite_engine,NIFTY 50,options_atm,14,0.75,14,2.0,7,3.0,two_red,fast,none,none,684,36.7,1.08,7.4,0.41,6.59,1.13,7.56,189,39.7,1.0,-0.16,-0.03,5.78,,,,,
sterling_kite_engine,NIFTY 50,delta1,14,0.75,14,2.0,7,3.0,two_red,fast,18,none,684,40.5,1.08,15.0,0.44,8.8,1.12,14.17,189,42.3,1.01,0.83,0.06,9.95,,,,,
sterling_kite_engine,NIFTY 50,options_atm,14,0.75,14,2.0,7,3.0,two_red,fast,18,none,684,36.7,1.1,9.52,0.51,5.9,1.16,9.13,189,39.7,1.01,0.39,0.06,5.41,,,,,
sterling_kite_engine,NIFTY 50,delta1,14,0.75,14,2.0,7,3.0,two_red,fast,30,none,684,40.5,1.08,14.03,0.42,8.93,1.11,12.44,189,42.3,1.02,1.59,0.12,9.68,,,,,
sterling_kite_engine,NIFTY 50,options_atm,14,0.75,14,2.0,7,3.0,two_red,fast,30,none,684,36.7,1.09,8.05,0.44,6.59,1.13,7.56,189,39.7,1.01,0.48,0.08,5.21,,,,,
sterling_kite_engine,NIFTY 50,delta1,14,0.75,14,2.0,7,3.0,two_red,fast,48,none,684,40.5,1.07,13.21,0.39,9.14,1.11,12.44,189,42.3,1.01,0.77,0.06,10.18,,,,,
sterling_kite_engine,NIFTY 50,options_atm,14,0.75,14,2.0,7,3.0,two_red,fast,48,none,684,36.7,1.08,7.4,0.41,6.59,1.13,7.56,189,39.7,1.0,-0.16,-0.03,5.78,,,,,
sterling_kite_engine,NIFTY 50,delta1,14,0.75,14,2.0,7,3.0,two_red,fast,none,15,641,39.8,1.06,10.48,0.33,9.98,1.09,9.72,179,41.9,1.01,0.76,0.06,10.86,,,,,
sterling_kite_engine,NIFTY 50,options_atm,14,0.75,14,2.0,7,3.0,two_red,fast,none,15,641,35.9,1.08,6.67,0.38,6.68,1.12,6.61,179,39.1,1.0,0.06,0.01,5.99,,,,,
sterling_kite_engine,NIFTY 50,delta1,14,0.75,14,2.0,7,3.0,two_red,fast,18,15,641,39.8,1.07,12.23,0.38,9.64,1.11,11.4,179,41.9,1.01,0.82,0.06,10.63,,,,,
sterling_kite_engine,NIFTY 50,options_atm,14,0.75,14,2.0,7,3.0,two_red,fast,18,15,641,35.9,1.1,8.73,0.49,5.99,1.15,8.12,179,39.1,1.02,0.61,0.1,5.62,,,,,
sterling_kite_engine,NIFTY 50,delta1,14,0.75,14,2.0,7,3.0,two_red,fast,30,15,641,39.8,1.07,11.3,0.35,9.51,1.09,9.72,179,41.9,1.02,1.57,0.12,10.16,,,,,
sterling_kite_engine,NIFTY 50,options_atm,14,0.75,14,2.0,7,3.0,two_red,fast,30,15,641,35.9,1.08,7.32,0.42,6.68,1.12,6.61,179,39.1,1.02,0.7,0.11,5.42,,,,,
sterling_kite_engine,NIFTY 50,delta1,14,0.75,14,2.0,7,3.0,two_red,fast,48,15,641,39.8,1.06,10.48,0.33,9.98,1.09,9.72,179,41.9,1.01,0.76,0.06,10.86,,,,,
sterling_kite_engine,NIFTY 50,options_atm,14,0.75,14,2.0,7,3.0,two_red,fast,48,15,641,35.9,1.08,6.67,0.38,6.68,1.12,6.61,179,39.1,1.0,0.06,0.01,5.99,,,,,
sterling_kite_engine,NIFTY 50,delta1,14,0.75,14,2.0,7,3.0,two_red,fast,none,20,464,37.5,0.98,-2.74,-0.11,14.67,1.03,2.65,136,40.4,0.89,-5.39,-0.49,13.1,,,,,
sterling_kite_engine,NIFTY 50,options_atm,14,0.75,14,2.0,7,3.0,two_red,fast,none,20,464,33.8,1.02,1.04,0.08,8.12,1.1,3.97,136,37.5,0.88,-2.93,-0.54,6.79,,,,,
sterling_kite_engine,NIFTY 50,delta1,14,0.75,14,2.0,7,3.0,two_red,fast,18,20,464,37.5,0.99,-0.67,-0.03,13.09,1.05,4.27,136,40.4,0.9,-4.94,-0.44,13.0,,,,,
sterling_kite_engine,NIFTY 50,options_atm,14,0.75,14,2.0,7,3.0,two_red,fast,18,20,464,33.8,1.04,2.94,0.22,6.66,1.13,5.34,136,37.5,0.9,-2.4,-0.43,6.56,,,,,
sterling_kite_engine,NIFTY 50,delta1,14,0.75,14,2.0,7,3.0,two_red,fast,30,20,464,37.5,0.98,-1.97,-0.08,13.98,1.03,2.65,136,40.4,0.91,-4.62,-0.41,12.39,,,,,
sterling_kite_engine,NIFTY 50,options_atm,14,0.75,14,2.0,7,3.0,two_red,fast,30,20,464,33.8,1.02,1.63,0.12,7.58,1.1,3.97,136,37.5,0.91,-2.33,-0.42,6.21,,,,,
sterling_kite_engine,NIFTY 50,delta1,14,0.75,14,2.0,7,3.0,two_red,fast,48,20,464,37.5,0.98,-2.74,-0.11,14.67,1.03,2.65,136,40.4,0.89,-5.39,-0.49,13.1,,,,,
sterling_kite_engine,NIFTY 50,options_atm,14,0.75,14,2.0,7,3.0,two_red,fast,48,20,464,33.8,1.02,1.04,0.08,8.12,1.1,3.97,136,37.5,0.88,-2.93,-0.54,6.79,,,,,
sterling_kite_engine,NIFTY 50,delta1,14,0.75,14,2.0,7,3.0,two_red,fast,none,25,265,36.6,0.99,-0.91,-0.07,16.11,0.92,-3.81,78,43.6,1.11,2.9,0.35,4.63,,,,,
sterling_kite_engine,NIFTY 50,options_atm,14,0.75,14,2.0,7,3.0,two_red,fast,none,25,265,32.8,1.03,0.93,0.12,8.73,0.99,-0.16,78,42.3,1.08,1.08,0.26,2.42,,,,,
sterling_kite_engine,NIFTY 50,delta1,14,0.75,14,2.0,7,3.0,two_red,fast,18,25,265,36.6,1.0,0.14,0.01,15.83,0.93,-3.21,78,43.6,1.13,3.35,0.4,4.63,,,,,
sterling_kite_engine,NIFTY 50,options_atm,14,0.75,14,2.0,7,3.0,two_red,fast,18,25,265,32.8,1.05,1.99,0.25,8.5,1.02,0.38,78,42.3,1.13,1.61,0.38,2.42,,,,,
sterling_kite_engine,NIFTY 50,delta1,14,0.75,14,2.0,7,3.0,two_red,fast,30,25,265,36.6,1.0,-0.14,-0.01,16.11,0.92,-3.81,78,43.6,1.14,3.67,0.44,4.63,,,,,
sterling_kite_engine,NIFTY 50,options_atm,14,0.75,14,2.0,7,3.0,two_red,fast,30,25,265,32.8,1.04,1.52,0.2,8.73,0.99,-0.16,78,42.3,1.13,1.67,0.39,2.42,,,,,
sterling_kite_engine,NIFTY 50,delta1,14,0.75,14,2.0,7,3.0,two_red,fast,48,25,265,36.6,0.99,-0.91,-0.07,16.11,0.92,-3.81,78,43.6,1.11,2.9,0.35,4.63,,,,,
sterling_kite_engine,NIFTY 50,options_atm,14,0.75,14,2.0,7,3.0,two_red,fast,48,25,265,32.8,1.03,0.93,0.12,8.73,0.99,-0.16,78,42.3,1.08,1.08,0.26,2.42,,,,,
sterling_kite_engine,NIFTY 50,delta1,14,0.75,14,2.0,7,3.0,two_red,mid,none,none,480,35.2,1.1,21.13,0.52,12.48,1.15,20.73,140,40.7,1.0,0.41,0.02,14.68,,,,,
sterling_kite_engine,NIFTY 50,options_atm,14,0.75,14,2.0,7,3.0,two_red,mid,none,none,480,30.6,1.06,6.49,0.28,10.27,1.15,11.5,140,36.4,0.88,-5.02,-0.56,11.06,,,,,
sterling_kite_engine,NIFTY 50,delta1,14,0.75,14,2.0,7,3.0,two_red,mid,18,none,566,40.1,0.96,-8.97,-0.23,17.84,0.99,-1.66,159,42.1,0.92,-7.31,-0.43,13.1,,,,,
sterling_kite_engine,NIFTY 50,options_atm,14,0.75,14,2.0,7,3.0,two_red,mid,18,none,566,35.7,0.95,-6.58,-0.32,14.37,0.99,-0.86,159,36.5,0.87,-5.72,-0.67,7.05,,,,,
sterling_kite_engine,NIFTY 50,delta1,14,0.75,14,2.0,7,3.0,two_red,mid,30,none,511,36.6,1.08,19.47,0.46,11.69,1.1,14.23,149,40.3,1.06,5.24,0.27,12.47,,,,,
sterling_kite_engine,NIFTY 50,options_atm,14,0.75,14,2.0,7,3.0,two_red,mid,30,none,511,32.1,1.09,11.06,0.44,7.5,1.12,9.41,149,35.6,1.04,1.65,0.15,7.38,,,,,
sterling_kite_engine,NIFTY 50,delta1,14,0.75,14,2.0,7,3.0,two_red,mid,48,none,494,35.4,1.07,16.26,0.39,13.41,1.13,17.93,143,39.9,0.98,-1.67,-0.09,15.48,,,,,
sterling_kite_engine,NIFTY 50,options_atm,14,0.75,14,2.0,7,3.0,two_red,mid,48,none,494,30.8,1.04,5.16,0.21,10.39,1.13,10.38,143,35.7,0.88,-5.22,-0.55,11.29,,,,,
sterling_kite_engine,NIFTY 50,delta1,14,0.75,14,2.0,7,3.0,two_red,mid,none,15,459,35.3,1.11,22.71,0.58,12.48,1.18,22.96,135,40.7,1.0,-0.25,-0.01,14.92,,,,,
sterling_kite_engine,NIFTY 50,options_atm,14,0.75,14,2.0,7,3.0,two_red,mid,none,15,459,30.9,1.07,7.76,0.34,9.86,1.18,12.88,135,36.3,0.88,-5.12,-0.57,11.05,,,,,
sterling_kite_engine,NIFTY 50,delta1,14,0.75,14,2.0,7,3.0,two_red,mid,18,15,535,40.2,0.96,-8.54,-0.23,18.91,0.99,-1.61,152,42.8,0.92,-6.92,-0.42,13.66,,,,,
sterling_kite_engine,NIFTY 50,options_atm,14,0.75,14,2.0,7,3.0,two_red,mid,18,15,535,35.5,0.95,-5.85,-0.29,14.65,0.99,-0.58,152,36.8,0.88,-5.26,-0.63,7.12,,,,,
sterling_kite_engine,NIFTY 50,delta1,14,0.75,14,2.0,7,3.0,two_red,mid,30,15,487,37.2,1.12,27.13,0.66,10.04,1.15,20.13,142,41.5,1.08,7.0,0.36,11.37,,,,,
sterling_kite_engine,NIFTY 50,options_atm,14,0.75,14,2.0,7,3.0,two_red,mid,30,15,487,32.6,1.14,15.86,0.65,6.68,1.18,13.19,142,35.9,1.06,2.67,0.25,6.74,,,,,
sterling_kite_engine,NIFTY 50,delta1,14,0.75,14,2.0,7,3.0,two_red,mid,48,15,472,35.6,1.08,17.74,0.45,13.75,1.15,20.61,138,39.9,0.97,-2.87,-0.16,16.19,,,,,
sterling_kite_engine,NIFTY 50,options_atm,14,0.75,14,2.0,7,3.0,two_red,mid,48,15,472,31.1,1.05,6.13,0.26,10.51,1.16,11.82,138,35.5,0.87,-5.69,-0.6,11.62,,,,,
sterling_kite_engine,NIFTY 50,delta1,14,0.75,14,2.0,7,3.0,two_red,mid,none,20,347,34.9,1.01,1.94,0.06,18.85,1.1,10.86,104,40.4,0.87,-8.92,-0.59,20.63,,,,,
sterling_kite_engine,NIFTY 50,options_atm,14,0.75,14,2.0,7,3.0,two_red,mid,none,20,347,29.4,1.0,0.1,0.01,12.57,1.16,8.88,104,32.7,0.74,-8.78,-1.16,13.47,,,,,
sterling_kite_engine,NIFTY 50,delta1,14,0.75,14,2.0,7,3.0,two_red,mid,18,20,398,39.2,0.87,-22.74,-0.83,29.3,0.94,-7.09,115,41.7,0.77,-15.65,-1.14,21.6,,,,,
sterling_kite_engine,NIFTY 50,options_atm,14,0.75,14,2.0,7,3.0,two_red,mid,18,20,398,34.7,0.87,-11.88,-0.81,18.31,0.96,-2.07,115,35.7,0.72,-9.81,-1.47,11.69,,,,,
sterling_kite_engine,NIFTY 50,delta1,14,0.75,14,2.0,7,3.0,two_red,mid,30,20,371,37.2,1.03,4.91,0.15,16.29,1.06,6.96,110,41.8,0.97,-2.05,-0.12,17.25,,,,,
sterling_kite_engine,NIFTY 50,options_atm,14,0.75,14,2.0,7,3.0,two_red,mid,30,20,371,31.5,1.07,6.06,0.32,9.51,1.13,7.81,110,33.6,0.95,-1.75,-0.19,10.18,,,,,
sterling_kite_engine,NIFTY 50,delta1,14,0.75,14,2.0,7,3.0,two_red,mid,48,20,356,35.1,1.0,0.67,0.02,19.42,1.1,11.24,106,39.6,0.84,-10.57,-0.68,21.34,,,,,
sterling_kite_engine,NIFTY 50,options_atm,14,0.75,14,2.0,7,3.0,two_red,mid,48,20,356,30.1,1.01,1.01,0.05,12.43,1.17,9.78,106,33.0,0.74,-8.77,-1.06,13.58,,,,,
sterling_kite_engine,NIFTY 50,delta1,14,0.75,14,2.0,7,3.0,two_red,mid,none,25,211,32.2,0.85,-16.17,-0.87,33.39,0.72,-19.6,59,40.7,1.1,3.44,0.28,9.82,,,,,
sterling_kite_engine,NIFTY 50,options_atm,14,0.75,14,2.0,7,3.0,two_red,mid,none,25,211,26.5,0.82,-9.76,-0.94,19.98,0.74,-9.36,59,35.6,0.98,-0.4,-0.06,5.55,,,,,
sterling_kite_engine,NIFTY 50,delta1,14,0.75,14,2.0,7,3.0,two_red,mid,18,25,234,36.3,0.77,-25.92,-1.57,29.8,0.71,-20.98,66,39.4,0.88,-4.93,-0.46,9.15,,,,,
sterling_kite_engine,NIFTY 50,options_atm,14,0.75,14,2.0,7,3.0,two_red,mid,18,25,234,32.5,0.78,-12.59,-1.41,15.92,0.75,-9.09,66,37.9,0.83,-3.5,-0.64,4.93,,,,,
sterling_kite_engine,NIFTY 50,delta1,14,0.75,14,2.0,7,3.0,two_red,mid,30,25,221,33.9,0.89,-12.28,-0.64,30.18,0.72,-20.35,63,42.9,1.22,8.07,0.57,7.29,,,,,
sterling_kite_engine,NIFTY 50,options_atm,14,0.75,14,2.0,7,3.0,two_red,mid,30,25,221,28.5,0.91,-4.85,-0.43,17.54,0.75,-9.27,63,38.1,1.24,4.42,0.53,4.43,,,,,
sterling_kite_engine,NIFTY 50,delta1,14,0.75,14,2.0,7,3.0,two_red,mid,48,25,217,32.3,0.86,-15.57,-0.81,30.37,0.76,-17.11,61,39.3,1.04,1.54,0.12,9.82,,,,,
sterling_kite_engine,NIFTY 50,options_atm,14,0.75,14,2.0,7,3.0,two_red,mid,48,25,217,27.2,0.87,-7.58,-0.68,17.59,0.81,-7.0,61,36.1,0.97,-0.58,-0.08,5.64,,,,,
sterling_kite_engine,NIFTY 50,delta1,14,0.75,14,2.0,7,3.0,three_red,fast,none,none,684,40.5,1.07,13.21,0.39,9.14,1.11,12.44,189,42.3,1.01,0.77,0.06,10.18,,,,,
sterling_kite_engine,NIFTY 50,options_atm,14,0.75,14,2.0,7,3.0,three_red,fast,none,none,684,36.7,1.08,7.4,0.41,6.59,1.13,7.56,189,39.7,1.0,-0.16,-0.03,5.78,,,,,
sterling_kite_engine,NIFTY 50,delta1,14,0.75,14,2.0,7,3.0,three_red,fast,18,none,684,40.5,1.08,15.0,0.44,8.8,1.12,14.17,189,42.3,1.01,0.83,0.06,9.95,,,,,
sterling_kite_engine,NIFTY 50,options_atm,14,0.75,14,2.0,7,3.0,three_red,fast,18,none,684,36.7,1.1,9.52,0.51,5.9,1.16,9.13,189,39.7,1.01,0.39,0.06,5.41,,,,,
sterling_kite_engine,NIFTY 50,delta1,14,0.75,14,2.0,7,3.0,three_red,fast,30,none,684,40.5,1.08,14.03,0.42,8.93,1.11,12.44,189,42.3,1.02,1.59,0.12,9.68,,,,,
sterling_kite_engine,NIFTY 50,options_atm,14,0.75,14,2.0,7,3.0,three_red,fast,30,none,684,36.7,1.09,8.05,0.44,6.59,1.13,7.56,189,39.7,1.01,0.48,0.08,5.21,,,,,
sterling_kite_engine,NIFTY 50,delta1,14,0.75,14,2.0,7,3.0,three_red,fast,48,none,684,40.5,1.07,13.21,0.39,9.14,1.11,12.44,189,42.3,1.01,0.77,0.06,10.18,,,,,
sterling_kite_engine,NIFTY 50,options_atm,14,0.75,14,2.0,7,3.0,three_red,fast,48,none,684,36.7,1.08,7.4,0.41,6.59,1.13,7.56,189,39.7,1.0,-0.16,-0.03,5.78,,,,,
sterling_kite_engine,NIFTY 50,delta1,14,0.75,14,2.0,7,3.0,three_red,fast,none,15,641,39.8,1.06,10.48,0.33,9.98,1.09,9.72,179,41.9,1.01,0.76,0.06,10.86,,,,,
sterling_kite_engine,NIFTY 50,options_atm,14,0.75,14,2.0,7,3.0,three_red,fast,none,15,641,35.9,1.08,6.67,0.38,6.68,1.12,6.61,179,39.1,1.0,0.06,0.01,5.99,,,,,
sterling_kite_engine,NIFTY 50,delta1,14,0.75,14,2.0,7,3.0,three_red,fast,18,15,641,39.8,1.07,12.23,0.38,9.64,1.11,11.4,179,41.9,1.01,0.82,0.06,10.63,,,,,
sterling_kite_engine,NIFTY 50,options_atm,14,0.75,14,2.0,7,3.0,three_red,fast,18,15,641,35.9,1.1,8.73,0.49,5.99,1.15,8.12,179,39.1,1.02,0.61,0.1,5.62,,,,,
sterling_kite_engine,NIFTY 50,delta1,14,0.75,14,2.0,7,3.0,three_red,fast,30,15,641,39.8,1.07,11.3,0.35,9.51,1.09,9.72,179,41.9,1.02,1.57,0.12,10.16,,,,,
sterling_kite_engine,NIFTY 50,options_atm,14,0.75,14,2.0,7,3.0,three_red,fast,30,15,641,35.9,1.08,7.32,0.42,6.68,1.12,6.61,179,39.1,1.02,0.7,0.11,5.42,,,,,
sterling_kite_engine,NIFTY 50,delta1,14,0.75,14,2.0,7,3.0,three_red,fast,48,15,641,39.8,1.06,10.48,0.33,9.98,1.09,9.72,179,41.9,1.01,0.76,0.06,10.86,,,,,
sterling_kite_engine,NIFTY 50,options_atm,14,0.75,14,2.0,7,3.0,three_red,fast,48,15,641,35.9,1.08,6.67,0.38,6.68,1.12,6.61,179,39.1,1.0,0.06,0.01,5.99,,,,,
sterling_kite_engine,NIFTY 50,delta1,14,0.75,14,2.0,7,3.0,three_red,fast,none,20,464,37.5,0.98,-2.74,-0.11,14.67,1.03,2.65,136,40.4,0.89,-5.39,-0.49,13.1,,,,,
sterling_kite_engine,NIFTY 50,options_atm,14,0.75,14,2.0,7,3.0,three_red,fast,none,20,464,33.8,1.02,1.04,0.08,8.12,1.1,3.97,136,37.5,0.88,-2.93,-0.54,6.79,,,,,
sterling_kite_engine,NIFTY 50,delta1,14,0.75,14,2.0,7,3.0,three_red,fast,18,20,464,37.5,0.99,-0.67,-0.03,13.09,1.05,4.27,136,40.4,0.9,-4.94,-0.44,13.0,,,,,
sterling_kite_engine,NIFTY 50,options_atm,14,0.75,14,2.0,7,3.0,three_red,fast,18,20,464,33.8,1.04,2.94,0.22,6.66,1.13,5.34,136,37.5,0.9,-2.4,-0.43,6.56,,,,,
sterling_kite_engine,NIFTY 50,delta1,14,0.75,14,2.0,7,3.0,three_red,fast,30,20,464,37.5,0.98,-1.97,-0.08,13.98,1.03,2.65,136,40.4,0.91,-4.62,-0.41,12.39,,,,,
sterling_kite_engine,NIFTY 50,options_atm,14,0.75,14,2.0,7,3.0,three_red,fast,30,20,464,33.8,1.02,1.63,0.12,7.58,1.1,3.97,136,37.5,0.91,-2.33,-0.42,6.21,,,,,
sterling_kite_engine,NIFTY 50,delta1,14,0.75,14,2.0,7,3.0,three_red,fast,48,20,464,37.5,0.98,-2.74,-0.11,14.67,1.03,2.65,136,40.4,0.89,-5.39,-0.49,13.1,,,,,
sterling_kite_engine,NIFTY 50,options_atm,14,0.75,14,2.0,7,3.0,three_red,fast,48,20,464,33.8,1.02,1.04,0.08,8.12,1.1,3.97,136,37.5,0.88,-2.93,-0.54,6.79,,,,,
sterling_kite_engine,NIFTY 50,delta1,14,0.75,14,2.0,7,3.0,three_red,fast,none,25,265,36.6,0.99,-0.91,-0.07,16.11,0.92,-3.81,78,43.6,1.11,2.9,0.35,4.63,,,,,
sterling_kite_engine,NIFTY 50,options_atm,14,0.75,14,2.0,7,3.0,three_red,fast,none,25,265,32.8,1.03,0.93,0.12,8.73,0.99,-0.16,78,42.3,1.08,1.08,0.26,2.42,,,,,
sterling_kite_engine,NIFTY 50,delta1,14,0.75,14,2.0,7,3.0,three_red,fast,18,25,265,36.6,1.0,0.14,0.01,15.83,0.93,-3.21,78,43.6,1.13,3.35,0.4,4.63,,,,,
sterling_kite_engine,NIFTY 50,options_atm,14,0.75,14,2.0,7,3.0,three_red,fast,18,25,265,32.8,1.05,1.99,0.25,8.5,1.02,0.38,78,42.3,1.13,1.61,0.38,2.42,,,,,
sterling_kite_engine,NIFTY 50,delta1,14,0.75,14,2.0,7,3.0,three_red,fast,30,25,265,36.6,1.0,-0.14,-0.01,16.11,0.92,-3.81,78,43.6,1.14,3.67,0.44,4.63,,,,,
sterling_kite_engine,NIFTY 50,options_atm,14,0.75,14,2.0,7,3.0,three_red,fast,30,25,265,32.8,1.04,1.52,0.2,8.73,0.99,-0.16,78,42.3,1.13,1.67,0.39,2.42,,,,,
sterling_kite_engine,NIFTY 50,delta1,14,0.75,14,2.0,7,3.0,three_red,fast,48,25,265,36.6,0.99,-0.91,-0.07,16.11,0.92,-3.81,78,43.6,1.11,2.9,0.35,4.63,,,,,
sterling_kite_engine,NIFTY 50,options_atm,14,0.75,14,2.0,7,3.0,three_red,fast,48,25,265,32.8,1.03,0.93,0.12,8.73,0.99,-0.16,78,42.3,1.08,1.08,0.26,2.42,,,,,
sterling_kite_engine,NIFTY 50,delta1,14,0.75,14,2.0,7,3.0,three_red,mid,none,none,480,35.2,1.1,21.13,0.52,12.48,1.15,20.73,140,40.7,1.0,0.41,0.02,14.68,,,,,
sterling_kite_engine,NIFTY 50,options_atm,14,0.75,14,2.0,7,3.0,three_red,mid,none,none,480,30.6,1.06,6.49,0.28,10.27,1.15,11.5,140,36.4,0.88,-5.02,-0.56,11.06,,,,,
sterling_kite_engine,NIFTY 50,delta1,14,0.75,14,2.0,7,3.0,three_red,mid,18,none,566,40.1,0.96,-8.97,-0.23,17.84,0.99,-1.66,159,42.1,0.92,-7.31,-0.43,13.1,,,,,
sterling_kite_engine,NIFTY 50,options_atm,14,0.75,14,2.0,7,3.0,three_red,mid,18,none,566,35.7,0.95,-6.58,-0.32,14.37,0.99,-0.86,159,36.5,0.87,-5.72,-0.67,7.05,,,,,
sterling_kite_engine,NIFTY 50,delta1,14,0.75,14,2.0,7,3.0,three_red,mid,30,none,511,36.6,1.08,19.47,0.46,11.69,1.1,14.23,149,40.3,1.06,5.24,0.27,12.47,,,,,
sterling_kite_engine,NIFTY 50,options_atm,14,0.75,14,2.0,7,3.0,three_red,mid,30,none,511,32.1,1.09,11.06,0.44,7.5,1.12,9.41,149,35.6,1.04,1.65,0.15,7.38,,,,,
sterling_kite_engine,NIFTY 50,delta1,14,0.75,14,2.0,7,3.0,three_red,mid,48,none,494,35.4,1.07,16.26,0.39,13.41,1.13,17.93,143,39.9,0.98,-1.67,-0.09,15.48,,,,,
sterling_kite_engine,NIFTY 50,options_atm,14,0.75,14,2.0,7,3.0,three_red,mid,48,none,494,30.8,1.04,5.16,0.21,10.39,1.13,10.38,143,35.7,0.88,-5.22,-0.55,11.29,,,,,
sterling_kite_engine,NIFTY 50,delta1,14,0.75,14,2.0,7,3.0,three_red,mid,none,15,459,35.3,1.11,22.71,0.58,12.48,1.18,22.96,135,40.7,1.0,-0.25,-0.01,14.92,,,,,
sterling_kite_engine,NIFTY 50,options_atm,14,0.75,14,2.0,7,3.0,three_red,mid,none,15,459,30.9,1.07,7.76,0.34,9.86,1.18,12.88,135,36.3,0.88,-5.12,-0.57,11.05,,,,,
sterling_kite_engine,NIFTY 50,delta1,14,0.75,14,2.0,7,3.0,three_red,mid,18,15,535,40.2,0.96,-8.54,-0.23,18.91,0.99,-1.61,152,42.8,0.92,-6.92,-0.42,13.66,,,,,
sterling_kite_engine,NIFTY 50,options_atm,14,0.75,14,2.0,7,3.0,three_red,mid,18,15,535,35.5,0.95,-5.85,-0.29,14.65,0.99,-0.58,152,36.8,0.88,-5.26,-0.63,7.12,,,,,
sterling_kite_engine,NIFTY 50,delta1,14,0.75,14,2.0,7,3.0,three_red,mid,30,15,487,37.2,1.12,27.13,0.66,10.04,1.15,20.13,142,41.5,1.08,7.0,0.36,11.37,,,,,
sterling_kite_engine,NIFTY 50,options_atm,14,0.75,14,2.0,7,3.0,three_red,mid,30,15,487,32.6,1.14,15.86,0.65,6.68,1.18,13.19,142,35.9,1.06,2.67,0.25,6.74,,,,,
sterling_kite_engine,NIFTY 50,delta1,14,0.75,14,2.0,7,3.0,three_red,mid,48,15,472,35.6,1.08,17.74,0.45,13.75,1.15,20.61,138,39.9,0.97,-2.87,-0.16,16.19,,,,,
sterling_kite_engine,NIFTY 50,options_atm,14,0.75,14,2.0,7,3.0,three_red,mid,48,15,472,31.1,1.05,6.13,0.26,10.51,1.16,11.82,138,35.5,0.87,-5.69,-0.6,11.62,,,,,
sterling_kite_engine,NIFTY 50,delta1,14,0.75,14,2.0,7,3.0,three_red,mid,none,20,347,34.9,1.01,1.94,0.06,18.85,1.1,10.86,104,40.4,0.87,-8.92,-0.59,20.63,,,,,
sterling_kite_engine,NIFTY 50,options_atm,14,0.75,14,2.0,7,3.0,three_red,mid,none,20,347,29.4,1.0,0.1,0.01,12.57,1.16,8.88,104,32.7,0.74,-8.78,-1.16,13.47,,,,,
sterling_kite_engine,NIFTY 50,delta1,14,0.75,14,2.0,7,3.0,three_red,mid,18,20,398,39.2,0.87,-22.74,-0.83,29.3,0.94,-7.09,115,41.7,0.77,-15.65,-1.14,21.6,,,,,
sterling_kite_engine,NIFTY 50,options_atm,14,0.75,14,2.0,7,3.0,three_red,mid,18,20,398,34.7,0.87,-11.88,-0.81,18.31,0.96,-2.07,115,35.7,0.72,-9.81,-1.47,11.69,,,,,
sterling_kite_engine,NIFTY 50,delta1,14,0.75,14,2.0,7,3.0,three_red,mid,30,20,371,37.2,1.03,4.91,0.15,16.29,1.06,6.96,110,41.8,0.97,-2.05,-0.12,17.25,,,,,
sterling_kite_engine,NIFTY 50,options_atm,14,0.75,14,2.0,7,3.0,three_red,mid,30,20,371,31.5,1.07,6.06,0.32,9.51,1.13,7.81,110,33.6,0.95,-1.75,-0.19,10.18,,,,,
sterling_kite_engine,NIFTY 50,delta1,14,0.75,14,2.0,7,3.0,three_red,mid,48,20,356,35.1,1.0,0.67,0.02,19.42,1.1,11.24,106,39.6,0.84,-10.57,-0.68,21.34,,,,,
sterling_kite_engine,NIFTY 50,options_atm,14,0.75,14,2.0,7,3.0,three_red,mid,48,20,356,30.1,1.01,1.01,0.05,12.43,1.17,9.78,106,33.0,0.74,-8.77,-1.06,13.58,,,,,
sterling_kite_engine,NIFTY 50,delta1,14,0.75,14,2.0,7,3.0,three_red,mid,none,25,211,32.2,0.85,-16.17,-0.87,33.39,0.72,-19.6,59,40.7,1.1,3.44,0.28,9.82,,,,,
sterling_kite_engine,NIFTY 50,options_atm,14,0.75,14,2.0,7,3.0,three_red,mid,none,25,211,26.5,0.82,-9.76,-0.94,19.98,0.74,-9.36,59,35.6,0.98,-0.4,-0.06,5.55,,,,,
sterling_kite_engine,NIFTY 50,delta1,14,0.75,14,2.0,7,3.0,three_red,mid,18,25,234,36.3,0.77,-25.92,-1.57,29.8,0.71,-20.98,66,39.4,0.88,-4.93,-0.46,9.15,,,,,
sterling_kite_engine,NIFTY 50,options_atm,14,0.75,14,2.0,7,3.0,three_red,mid,18,25,234,32.5,0.78,-12.59,-1.41,15.92,0.75,-9.09,66,37.9,0.83,-3.5,-0.64,4.93,,,,,
sterling_kite_engine,NIFTY 50,delta1,14,0.75,14,2.0,7,3.0,three_red,mid,30,25,221,33.9,0.89,-12.28,-0.64,30.18,0.72,-20.35,63,42.9,1.22,8.07,0.57,7.29,,,,,
sterling_kite_engine,NIFTY 50,options_atm,14,0.75,14,2.0,7,3.0,three_red,mid,30,25,221,28.5,0.91,-4.85,-0.43,17.54,0.75,-9.27,63,38.1,1.24,4.42,0.53,4.43,,,,,
sterling_kite_engine,NIFTY 50,delta1,14,0.75,14,2.0,7,3.0,three_red,mid,48,25,217,32.3,0.86,-15.57,-0.81,30.37,0.76,-17.11,61,39.3,1.04,1.54,0.12,9.82,,,,,
sterling_kite_engine,NIFTY 50,options_atm,14,0.75,14,2.0,7,3.0,three_red,mid,48,25,217,27.2,0.87,-7.58,-0.68,17.59,0.81,-7.0,61,36.1,0.97,-0.58,-0.08,5.64,,,,,
sterling_kite_engine,NIFTY 50,delta1,14,0.75,14,2.0,7,3.0,three_red_signal,fast,none,none,684,40.5,1.07,13.21,0.39,9.14,1.11,12.44,189,42.3,1.01,0.77,0.06,10.18,,,,,
sterling_kite_engine,NIFTY 50,options_atm,14,0.75,14,2.0,7,3.0,three_red_signal,fast,none,none,684,36.7,1.08,7.4,0.41,6.59,1.13,7.56,189,39.7,1.0,-0.16,-0.03,5.78,,,,,
sterling_kite_engine,NIFTY 50,delta1,14,0.75,14,2.0,7,3.0,three_red_signal,fast,18,none,684,40.5,1.08,15.0,0.44,8.8,1.12,14.17,189,42.3,1.01,0.83,0.06,9.95,,,,,
sterling_kite_engine,NIFTY 50,options_atm,14,0.75,14,2.0,7,3.0,three_red_signal,fast,18,none,684,36.7,1.1,9.52,0.51,5.9,1.16,9.13,189,39.7,1.01,0.39,0.06,5.41,,,,,
sterling_kite_engine,NIFTY 50,delta1,14,0.75,14,2.0,7,3.0,three_red_signal,fast,30,none,684,40.5,1.08,14.03,0.42,8.93,1.11,12.44,189,42.3,1.02,1.59,0.12,9.68,,,,,
sterling_kite_engine,NIFTY 50,options_atm,14,0.75,14,2.0,7,3.0,three_red_signal,fast,30,none,684,36.7,1.09,8.05,0.44,6.59,1.13,7.56,189,39.7,1.01,0.48,0.08,5.21,,,,,
sterling_kite_engine,NIFTY 50,delta1,14,0.75,14,2.0,7,3.0,three_red_signal,fast,48,none,684,40.5,1.07,13.21,0.39,9.14,1.11,12.44,189,42.3,1.01,0.77,0.06,10.18,,,,,
sterling_kite_engine,NIFTY 50,options_atm,14,0.75,14,2.0,7,3.0,three_red_signal,fast,48,none,684,36.7,1.08,7.4,0.41,6.59,1.13,7.56,189,39.7,1.0,-0.16,-0.03,5.78,,,,,
sterling_kite_engine,NIFTY 50,delta1,14,0.75,14,2.0,7,3.0,three_red_signal,fast,none,15,641,39.8,1.06,10.48,0.33,9.98,1.09,9.72,179,41.9,1.01,0.76,0.06,10.86,,,,,
sterling_kite_engine,NIFTY 50,options_atm,14,0.75,14,2.0,7,3.0,three_red_signal,fast,none,15,641,35.9,1.08,6.67,0.38,6.68,1.12,6.61,179,39.1,1.0,0.06,0.01,5.99,,,,,
sterling_kite_engine,NIFTY 50,delta1,14,0.75,14,2.0,7,3.0,three_red_signal,fast,18,15,641,39.8,1.07,12.23,0.38,9.64,1.11,11.4,179,41.9,1.01,0.82,0.06,10.63,,,,,
sterling_kite_engine,NIFTY 50,options_atm,14,0.75,14,2.0,7,3.0,three_red_signal,fast,18,15,641,35.9,1.1,8.73,0.49,5.99,1.15,8.12,179,39.1,1.02,0.61,0.1,5.62,,,,,
sterling_kite_engine,NIFTY 50,delta1,14,0.75,14,2.0,7,3.0,three_red_signal,fast,30,15,641,39.8,1.07,11.3,0.35,9.51,1.09,9.72,179,41.9,1.02,1.57,0.12,10.16,,,,,
sterling_kite_engine,NIFTY 50,options_atm,14,0.75,14,2.0,7,3.0,three_red_signal,fast,30,15,641,35.9,1.08,7.32,0.42,6.68,1.12,6.61,179,39.1,1.02,0.7,0.11,5.42,,,,,
sterling_kite_engine,NIFTY 50,delta1,14,0.75,14,2.0,7,3.0,three_red_signal,fast,48,15,641,39.8,1.06,10.48,0.33,9.98,1.09,9.72,179,41.9,1.01,0.76,0.06,10.86,,,,,
sterling_kite_engine,NIFTY 50,options_atm,14,0.75,14,2.0,7,3.0,three_red_signal,fast,48,15,641,35.9,1.08,6.67,0.38,6.68,1.12,6.61,179,39.1,1.0,0.06,0.01,5.99,,,,,
sterling_kite_engine,NIFTY 50,delta1,14,0.75,14,2.0,7,3.0,three_red_signal,fast,none,20,464,37.5,0.98,-2.74,-0.11,14.67,1.03,2.65,136,40.4,0.89,-5.39,-0.49,13.1,,,,,
sterling_kite_engine,NIFTY 50,options_atm,14,0.75,14,2.0,7,3.0,three_red_signal,fast,none,20,464,33.8,1.02,1.04,0.08,8.12,1.1,3.97,136,37.5,0.88,-2.93,-0.54,6.79,,,,,
sterling_kite_engine,NIFTY 50,delta1,14,0.75,14,2.0,7,3.0,three_red_signal,fast,18,20,464,37.5,0.99,-0.67,-0.03,13.09,1.05,4.27,136,40.4,0.9,-4.94,-0.44,13.0,,,,,
sterling_kite_engine,NIFTY 50,options_atm,14,0.75,14,2.0,7,3.0,three_red_signal,fast,18,20,464,33.8,1.04,2.94,0.22,6.66,1.13,5.34,136,37.5,0.9,-2.4,-0.43,6.56,,,,,
sterling_kite_engine,NIFTY 50,delta1,14,0.75,14,2.0,7,3.0,three_red_signal,fast,30,20,464,37.5,0.98,-1.97,-0.08,13.98,1.03,2.65,136,40.4,0.91,-4.62,-0.41,12.39,,,,,
sterling_kite_engine,NIFTY 50,options_atm,14,0.75,14,2.0,7,3.0,three_red_signal,fast,30,20,464,33.8,1.02,1.63,0.12,7.58,1.1,3.97,136,37.5,0.91,-2.33,-0.42,6.21,,,,,
sterling_kite_engine,NIFTY 50,delta1,14,0.75,14,2.0,7,3.0,three_red_signal,fast,48,20,464,37.5,0.98,-2.74,-0.11,14.67,1.03,2.65,136,40.4,0.89,-5.39,-0.49,13.1,,,,,
sterling_kite_engine,NIFTY 50,options_atm,14,0.75,14,2.0,7,3.0,three_red_signal,fast,48,20,464,33.8,1.02,1.04,0.08,8.12,1.1,3.97,136,37.5,0.88,-2.93,-0.54,6.79,,,,,
sterling_kite_engine,NIFTY 50,delta1,14,0.75,14,2.0,7,3.0,three_red_signal,fast,none,25,265,36.6,0.99,-0.91,-0.07,16.11,0.92,-3.81,78,43.6,1.11,2.9,0.35,4.63,,,,,
sterling_kite_engine,NIFTY 50,options_atm,14,0.75,14,2.0,7,3.0,three_red_signal,fast,none,25,265,32.8,1.03,0.93,0.12,8.73,0.99,-0.16,78,42.3,1.08,1.08,0.26,2.42,,,,,
sterling_kite_engine,NIFTY 50,delta1,14,0.75,14,2.0,7,3.0,three_red_signal,fast,18,25,265,36.6,1.0,0.14,0.01,15.83,0.93,-3.21,78,43.6,1.13,3.35,0.4,4.63,,,,,
sterling_kite_engine,NIFTY 50,options_atm,14,0.75,14,2.0,7,3.0,three_red_signal,fast,18,25,265,32.8,1.05,1.99,0.25,8.5,1.02,0.38,78,42.3,1.13,1.61,0.38,2.42,,,,,
sterling_kite_engine,NIFTY 50,delta1,14,0.75,14,2.0,7,3.0,three_red_signal,fast,30,25,265,36.6,1.0,-0.14,-0.01,16.11,0.92,-3.81,78,43.6,1.14,3.67,0.44,4.63,,,,,
sterling_kite_engine,NIFTY 50,options_atm,14,0.75,14,2.0,7,3.0,three_red_signal,fast,30,25,265,32.8,1.04,1.52,0.2,8.73,0.99,-0.16,78,42.3,1.13,1.67,0.39,2.42,,,,,
sterling_kite_engine,NIFTY 50,delta1,14,0.75,14,2.0,7,3.0,three_red_signal,fast,48,25,265,36.6,0.99,-0.91,-0.07,16.11,0.92,-3.81,78,43.6,1.11,2.9,0.35,4.63,,,,,
sterling_kite_engine,NIFTY 50,options_atm,14,0.75,14,2.0,7,3.0,three_red_signal,fast,48,25,265,32.8,1.03,0.93,0.12,8.73,0.99,-0.16,78,42.3,1.08,1.08,0.26,2.42,,,,,
sterling_kite_engine,NIFTY 50,delta1,14,0.75,14,2.0,7,3.0,three_red_signal,mid,none,none,480,35.2,1.1,21.13,0.52,12.48,1.15,20.73,140,40.7,1.0,0.41,0.02,14.68,,,,,
sterling_kite_engine,NIFTY 50,options_atm,14,0.75,14,2.0,7,3.0,three_red_signal,mid,none,none,480,30.6,1.06,6.49,0.28,10.27,1.15,11.5,140,36.4,0.88,-5.02,-0.56,11.06,,,,,
sterling_kite_engine,NIFTY 50,delta1,14,0.75,14,2.0,7,3.0,three_red_signal,mid,18,none,566,40.1,0.96,-8.97,-0.23,17.84,0.99,-1.66,159,42.1,0.92,-7.31,-0.43,13.1,,,,,
sterling_kite_engine,NIFTY 50,options_atm,14,0.75,14,2.0,7,3.0,three_red_signal,mid,18,none,566,35.7,0.95,-6.58,-0.32,14.37,0.99,-0.86,159,36.5,0.87,-5.72,-0.67,7.05,,,,,
sterling_kite_engine,NIFTY 50,delta1,14,0.75,14,2.0,7,3.0,three_red_signal,mid,30,none,511,36.6,1.08,19.47,0.46,11.69,1.1,14.23,149,40.3,1.06,5.24,0.27,12.47,,,,,
sterling_kite_engine,NIFTY 50,options_atm,14,0.75,14,2.0,7,3.0,three_red_signal,mid,30,none,511,32.1,1.09,11.06,0.44,7.5,1.12,9.41,149,35.6,1.04,1.65,0.15,7.38,,,,,
sterling_kite_engine,NIFTY 50,delta1,14,0.75,14,2.0,7,3.0,three_red_signal,mid,48,none,494,35.4,1.07,16.26,0.39,13.41,1.13,17.93,143,39.9,0.98,-1.67,-0.09,15.48,,,,,
sterling_kite_engine,NIFTY 50,options_atm,14,0.75,14,2.0,7,3.0,three_red_signal,mid,48,none,494,30.8,1.04,5.16,0.21,10.39,1.13,10.38,143,35.7,0.88,-5.22,-0.55,11.29,,,,,
sterling_kite_engine,NIFTY 50,delta1,14,0.75,14,2.0,7,3.0,three_red_signal,mid,none,15,459,35.3,1.11,22.71,0.58,12.48,1.18,22.96,135,40.7,1.0,-0.25,-0.01,14.92,,,,,
sterling_kite_engine,NIFTY 50,options_atm,14,0.75,14,2.0,7,3.0,three_red_signal,mid,none,15,459,30.9,1.07,7.76,0.34,9.86,1.18,12.88,135,36.3,0.88,-5.12,-0.57,11.05,,,,,
sterling_kite_engine,NIFTY 50,delta1,14,0.75,14,2.0,7,3.0,three_red_signal,mid,18,15,535,40.2,0.96,-8.54,-0.23,18.91,0.99,-1.61,152,42.8,0.92,-6.92,-0.42,13.66,,,,,
sterling_kite_engine,NIFTY 50,options_atm,14,0.75,14,2.0,7,3.0,three_red_signal,mid,18,15,535,35.5,0.95,-5.85,-0.29,14.65,0.99,-0.58,152,36.8,0.88,-5.26,-0.63,7.12,,,,,
sterling_kite_engine,NIFTY 50,delta1,14,0.75,14,2.0,7,3.0,three_red_signal,mid,30,15,487,37.2,1.12,27.13,0.66,10.04,1.15,20.13,142,41.5,1.08,7.0,0.36,11.37,,,,,
sterling_kite_engine,NIFTY 50,options_atm,14,0.75,14,2.0,7,3.0,three_red_signal,mid,30,15,487,32.6,1.14,15.86,0.65,6.68,1.18,13.19,142,35.9,1.06,2.67,0.25,6.74,,,,,
sterling_kite_engine,NIFTY 50,delta1,14,0.75,14,2.0,7,3.0,three_red_signal,mid,48,15,472,35.6,1.08,17.74,0.45,13.75,1.15,20.61,138,39.9,0.97,-2.87,-0.16,16.19,,,,,
sterling_kite_engine,NIFTY 50,options_atm,14,0.75,14,2.0,7,3.0,three_red_signal,mid,48,15,472,31.1,1.05,6.13,0.26,10.51,1.16,11.82,138,35.5,0.87,-5.69,-0.6,11.62,,,,,
sterling_kite_engine,NIFTY 50,delta1,14,0.75,14,2.0,7,3.0,three_red_signal,mid,none,20,347,34.9,1.01,1.94,0.06,18.85,1.1,10.86,104,40.4,0.87,-8.92,-0.59,20.63,,,,,
sterling_kite_engine,NIFTY 50,options_atm,14,0.75,14,2.0,7,3.0,three_red_signal,mid,none,20,347,29.4,1.0,0.1,0.01,12.57,1.16,8.88,104,32.7,0.74,-8.78,-1.16,13.47,,,,,
sterling_kite_engine,NIFTY 50,delta1,14,0.75,14,2.0,7,3.0,three_red_signal,mid,18,20,398,39.2,0.87,-22.74,-0.83,29.3,0.94,-7.09,115,41.7,0.77,-15.65,-1.14,21.6,,,,,
sterling_kite_engine,NIFTY 50,options_atm,14,0.75,14,2.0,7,3.0,three_red_signal,mid,18,20,398,34.7,0.87,-11.88,-0.81,18.31,0.96,-2.07,115,35.7,0.72,-9.81,-1.47,11.69,,,,,
sterling_kite_engine,NIFTY 50,delta1,14,0.75,14,2.0,7,3.0,three_red_signal,mid,30,20,371,37.2,1.03,4.91,0.15,16.29,1.06,6.96,110,41.8,0.97,-2.05,-0.12,17.25,,,,,
sterling_kite_engine,NIFTY 50,options_atm,14,0.75,14,2.0,7,3.0,three_red_signal,mid,30,20,371,31.5,1.07,6.06,0.32,9.51,1.13,7.81,110,33.6,0.95,-1.75,-0.19,10.18,,,,,
sterling_kite_engine,NIFTY 50,delta1,14,0.75,14,2.0,7,3.0,three_red_signal,mid,48,20,356,35.1,1.0,0.67,0.02,19.42,1.1,11.24,106,39.6,0.84,-10.57,-0.68,21.34,,,,,
sterling_kite_engine,NIFTY 50,options_atm,14,0.75,14,2.0,7,3.0,three_red_signal,mid,48,20,356,30.1,1.01,1.01,0.05,12.43,1.17,9.78,106,33.0,0.74,-8.77,-1.06,13.58,,,,,
sterling_kite_engine,NIFTY 50,delta1,14,0.75,14,2.0,7,3.0,three_red_signal,mid,none,25,211,32.2,0.85,-16.17,-0.87,33.39,0.72,-19.6,59,40.7,1.1,3.44,0.28,9.82,,,,,
sterling_kite_engine,NIFTY 50,options_atm,14,0.75,14,2.0,7,3.0,three_red_signal,mid,none,25,211,26.5,0.82,-9.76,-0.94,19.98,0.74,-9.36,59,35.6,0.98,-0.4,-0.06,5.55,,,,,
sterling_kite_engine,NIFTY 50,delta1,14,0.75,14,2.0,7,3.0,three_red_signal,mid,18,25,234,36.3,0.77,-25.92,-1.57,29.8,0.71,-20.98,66,39.4,0.88,-4.93,-0.46,9.15,,,,,
sterling_kite_engine,NIFTY 50,options_atm,14,0.75,14,2.0,7,3.0,three_red_signal,mid,18,25,234,32.5,0.78,-12.59,-1.41,15.92,0.75,-9.09,66,37.9,0.83,-3.5,-0.64,4.93,,,,,
sterling_kite_engine,NIFTY 50,delta1,14,0.75,14,2.0,7,3.0,three_red_signal,mid,30,25,221,33.9,0.89,-12.28,-0.64,30.18,0.72,-20.35,63,42.9,1.22,8.07,0.57,7.29,,,,,
sterling_kite_engine,NIFTY 50,options_atm,14,0.75,14,2.0,7,3.0,three_red_signal,mid,30,25,221,28.5,0.91,-4.85,-0.43,17.54,0.75,-9.27,63,38.1,1.24,4.42,0.53,4.43,,,,,
sterling_kite_engine,NIFTY 50,delta1,14,0.75,14,2.0,7,3.0,three_red_signal,mid,48,25,217,32.3,0.86,-15.57,-0.81,30.37,0.76,-17.11,61,39.3,1.04,1.54,0.12,9.82,,,,,
sterling_kite_engine,NIFTY 50,options_atm,14,0.75,14,2.0,7,3.0,three_red_signal,mid,48,25,217,27.2,0.87,-7.58,-0.68,17.59,0.81,-7.0,61,36.1,0.97,-0.58,-0.08,5.64,,,,,
sterling_kite_engine,NIFTY 50,delta1,14,1.0,14,2.0,7,3.0,one_red,fast,none,none,562,38.4,1.12,22.21,0.62,18.21,1.07,8.0,164,39.6,1.21,14.21,0.87,11.87,,,,,
sterling_kite_engine,NIFTY 50,options_atm,14,1.0,14,2.0,7,3.0,one_red,fast,none,none,562,33.5,1.15,13.69,0.65,11.74,1.1,6.06,164,36.6,1.23,7.63,0.84,6.23,,,,,
sterling_kite_engine,NIFTY 50,delta1,14,1.0,14,2.0,7,3.0,one_red,fast,18,none,563,38.5,1.06,10.65,0.33,19.66,1.01,1.14,164,39.6,1.14,9.5,0.64,12.21,,,,,
sterling_kite_engine,NIFTY 50,options_atm,14,1.0,14,2.0,7,3.0,one_red,fast,18,none,563,33.7,1.06,5.64,0.32,12.31,1.01,0.87,164,36.6,1.14,4.77,0.62,6.23,,,,,
sterling_kite_engine,NIFTY 50,delta1,14,1.0,14,2.0,7,3.0,one_red,fast,30,none,562,38.4,1.12,20.77,0.58,18.63,1.06,6.81,164,39.6,1.21,13.96,0.86,12.03,,,,,
sterling_kite_engine,NIFTY 50,options_atm,14,1.0,14,2.0,7,3.0,one_red,fast,30,none,562,33.5,1.14,12.98,0.62,11.98,1.09,5.18,164,36.6,1.23,7.8,0.86,6.28,,,,,
sterling_kite_engine,NIFTY 50,delta1,14,1.0,14,2.0,7,3.0,one_red,fast,48,none,562,38.4,1.13,22.32,0.62,18.21,1.07,8.0,164,39.6,1.21,14.32,0.88,11.85,,,,,
sterling_kite_engine,NIFTY 50,options_atm,14,1.0,14,2.0,7,3.0,one_red,fast,48,none,562,33.5,1.15,13.8,0.65,11.74,1.1,6.06,164,36.6,1.23,7.73,0.85,6.23,,,,,
sterling_kite_engine,NIFTY 50,delta1,14,1.0,14,2.0,7,3.0,one_red,fast,none,15,524,37.8,1.13,22.52,0.66,18.13,1.06,6.46,156,39.7,1.25,16.06,0.99,10.52,,,,,
sterling_kite_engine,NIFTY 50,options_atm,14,1.0,14,2.0,7,3.0,one_red,fast,none,15,524,32.6,1.17,14.46,0.72,11.47,1.11,5.83,156,36.5,1.27,8.63,0.96,5.6,,,,,
sterling_kite_engine,NIFTY 50,delta1,14,1.0,14,2.0,7,3.0,one_red,fast,18,15,525,37.9,1.07,11.02,0.36,19.59,1.0,-0.33,156,39.7,1.18,11.35,0.77,10.77,,,,,
sterling_kite_engine,NIFTY 50,options_atm,14,1.0,14,2.0,7,3.0,one_red,fast,18,15,525,33.0,1.07,6.44,0.39,12.03,1.01,0.68,156,36.5,1.18,5.77,0.76,5.56,,,,,
sterling_kite_engine,NIFTY 50,delta1,14,1.0,14,2.0,7,3.0,one_red,fast,30,15,524,37.8,1.13,21.08,0.62,18.55,1.05,5.27,156,39.7,1.25,15.8,0.98,10.66,,,,,
sterling_kite_engine,NIFTY 50,options_atm,14,1.0,14,2.0,7,3.0,one_red,fast,30,15,524,32.6,1.16,13.75,0.69,11.71,1.09,4.95,156,36.5,1.28,8.8,0.98,5.64,,,,,
sterling_kite_engine,NIFTY 50,delta1,14,1.0,14,2.0,7,3.0,one_red,fast,48,15,524,37.8,1.13,22.62,0.66,18.13,1.06,6.46,156,39.7,1.26,16.16,1.0,10.51,,,,,
sterling_kite_engine,NIFTY 50,options_atm,14,1.0,14,2.0,7,3.0,one_red,fast,48,15,524,32.6,1.17,14.57,0.72,11.47,1.11,5.83,156,36.5,1.28,8.73,0.97,5.59,,,,,
sterling_kite_engine,NIFTY 50,delta1,14,1.0,14,2.0,7,3.0,one_red,fast,none,20,365,33.4,1.01,0.69,0.03,17.23,1.01,0.67,115,36.5,1.0,0.02,0.0,14.05,,,,,
sterling_kite_engine,NIFTY 50,options_atm,14,1.0,14,2.0,7,3.0,one_red,fast,none,20,365,29.0,1.06,4.18,0.28,9.95,1.1,4.15,115,33.0,1.0,0.03,0.0,7.22,,,,,
sterling_kite_engine,NIFTY 50,delta1,14,1.0,14,2.0,7,3.0,one_red,fast,18,20,365,33.4,0.93,-9.27,-0.43,20.42,0.9,-7.49,115,36.5,0.96,-1.77,-0.14,14.28,,,,,
sterling_kite_engine,NIFTY 50,options_atm,14,1.0,14,2.0,7,3.0,one_red,fast,18,20,365,29.3,0.95,-3.47,-0.3,11.32,0.94,-2.27,115,33.0,0.95,-1.19,-0.19,7.3,,,,,
sterling_kite_engine,NIFTY 50,delta1,14,1.0,14,2.0,7,3.0,one_red,fast,30,20,365,33.4,1.0,0.1,0.0,17.95,0.99,-1.06,115,36.5,1.02,1.16,0.09,13.91,,,,,
sterling_kite_engine,NIFTY 50,options_atm,14,1.0,14,2.0,7,3.0,one_red,fast,30,20,365,29.0,1.06,3.79,0.26,10.4,1.07,2.81,115,33.0,1.04,0.97,0.13,7.16,,,,,
sterling_kite_engine,NIFTY 50,delta1,14,1.0,14,2.0,7,3.0,one_red,fast,48,20,365,33.4,1.01,0.69,0.03,17.23,1.01,0.67,115,36.5,1.0,0.02,0.0,14.05,,,,,
sterling_kite_engine,NIFTY 50,options_atm,14,1.0,14,2.0,7,3.0,one_red,fast,48,20,365,29.0,1.06,4.18,0.28,9.95,1.1,4.15,115,33.0,1.0,0.03,0.0,7.22,,,,,
sterling_kite_engine,NIFTY 50,delta1,14,1.0,14,2.0,7,3.0,one_red,fast,none,25,195,33.8,1.02,1.54,0.11,19.51,0.82,-7.55,62,41.9,1.38,9.09,0.85,6.92,,,,,
sterling_kite_engine,NIFTY 50,options_atm,14,1.0,14,2.0,7,3.0,one_red,fast,none,25,195,30.3,1.05,1.79,0.21,10.96,0.87,-2.67,62,40.3,1.36,4.46,0.7,3.81,,,,,
sterling_kite_engine,NIFTY 50,delta1,14,1.0,14,2.0,7,3.0,one_red,fast,18,25,195,33.8,1.01,0.34,0.03,18.29,0.83,-6.91,62,41.9,1.31,7.25,0.78,7.08,,,,,
sterling_kite_engine,NIFTY 50,options_atm,14,1.0,14,2.0,7,3.0,one_red,fast,18,25,195,30.8,1.04,1.23,0.16,10.03,0.91,-1.97,62,40.3,1.26,3.2,0.66,3.81,,,,,
sterling_kite_engine,NIFTY 50,delta1,14,1.0,14,2.0,7,3.0,one_red,fast,30,25,195,33.8,1.02,1.57,0.11,19.72,0.79,-8.67,62,41.9,1.43,10.24,0.94,6.92,,,,,
sterling_kite_engine,NIFTY 50,options_atm,14,1.0,14,2.0,7,3.0,one_red,fast,30,25,195,30.3,1.05,1.79,0.21,11.06,0.83,-3.61,62,40.3,1.44,5.4,0.84,3.81,,,,,
sterling_kite_engine,NIFTY 50,delta1,14,1.0,14,2.0,7,3.0,one_red,fast,48,25,195,33.8,1.02,1.54,0.11,19.51,0.82,-7.55,62,41.9,1.38,9.09,0.85,6.92,,,,,
sterling_kite_engine,NIFTY 50,options_atm,14,1.0,14,2.0,7,3.0,one_red,fast,48,25,195,30.3,1.05,1.79,0.21,10.96,0.87,-2.67,62,40.3,1.36,4.46,0.7,3.81,,,,,
sterling_kite_engine,NIFTY 50,delta1,14,1.0,14,2.0,7,3.0,one_red,mid,none,none,556,37.2,1.18,38.68,0.91,12.85,1.27,36.21,162,40.7,1.03,2.47,0.14,13.66,,,,,
sterling_kite_engine,NIFTY 50,options_atm,14,1.0,14,2.0,7,3.0,one_red,mid,none,none,556,32.2,1.17,18.77,0.77,8.98,1.29,20.48,162,34.0,0.96,-1.71,-0.19,8.91,,,,,
sterling_kite_engine,NIFTY 50,delta1,14,1.0,14,2.0,7,3.0,one_red,mid,18,none,561,39.4,1.08,17.76,0.48,14.77,1.11,13.88,163,41.1,1.05,3.87,0.23,12.64,,,,,
sterling_kite_engine,NIFTY 50,options_atm,14,1.0,14,2.0,7,3.0,one_red,mid,18,none,561,34.9,1.07,7.6,0.38,11.34,1.09,6.44,163,35.0,1.03,1.16,0.13,6.4,,,,,
sterling_kite_engine,NIFTY 50,delta1,14,1.0,14,2.0,7,3.0,one_red,mid,30,none,556,37.6,1.16,33.26,0.8,13.28,1.22,29.92,162,40.7,1.04,3.34,0.19,13.39,,,,,
sterling_kite_engine,NIFTY 50,options_atm,14,1.0,14,2.0,7,3.0,one_red,mid,30,none,556,32.7,1.16,17.73,0.74,8.99,1.25,17.38,162,34.0,1.01,0.35,0.04,7.15,,,,,
sterling_kite_engine,NIFTY 50,delta1,14,1.0,14,2.0,7,3.0,one_red,mid,48,none,556,37.2,1.19,40.61,0.95,12.8,1.28,36.76,162,40.7,1.05,3.85,0.21,13.47,,,,,
sterling_kite_engine,NIFTY 50,options_atm,14,1.0,14,2.0,7,3.0,one_red,mid,48,none,556,32.2,1.19,21.22,0.85,8.92,1.3,21.28,162,34.0,1.0,-0.06,-0.01,8.81,,,,,
sterling_kite_engine,NIFTY 50,delta1,14,1.0,14,2.0,7,3.0,one_red,mid,none,15,521,37.0,1.18,35.49,0.89,12.28,1.25,31.64,154,40.9,1.05,3.85,0.22,12.56,,,,,
sterling_kite_engine,NIFTY 50,options_atm,14,1.0,14,2.0,7,3.0,one_red,mid,none,15,521,31.7,1.17,17.75,0.77,8.5,1.28,18.5,154,33.8,0.98,-0.75,-0.08,8.6,,,,,
sterling_kite_engine,NIFTY 50,delta1,14,1.0,14,2.0,7,3.0,one_red,mid,18,15,523,38.8,1.07,13.6,0.39,15.82,1.07,8.35,155,41.3,1.07,5.25,0.31,11.5,,,,,
sterling_kite_engine,NIFTY 50,options_atm,14,1.0,14,2.0,7,3.0,one_red,mid,18,15,523,34.0,1.06,6.2,0.32,11.67,1.06,4.07,155,34.8,1.05,2.12,0.24,5.83,,,,,
sterling_kite_engine,NIFTY 50,delta1,14,1.0,14,2.0,7,3.0,one_red,mid,30,15,521,37.4,1.16,32.23,0.82,12.51,1.22,27.5,154,40.9,1.06,4.72,0.27,12.27,,,,,
sterling_kite_engine,NIFTY 50,options_atm,14,1.0,14,2.0,7,3.0,one_red,mid,30,15,521,32.2,1.17,18.11,0.79,8.4,1.25,16.8,154,33.8,1.03,1.31,0.13,6.79,,,,,
sterling_kite_engine,NIFTY 50,delta1,14,1.0,14,2.0,7,3.0,one_red,mid,48,15,521,37.0,1.18,36.72,0.91,12.3,1.25,31.49,154,40.9,1.07,5.23,0.29,12.49,,,,,
sterling_kite_engine,NIFTY 50,options_atm,14,1.0,14,2.0,7,3.0,one_red,mid,48,15,521,31.7,1.18,19.57,0.83,8.49,1.28,18.67,154,33.8,1.02,0.9,0.09,8.5,,,,,
sterling_kite_engine,NIFTY 50,delta1,14,1.0,14,2.0,7,3.0,one_red,mid,none,20,363,34.4,1.04,6.05,0.21,16.28,1.17,15.61,113,38.1,0.85,-9.55,-0.64,18.59,,,,,
sterling_kite_engine,NIFTY 50,options_atm,14,1.0,14,2.0,7,3.0,one_red,mid,none,20,363,29.2,1.07,5.34,0.31,10.3,1.25,12.13,113,30.1,0.79,-6.8,-0.88,11.11,,,,,
sterling_kite_engine,NIFTY 50,delta1,14,1.0,14,2.0,7,3.0,one_red,mid,18,20,364,35.7,0.9,-15.53,-0.63,20.96,0.91,-7.87,114,38.6,0.88,-7.67,-0.53,17.78,,,,,
sterling_kite_engine,NIFTY 50,options_atm,14,1.0,14,2.0,7,3.0,one_red,mid,18,20,364,31.0,0.9,-7.47,-0.55,12.86,0.93,-3.1,114,31.6,0.86,-4.38,-0.57,9.26,,,,,
sterling_kite_engine,NIFTY 50,delta1,14,1.0,14,2.0,7,3.0,one_red,mid,30,20,363,35.0,1.01,1.53,0.05,16.87,1.1,9.48,113,38.1,0.87,-7.95,-0.52,18.31,,,,,
sterling_kite_engine,NIFTY 50,options_atm,14,1.0,14,2.0,7,3.0,one_red,mid,30,20,363,30.0,1.05,3.86,0.23,9.53,1.18,8.5,113,30.1,0.85,-4.64,-0.55,9.63,,,,,
sterling_kite_engine,NIFTY 50,delta1,14,1.0,14,2.0,7,3.0,one_red,mid,48,20,363,34.4,1.05,7.08,0.24,16.33,1.16,15.1,113,38.1,0.87,-8.01,-0.52,18.54,,,,,
sterling_kite_engine,NIFTY 50,options_atm,14,1.0,14,2.0,7,3.0,one_red,mid,48,20,363,29.2,1.09,6.83,0.39,9.85,1.25,12.01,113,30.1,0.84,-5.18,-0.61,10.97,,,,,
sterling_kite_engine,NIFTY 50,delta1,14,1.0,14,2.0,7,3.0,one_red,mid,none,25,194,33.5,0.95,-3.94,-0.23,18.63,0.95,-2.7,61,39.3,0.96,-1.25,-0.11,9.97,,,,,
sterling_kite_engine,NIFTY 50,options_atm,14,1.0,14,2.0,7,3.0,one_red,mid,none,25,194,29.9,0.98,-0.82,-0.08,10.94,1.03,0.84,61,32.8,0.91,-1.65,-0.26,5.36,,,,,
sterling_kite_engine,NIFTY 50,delta1,14,1.0,14,2.0,7,3.0,one_red,mid,18,25,195,35.4,0.87,-11.24,-0.76,20.16,0.84,-7.71,62,40.3,0.9,-3.53,-0.34,9.32,,,,,
sterling_kite_engine,NIFTY 50,options_atm,14,1.0,14,2.0,7,3.0,one_red,mid,18,25,195,32.3,0.89,-4.51,-0.55,11.31,0.91,-2.12,62,35.5,0.86,-2.4,-0.45,5.04,,,,,
sterling_kite_engine,NIFTY 50,delta1,14,1.0,14,2.0,7,3.0,one_red,mid,30,25,194,34.0,0.92,-7.15,-0.43,20.03,0.86,-6.91,61,39.3,0.99,-0.24,-0.02,9.95,,,,,
sterling_kite_engine,NIFTY 50,options_atm,14,1.0,14,2.0,7,3.0,one_red,mid,30,25,194,30.4,0.95,-2.03,-0.21,11.38,0.92,-2.11,61,32.8,1.0,0.08,0.01,5.35,,,,,
sterling_kite_engine,NIFTY 50,delta1,14,1.0,14,2.0,7,3.0,one_red,mid,48,25,194,33.5,0.98,-2.12,-0.12,18.12,0.95,-2.41,61,39.3,1.01,0.29,0.02,9.97,,,,,
sterling_kite_engine,NIFTY 50,options_atm,14,1.0,14,2.0,7,3.0,one_red,mid,48,25,194,29.9,1.03,1.18,0.11,10.45,1.05,1.22,61,32.8,1.0,-0.04,-0.01,5.36,,,,,
sterling_kite_engine,NIFTY 50,delta1,14,1.0,14,2.0,7,3.0,two_red,fast,none,none,562,38.4,1.12,22.21,0.62,18.21,1.07,8.0,164,39.6,1.21,14.21,0.87,11.87,,,,,
sterling_kite_engine,NIFTY 50,options_atm,14,1.0,14,2.0,7,3.0,two_red,fast,none,none,562,33.5,1.15,13.69,0.65,11.74,1.1,6.06,164,36.6,1.23,7.63,0.84,6.23,,,,,
sterling_kite_engine,NIFTY 50,delta1,14,1.0,14,2.0,7,3.0,two_red,fast,18,none,563,38.5,1.06,10.65,0.33,19.66,1.01,1.14,164,39.6,1.14,9.5,0.64,12.21,,,,,
sterling_kite_engine,NIFTY 50,options_atm,14,1.0,14,2.0,7,3.0,two_red,fast,18,none,563,33.7,1.06,5.64,0.32,12.31,1.01,0.87,164,36.6,1.14,4.77,0.62,6.23,,,,,
sterling_kite_engine,NIFTY 50,delta1,14,1.0,14,2.0,7,3.0,two_red,fast,30,none,562,38.4,1.12,20.77,0.58,18.63,1.06,6.81,164,39.6,1.21,13.96,0.86,12.03,,,,,
sterling_kite_engine,NIFTY 50,options_atm,14,1.0,14,2.0,7,3.0,two_red,fast,30,none,562,33.5,1.14,12.98,0.62,11.98,1.09,5.18,164,36.6,1.23,7.8,0.86,6.28,,,,,
sterling_kite_engine,NIFTY 50,delta1,14,1.0,14,2.0,7,3.0,two_red,fast,48,none,562,38.4,1.13,22.32,0.62,18.21,1.07,8.0,164,39.6,1.21,14.32,0.88,11.85,,,,,
sterling_kite_engine,NIFTY 50,options_atm,14,1.0,14,2.0,7,3.0,two_red,fast,48,none,562,33.5,1.15,13.8,0.65,11.74,1.1,6.06,164,36.6,1.23,7.73,0.85,6.23,,,,,
sterling_kite_engine,NIFTY 50,delta1,14,1.0,14,2.0,7,3.0,two_red,fast,none,15,524,37.8,1.13,22.52,0.66,18.13,1.06,6.46,156,39.7,1.25,16.06,0.99,10.52,,,,,
sterling_kite_engine,NIFTY 50,options_atm,14,1.0,14,2.0,7,3.0,two_red,fast,none,15,524,32.6,1.17,14.46,0.72,11.47,1.11,5.83,156,36.5,1.27,8.63,0.96,5.6,,,,,
sterling_kite_engine,NIFTY 50,delta1,14,1.0,14,2.0,7,3.0,two_red,fast,18,15,525,37.9,1.07,11.02,0.36,19.59,1.0,-0.33,156,39.7,1.18,11.35,0.77,10.77,,,,,
sterling_kite_engine,NIFTY 50,options_atm,14,1.0,14,2.0,7,3.0,two_red,fast,18,15,525,33.0,1.07,6.44,0.39,12.03,1.01,0.68,156,36.5,1.18,5.77,0.76,5.56,,,,,
sterling_kite_engine,NIFTY 50,delta1,14,1.0,14,2.0,7,3.0,two_red,fast,30,15,524,37.8,1.13,21.08,0.62,18.55,1.05,5.27,156,39.7,1.25,15.8,0.98,10.66,,,,,
sterling_kite_engine,NIFTY 50,options_atm,14,1.0,14,2.0,7,3.0,two_red,fast,30,15,524,32.6,1.16,13.75,0.69,11.71,1.09,4.95,156,36.5,1.28,8.8,0.98,5.64,,,,,
sterling_kite_engine,NIFTY 50,delta1,14,1.0,14,2.0,7,3.0,two_red,fast,48,15,524,37.8,1.13,22.62,0.66,18.13,1.06,6.46,156,39.7,1.26,16.16,1.0,10.51,,,,,
sterling_kite_engine,NIFTY 50,options_atm,14,1.0,14,2.0,7,3.0,two_red,fast,48,15,524,32.6,1.17,14.57,0.72,11.47,1.11,5.83,156,36.5,1.28,8.73,0.97,5.59,,,,,
sterling_kite_engine,NIFTY 50,delta1,14,1.0,14,2.0,7,3.0,two_red,fast,none,20,365,33.4,1.01,0.69,0.03,17.23,1.01,0.67,115,36.5,1.0,0.02,0.0,14.05,,,,,
sterling_kite_engine,NIFTY 50,options_atm,14,1.0,14,2.0,7,3.0,two_red,fast,none,20,365,29.0,1.06,4.18,0.28,9.95,1.1,4.15,115,33.0,1.0,0.03,0.0,7.22,,,,,
sterling_kite_engine,NIFTY 50,delta1,14,1.0,14,2.0,7,3.0,two_red,fast,18,20,365,33.4,0.93,-9.27,-0.43,20.42,0.9,-7.49,115,36.5,0.96,-1.77,-0.14,14.28,,,,,
sterling_kite_engine,NIFTY 50,options_atm,14,1.0,14,2.0,7,3.0,two_red,fast,18,20,365,29.3,0.95,-3.47,-0.3,11.32,0.94,-2.27,115,33.0,0.95,-1.19,-0.19,7.3,,,,,
sterling_kite_engine,NIFTY 50,delta1,14,1.0,14,2.0,7,3.0,two_red,fast,30,20,365,33.4,1.0,0.1,0.0,17.95,0.99,-1.06,115,36.5,1.02,1.16,0.09,13.91,,,,,
sterling_kite_engine,NIFTY 50,options_atm,14,1.0,14,2.0,7,3.0,two_red,fast,30,20,365,29.0,1.06,3.79,0.26,10.4,1.07,2.81,115,33.0,1.04,0.97,0.13,7.16,,,,,
sterling_kite_engine,NIFTY 50,delta1,14,1.0,14,2.0,7,3.0,two_red,fast,48,20,365,33.4,1.01,0.69,0.03,17.23,1.01,0.67,115,36.5,1.0,0.02,0.0,14.05,,,,,
sterling_kite_engine,NIFTY 50,options_atm,14,1.0,14,2.0,7,3.0,two_red,fast,48,20,365,29.0,1.06,4.18,0.28,9.95,1.1,4.15,115,33.0,1.0,0.03,0.0,7.22,,,,,
sterling_kite_engine,NIFTY 50,delta1,14,1.0,14,2.0,7,3.0,two_red,fast,none,25,195,33.8,1.02,1.54,0.11,19.51,0.82,-7.55,62,41.9,1.38,9.09,0.85,6.92,,,,,
sterling_kite_engine,NIFTY 50,options_atm,14,1.0,14,2.0,7,3.0,two_red,fast,none,25,195,30.3,1.05,1.79,0.21,10.96,0.87,-2.67,62,40.3,1.36,4.46,0.7,3.81,,,,,
sterling_kite_engine,NIFTY 50,delta1,14,1.0,14,2.0,7,3.0,two_red,fast,18,25,195,33.8,1.01,0.34,0.03,18.29,0.83,-6.91,62,41.9,1.31,7.25,0.78,7.08,,,,,
sterling_kite_engine,NIFTY 50,options_atm,14,1.0,14,2.0,7,3.0,two_red,fast,18,25,195,30.8,1.04,1.23,0.16,10.03,0.91,-1.97,62,40.3,1.26,3.2,0.66,3.81,,,,,
sterling_kite_engine,NIFTY 50,delta1,14,1.0,14,2.0,7,3.0,two_red,fast,30,25,195,33.8,1.02,1.57,0.11,19.72,0.79,-8.67,62,41.9,1.43,10.24,0.94,6.92,,,,,
sterling_kite_engine,NIFTY 50,options_atm,14,1.0,14,2.0,7,3.0,two_red,fast,30,25,195,30.3,1.05,1.79,0.21,11.06,0.83,-3.61,62,40.3,1.44,5.4,0.84,3.81,,,,,
sterling_kite_engine,NIFTY 50,delta1,14,1.0,14,2.0,7,3.0,two_red,fast,48,25,195,33.8,1.02,1.54,0.11,19.51,0.82,-7.55,62,41.9,1.38,9.09,0.85,6.92,,,,,
sterling_kite_engine,NIFTY 50,options_atm,14,1.0,14,2.0,7,3.0,two_red,fast,48,25,195,30.3,1.05,1.79,0.21,10.96,0.87,-2.67,62,40.3,1.36,4.46,0.7,3.81,,,,,
sterling_kite_engine,NIFTY 50,delta1,14,1.0,14,2.0,7,3.0,two_red,mid,none,none,463,35.6,1.08,17.26,0.44,14.88,1.16,21.36,137,40.9,0.95,-4.1,-0.23,17.61,,,,,
sterling_kite_engine,NIFTY 50,options_atm,14,1.0,14,2.0,7,3.0,two_red,mid,none,none,463,31.3,1.04,4.61,0.21,11.09,1.16,11.32,137,36.5,0.85,-6.71,-0.74,12.27,,,,,
sterling_kite_engine,NIFTY 50,delta1,14,1.0,14,2.0,7,3.0,two_red,mid,18,none,515,41.4,0.99,-1.43,-0.04,15.47,1.05,7.1,152,44.1,0.9,-8.54,-0.5,15.49,,,,,
sterling_kite_engine,NIFTY 50,options_atm,14,1.0,14,2.0,7,3.0,two_red,mid,18,none,515,36.7,0.98,-1.94,-0.1,12.21,1.05,3.73,152,36.2,0.87,-5.67,-0.66,7.75,,,,,
sterling_kite_engine,NIFTY 50,delta1,14,1.0,14,2.0,7,3.0,two_red,mid,30,none,480,37.3,1.1,23.4,0.57,11.21,1.14,18.6,141,41.8,1.06,4.8,0.25,12.92,,,,,
sterling_kite_engine,NIFTY 50,options_atm,14,1.0,14,2.0,7,3.0,two_red,mid,30,none,480,32.7,1.11,13.32,0.56,7.31,1.15,11.27,141,36.2,1.05,2.04,0.19,8.06,,,,,
sterling_kite_engine,NIFTY 50,delta1,14,1.0,14,2.0,7,3.0,two_red,mid,48,none,469,35.6,1.07,15.43,0.39,14.9,1.14,19.45,137,40.9,0.95,-4.02,-0.22,17.4,,,,,
sterling_kite_engine,NIFTY 50,options_atm,14,1.0,14,2.0,7,3.0,two_red,mid,48,none,469,31.3,1.05,5.3,0.23,10.76,1.15,11.04,137,36.5,0.87,-5.74,-0.6,11.87,,,,,
sterling_kite_engine,NIFTY 50,delta1,14,1.0,14,2.0,7,3.0,two_red,mid,none,15,440,35.2,1.06,13.32,0.35,16.35,1.16,19.51,134,40.3,0.93,-6.2,-0.35,19.11,,,,,
sterling_kite_engine,NIFTY 50,options_atm,14,1.0,14,2.0,7,3.0,two_red,mid,none,15,440,30.9,1.03,3.15,0.15,11.78,1.16,10.71,134,35.8,0.83,-7.56,-0.84,12.96,,,,,
sterling_kite_engine,NIFTY 50,delta1,14,1.0,14,2.0,7,3.0,two_red,mid,18,15,484,41.1,0.97,-6.4,-0.19,17.73,1.02,3.15,147,44.2,0.89,-9.55,-0.57,17.35,,,,,
sterling_kite_engine,NIFTY 50,options_atm,14,1.0,14,2.0,7,3.0,two_red,mid,18,15,484,36.2,0.96,-4.11,-0.22,13.19,1.03,1.83,147,36.1,0.86,-5.94,-0.71,8.72,,,,,
sterling_kite_engine,NIFTY 50,delta1,14,1.0,14,2.0,7,3.0,two_red,mid,30,15,454,37.4,1.11,24.25,0.62,11.34,1.15,19.13,136,42.6,1.06,5.12,0.26,13.14,,,,,
sterling_kite_engine,NIFTY 50,options_atm,14,1.0,14,2.0,7,3.0,two_red,mid,30,15,454,32.6,1.13,14.48,0.64,7.29,1.18,12.16,136,36.0,1.05,2.32,0.22,8.09,,,,,
sterling_kite_engine,NIFTY 50,delta1,14,1.0,14,2.0,7,3.0,two_red,mid,48,15,446,35.2,1.05,10.24,0.27,16.89,1.13,16.89,134,40.3,0.92,-6.65,-0.37,19.36,,,,,
sterling_kite_engine,NIFTY 50,options_atm,14,1.0,14,2.0,7,3.0,two_red,mid,48,15,446,30.9,1.03,2.85,0.13,11.81,1.14,9.8,134,35.8,0.84,-6.95,-0.73,12.9,,,,,
sterling_kite_engine,NIFTY 50,delta1,14,1.0,14,2.0,7,3.0,two_red,mid,none,20,311,34.7,0.98,-3.73,-0.13,21.19,1.12,10.83,100,39.0,0.79,-14.56,-0.96,23.25,,,,,
sterling_kite_engine,NIFTY 50,options_atm,14,1.0,14,2.0,7,3.0,two_red,mid,none,20,311,29.6,0.97,-2.2,-0.14,13.54,1.18,8.8,100,32.0,0.68,-11.0,-1.44,14.23,,,,,
sterling_kite_engine,NIFTY 50,delta1,14,1.0,14,2.0,7,3.0,two_red,mid,18,20,339,39.2,0.86,-23.16,-0.96,27.53,0.94,-5.55,107,42.1,0.74,-17.61,-1.27,24.26,,,,,
sterling_kite_engine,NIFTY 50,options_atm,14,1.0,14,2.0,7,3.0,two_red,mid,18,20,339,34.2,0.86,-11.63,-0.9,16.79,0.97,-1.46,107,33.6,0.7,-10.17,-1.51,12.76,,,,,
sterling_kite_engine,NIFTY 50,delta1,14,1.0,14,2.0,7,3.0,two_red,mid,30,20,321,37.4,1.03,5.41,0.19,17.56,1.1,9.34,101,41.6,0.94,-3.92,-0.23,18.94,,,,,
sterling_kite_engine,NIFTY 50,options_atm,14,1.0,14,2.0,7,3.0,two_red,mid,30,20,321,31.8,1.08,7.08,0.42,9.59,1.18,9.11,101,33.7,0.94,-2.04,-0.22,10.39,,,,,
sterling_kite_engine,NIFTY 50,delta1,14,1.0,14,2.0,7,3.0,two_red,mid,48,20,315,34.9,0.99,-2.45,-0.09,20.69,1.12,11.72,100,39.0,0.8,-14.17,-0.91,22.87,,,,,
sterling_kite_engine,NIFTY 50,options_atm,14,1.0,14,2.0,7,3.0,two_red,mid,48,20,315,30.2,1.0,0.06,0.0,12.49,1.2,10.0,100,33.0,0.71,-9.93,-1.2,13.69,,,,,
sterling_kite_engine,NIFTY 50,delta1,14,1.0,14,2.0,7,3.0,two_red,mid,none,25,173,34.1,0.9,-9.16,-0.51,27.01,0.78,-12.63,56,42.9,1.1,3.47,0.27,9.93,,,,,
sterling_kite_engine,NIFTY 50,options_atm,14,1.0,14,2.0,7,3.0,two_red,mid,none,25,173,27.2,0.9,-4.79,-0.47,15.78,0.83,-4.96,56,33.9,1.01,0.17,0.02,5.27,,,,,
sterling_kite_engine,NIFTY 50,delta1,14,1.0,14,2.0,7,3.0,two_red,mid,18,25,186,37.6,0.8,-18.39,-1.16,23.7,0.72,-15.71,59,44.1,0.93,-2.68,-0.25,9.33,,,,,
sterling_kite_engine,NIFTY 50,options_atm,14,1.0,14,2.0,7,3.0,two_red,mid,18,25,186,33.9,0.83,-7.8,-0.91,12.69,0.79,-5.96,59,39.0,0.9,-1.84,-0.33,4.83,,,,,
sterling_kite_engine,NIFTY 50,delta1,14,1.0,14,2.0,7,3.0,two_red,mid,30,25,177,36.2,0.98,-2.16,-0.11,22.52,0.79,-11.74,57,45.6,1.26,9.58,0.66,7.86,,,,,
sterling_kite_engine,NIFTY 50,options_atm,14,1.0,14,2.0,7,3.0,two_red,mid,30,25,177,29.4,1.04,2.09,0.19,12.36,0.86,-3.95,57,36.8,1.34,6.04,0.72,4.29,,,,,
sterling_kite_engine,NIFTY 50,delta1,14,1.0,14,2.0,7,3.0,two_red,mid,48,25,175,34.3,0.94,-5.69,-0.3,23.97,0.84,-9.29,56,42.9,1.1,3.61,0.27,9.93,,,,,
sterling_kite_engine,NIFTY 50,options_atm,14,1.0,14,2.0,7,3.0,two_red,mid,48,25,175,28.0,0.97,-1.28,-0.12,13.48,0.92,-2.32,56,35.7,1.06,1.04,0.14,5.27,,,,,
sterling_kite_engine,NIFTY 50,delta1,14,1.0,14,2.0,7,3.0,three_red,fast,none,none,562,38.4,1.12,22.21,0.62,18.21,1.07,8.0,164,39.6,1.21,14.21,0.87,11.87,,,,,
sterling_kite_engine,NIFTY 50,options_atm,14,1.0,14,2.0,7,3.0,three_red,fast,none,none,562,33.5,1.15,13.69,0.65,11.74,1.1,6.06,164,36.6,1.23,7.63,0.84,6.23,,,,,
sterling_kite_engine,NIFTY 50,delta1,14,1.0,14,2.0,7,3.0,three_red,fast,18,none,563,38.5,1.06,10.65,0.33,19.66,1.01,1.14,164,39.6,1.14,9.5,0.64,12.21,,,,,
sterling_kite_engine,NIFTY 50,options_atm,14,1.0,14,2.0,7,3.0,three_red,fast,18,none,563,33.7,1.06,5.64,0.32,12.31,1.01,0.87,164,36.6,1.14,4.77,0.62,6.23,,,,,
sterling_kite_engine,NIFTY 50,delta1,14,1.0,14,2.0,7,3.0,three_red,fast,30,none,562,38.4,1.12,20.77,0.58,18.63,1.06,6.81,164,39.6,1.21,13.96,0.86,12.03,,,,,
sterling_kite_engine,NIFTY 50,options_atm,14,1.0,14,2.0,7,3.0,three_red,fast,30,none,562,33.5,1.14,12.98,0.62,11.98,1.09,5.18,164,36.6,1.23,7.8,0.86,6.28,,,,,
sterling_kite_engine,NIFTY 50,delta1,14,1.0,14,2.0,7,3.0,three_red,fast,48,none,562,38.4,1.13,22.32,0.62,18.21,1.07,8.0,164,39.6,1.21,14.32,0.88,11.85,,,,,
sterling_kite_engine,NIFTY 50,options_atm,14,1.0,14,2.0,7,3.0,three_red,fast,48,none,562,33.5,1.15,13.8,0.65,11.74,1.1,6.06,164,36.6,1.23,7.73,0.85,6.23,,,,,
sterling_kite_engine,NIFTY 50,delta1,14,1.0,14,2.0,7,3.0,three_red,fast,none,15,524,37.8,1.13,22.52,0.66,18.13,1.06,6.46,156,39.7,1.25,16.06,0.99,10.52,,,,,
sterling_kite_engine,NIFTY 50,options_atm,14,1.0,14,2.0,7,3.0,three_red,fast,none,15,524,32.6,1.17,14.46,0.72,11.47,1.11,5.83,156,36.5,1.27,8.63,0.96,5.6,,,,,
sterling_kite_engine,NIFTY 50,delta1,14,1.0,14,2.0,7,3.0,three_red,fast,18,15,525,37.9,1.07,11.02,0.36,19.59,1.0,-0.33,156,39.7,1.18,11.35,0.77,10.77,,,,,
sterling_kite_engine,NIFTY 50,options_atm,14,1.0,14,2.0,7,3.0,three_red,fast,18,15,525,33.0,1.07,6.44,0.39,12.03,1.01,0.68,156,36.5,1.18,5.77,0.76,5.56,,,,,
sterling_kite_engine,NIFTY 50,delta1,14,1.0,14,2.0,7,3.0,three_red,fast,30,15,524,37.8,1.13,21.08,0.62,18.55,1.05,5.27,156,39.7,1.25,15.8,0.98,10.66,,,,,
sterling_kite_engine,NIFTY 50,options_atm,14,1.0,14,2.0,7,3.0,three_red,fast,30,15,524,32.6,1.16,13.75,0.69,11.71,1.09,4.95,156,36.5,1.28,8.8,0.98,5.64,,,,,
sterling_kite_engine,NIFTY 50,delta1,14,1.0,14,2.0,7,3.0,three_red,fast,48,15,524,37.8,1.13,22.62,0.66,18.13,1.06,6.46,156,39.7,1.26,16.16,1.0,10.51,,,,,
sterling_kite_engine,NIFTY 50,options_atm,14,1.0,14,2.0,7,3.0,three_red,fast,48,15,524,32.6,1.17,14.57,0.72,11.47,1.11,5.83,156,36.5,1.28,8.73,0.97,5.59,,,,,
sterling_kite_engine,NIFTY 50,delta1,14,1.0,14,2.0,7,3.0,three_red,fast,none,20,365,33.4,1.01,0.69,0.03,17.23,1.01,0.67,115,36.5,1.0,0.02,0.0,14.05,,,,,
sterling_kite_engine,NIFTY 50,options_atm,14,1.0,14,2.0,7,3.0,three_red,fast,none,20,365,29.0,1.06,4.18,0.28,9.95,1.1,4.15,115,33.0,1.0,0.03,0.0,7.22,,,,,
sterling_kite_engine,NIFTY 50,delta1,14,1.0,14,2.0,7,3.0,three_red,fast,18,20,365,33.4,0.93,-9.27,-0.43,20.42,0.9,-7.49,115,36.5,0.96,-1.77,-0.14,14.28,,,,,
sterling_kite_engine,NIFTY 50,options_atm,14,1.0,14,2.0,7,3.0,three_red,fast,18,20,365,29.3,0.95,-3.47,-0.3,11.32,0.94,-2.27,115,33.0,0.95,-1.19,-0.19,7.3,,,,,
sterling_kite_engine,NIFTY 50,delta1,14,1.0,14,2.0,7,3.0,three_red,fast,30,20,365,33.4,1.0,0.1,0.0,17.95,0.99,-1.06,115,36.5,1.02,1.16,0.09,13.91,,,,,
sterling_kite_engine,NIFTY 50,options_atm,14,1.0,14,2.0,7,3.0,three_red,fast,30,20,365,29.0,1.06,3.79,0.26,10.4,1.07,2.81,115,33.0,1.04,0.97,0.13,7.16,,,,,
sterling_kite_engine,NIFTY 50,delta1,14,1.0,14,2.0,7,3.0,three_red,fast,48,20,365,33.4,1.01,0.69,0.03,17.23,1.01,0.67,115,36.5,1.0,0.02,0.0,14.05,,,,,
sterling_kite_engine,NIFTY 50,options_atm,14,1.0,14,2.0,7,3.0,three_red,fast,48,20,365,29.0,1.06,4.18,0.28,9.95,1.1,4.15,115,33.0,1.0,0.03,0.0,7.22,,,,,
sterling_kite_engine,NIFTY 50,delta1,14,1.0,14,2.0,7,3.0,three_red,fast,none,25,195,33.8,1.02,1.54,0.11,19.51,0.82,-7.55,62,41.9,1.38,9.09,0.85,6.92,,,,,
sterling_kite_engine,NIFTY 50,options_atm,14,1.0,14,2.0,7,3.0,three_red,fast,none,25,195,30.3,1.05,1.79,0.21,10.96,0.87,-2.67,62,40.3,1.36,4.46,0.7,3.81,,,,,
sterling_kite_engine,NIFTY 50,delta1,14,1.0,14,2.0,7,3.0,three_red,fast,18,25,195,33.8,1.01,0.34,0.03,18.29,0.83,-6.91,62,41.9,1.31,7.25,0.78,7.08,,,,,
sterling_kite_engine,NIFTY 50,options_atm,14,1.0,14,2.0,7,3.0,three_red,fast,18,25,195,30.8,1.04,1.23,0.16,10.03,0.91,-1.97,62,40.3,1.26,3.2,0.66,3.81,,,,,
sterling_kite_engine,NIFTY 50,delta1,14,1.0,14,2.0,7,3.0,three_red,fast,30,25,195,33.8,1.02,1.57,0.11,19.72,0.79,-8.67,62,41.9,1.43,10.24,0.94,6.92,,,,,
sterling_kite_engine,NIFTY 50,options_atm,14,1.0,14,2.0,7,3.0,three_red,fast,30,25,195,30.3,1.05,1.79,0.21,11.06,0.83,-3.61,62,40.3,1.44,5.4,0.84,3.81,,,,,
sterling_kite_engine,NIFTY 50,delta1,14,1.0,14,2.0,7,3.0,three_red,fast,48,25,195,33.8,1.02,1.54,0.11,19.51,0.82,-7.55,62,41.9,1.38,9.09,0.85,6.92,,,,,
sterling_kite_engine,NIFTY 50,options_atm,14,1.0,14,2.0,7,3.0,three_red,fast,48,25,195,30.3,1.05,1.79,0.21,10.96,0.87,-2.67,62,40.3,1.36,4.46,0.7,3.81,,,,,
sterling_kite_engine,NIFTY 50,delta1,14,1.0,14,2.0,7,3.0,three_red,mid,none,none,463,35.6,1.08,17.26,0.44,14.88,1.16,21.36,137,40.9,0.95,-4.1,-0.23,17.61,,,,,
sterling_kite_engine,NIFTY 50,options_atm,14,1.0,14,2.0,7,3.0,three_red,mid,none,none,463,31.3,1.04,4.61,0.21,11.09,1.16,11.32,137,36.5,0.85,-6.71,-0.74,12.27,,,,,
sterling_kite_engine,NIFTY 50,delta1,14,1.0,14,2.0,7,3.0,three_red,mid,18,none,515,41.4,0.99,-1.43,-0.04,15.47,1.05,7.1,152,44.1,0.9,-8.54,-0.5,15.49,,,,,
sterling_kite_engine,NIFTY 50,options_atm,14,1.0,14,2.0,7,3.0,three_red,mid,18,none,515,36.7,0.98,-1.94,-0.1,12.21,1.05,3.73,152,36.2,0.87,-5.67,-0.66,7.75,,,,,
sterling_kite_engine,NIFTY 50,delta1,14,1.0,14,2.0,7,3.0,three_red,mid,30,none,480,37.3,1.1,23.4,0.57,11.21,1.14,18.6,141,41.8,1.06,4.8,0.25,12.92,,,,,
sterling_kite_engine,NIFTY 50,options_atm,14,1.0,14,2.0,7,3.0,three_red,mid,30,none,480,32.7,1.11,13.32,0.56,7.31,1.15,11.27,141,36.2,1.05,2.04,0.19,8.06,,,,,
sterling_kite_engine,NIFTY 50,delta1,14,1.0,14,2.0,7,3.0,three_red,mid,48,none,469,35.6,1.07,15.43,0.39,14.9,1.14,19.45,137,40.9,0.95,-4.02,-0.22,17.4,,,,,
sterling_kite_engine,NIFTY 50,options_atm,14,1.0,14,2.0,7,3.0,three_red,mid,48,none,469,31.3,1.05,5.3,0.23,10.76,1.15,11.04,137,36.5,0.87,-5.74,-0.6,11.87,,,,,
sterling_kite_engine,NIFTY 50,delta1,14,1.0,14,2.0,7,3.0,three_red,mid,none,15,440,35.2,1.06,13.32,0.35,16.35,1.16,19.51,134,40.3,0.93,-6.2,-0.35,19.11,,,,,
sterling_kite_engine,NIFTY 50,options_atm,14,1.0,14,2.0,7,3.0,three_red,mid,none,15,440,30.9,1.03,3.15,0.15,11.78,1.16,10.71,134,35.8,0.83,-7.56,-0.84,12.96,,,,,
sterling_kite_engine,NIFTY 50,delta1,14,1.0,14,2.0,7,3.0,three_red,mid,18,15,484,41.1,0.97,-6.4,-0.19,17.73,1.02,3.15,147,44.2,0.89,-9.55,-0.57,17.35,,,,,
sterling_kite_engine,NIFTY 50,options_atm,14,1.0,14,2.0,7,3.0,three_red,mid,18,15,484,36.2,0.96,-4.11,-0.22,13.19,1.03,1.83,147,36.1,0.86,-5.94,-0.71,8.72,,,,,
sterling_kite_engine,NIFTY 50,delta1,14,1.0,14,2.0,7,3.0,three_red,mid,30,15,454,37.4,1.11,24.25,0.62,11.34,1.15,19.13,136,42.6,1.06,5.12,0.26,13.14,,,,,
sterling_kite_engine,NIFTY 50,options_atm,14,1.0,14,2.0,7,3.0,three_red,mid,30,15,454,32.6,1.13,14.48,0.64,7.29,1.18,12.16,136,36.0,1.05,2.32,0.22,8.09,,,,,
sterling_kite_engine,NIFTY 50,delta1,14,1.0,14,2.0,7,3.0,three_red,mid,48,15,446,35.2,1.05,10.24,0.27,16.89,1.13,16.89,134,40.3,0.92,-6.65,-0.37,19.36,,,,,
sterling_kite_engine,NIFTY 50,options_atm,14,1.0,14,2.0,7,3.0,three_red,mid,48,15,446,30.9,1.03,2.85,0.13,11.81,1.14,9.8,134,35.8,0.84,-6.95,-0.73,12.9,,,,,
sterling_kite_engine,NIFTY 50,delta1,14,1.0,14,2.0,7,3.0,three_red,mid,none,20,311,34.7,0.98,-3.73,-0.13,21.19,1.12,10.83,100,39.0,0.79,-14.56,-0.96,23.25,,,,,
sterling_kite_engine,NIFTY 50,options_atm,14,1.0,14,2.0,7,3.0,three_red,mid,none,20,311,29.6,0.97,-2.2,-0.14,13.54,1.18,8.8,100,32.0,0.68,-11.0,-1.44,14.23,,,,,
sterling_kite_engine,NIFTY 50,delta1,14,1.0,14,2.0,7,3.0,three_red,mid,18,20,339,39.2,0.86,-23.16,-0.96,27.53,0.94,-5.55,107,42.1,0.74,-17.61,-1.27,24.26,,,,,
sterling_kite_engine,NIFTY 50,options_atm,14,1.0,14,2.0,7,3.0,three_red,mid,18,20,339,34.2,0.86,-11.63,-0.9,16.79,0.97,-1.46,107,33.6,0.7,-10.17,-1.51,12.76,,,,,
sterling_kite_engine,NIFTY 50,delta1,14,1.0,14,2.0,7,3.0,three_red,mid,30,20,321,37.4,1.03,5.41,0.19,17.56,1.1,9.34,101,41.6,0.94,-3.92,-0.23,18.94,,,,,
sterling_kite_engine,NIFTY 50,options_atm,14,1.0,14,2.0,7,3.0,three_red,mid,30,20,321,31.8,1.08,7.08,0.42,9.59,1.18,9.11,101,33.7,0.94,-2.04,-0.22,10.39,,,,,
sterling_kite_engine,NIFTY 50,delta1,14,1.0,14,2.0,7,3.0,three_red,mid,48,20,315,34.9,0.99,-2.45,-0.09,20.69,1.12,11.72,100,39.0,0.8,-14.17,-0.91,22.87,,,,,
sterling_kite_engine,NIFTY 50,options_atm,14,1.0,14,2.0,7,3.0,three_red,mid,48,20,315,30.2,1.0,0.06,0.0,12.49,1.2,10.0,100,33.0,0.71,-9.93,-1.2,13.69,,,,,
sterling_kite_engine,NIFTY 50,delta1,14,1.0,14,2.0,7,3.0,three_red,mid,none,25,173,34.1,0.9,-9.16,-0.51,27.01,0.78,-12.63,56,42.9,1.1,3.47,0.27,9.93,,,,,
sterling_kite_engine,NIFTY 50,options_atm,14,1.0,14,2.0,7,3.0,three_red,mid,none,25,173,27.2,0.9,-4.79,-0.47,15.78,0.83,-4.96,56,33.9,1.01,0.17,0.02,5.27,,,,,
sterling_kite_engine,NIFTY 50,delta1,14,1.0,14,2.0,7,3.0,three_red,mid,18,25,186,37.6,0.8,-18.39,-1.16,23.7,0.72,-15.71,59,44.1,0.93,-2.68,-0.25,9.33,,,,,
sterling_kite_engine,NIFTY 50,options_atm,14,1.0,14,2.0,7,3.0,three_red,mid,18,25,186,33.9,0.83,-7.8,-0.91,12.69,0.79,-5.96,59,39.0,0.9,-1.84,-0.33,4.83,,,,,
sterling_kite_engine,NIFTY 50,delta1,14,1.0,14,2.0,7,3.0,three_red,mid,30,25,177,36.2,0.98,-2.16,-0.11,22.52,0.79,-11.74,57,45.6,1.26,9.58,0.66,7.86,,,,,
sterling_kite_engine,NIFTY 50,options_atm,14,1.0,14,2.0,7,3.0,three_red,mid,30,25,177,29.4,1.04,2.09,0.19,12.36,0.86,-3.95,57,36.8,1.34,6.04,0.72,4.29,,,,,
sterling_kite_engine,NIFTY 50,delta1,14,1.0,14,2.0,7,3.0,three_red,mid,48,25,175,34.3,0.94,-5.69,-0.3,23.97,0.84,-9.29,56,42.9,1.1,3.61,0.27,9.93,,,,,
sterling_kite_engine,NIFTY 50,options_atm,14,1.0,14,2.0,7,3.0,three_red,mid,48,25,175,28.0,0.97,-1.28,-0.12,13.48,0.92,-2.32,56,35.7,1.06,1.04,0.14,5.27,,,,,
sterling_kite_engine,NIFTY 50,delta1,14,1.0,14,2.0,7,3.0,three_red_signal,fast,none,none,562,38.4,1.12,22.21,0.62,18.21,1.07,8.0,164,39.6,1.21,14.21,0.87,11.87,,,,,
sterling_kite_engine,NIFTY 50,options_atm,14,1.0,14,2.0,7,3.0,three_red_signal,fast,none,none,562,33.5,1.15,13.69,0.65,11.74,1.1,6.06,164,36.6,1.23,7.63,0.84,6.23,,,,,
sterling_kite_engine,NIFTY 50,delta1,14,1.0,14,2.0,7,3.0,three_red_signal,fast,18,none,563,38.5,1.06,10.65,0.33,19.66,1.01,1.14,164,39.6,1.14,9.5,0.64,12.21,,,,,
sterling_kite_engine,NIFTY 50,options_atm,14,1.0,14,2.0,7,3.0,three_red_signal,fast,18,none,563,33.7,1.06,5.64,0.32,12.31,1.01,0.87,164,36.6,1.14,4.77,0.62,6.23,,,,,
sterling_kite_engine,NIFTY 50,delta1,14,1.0,14,2.0,7,3.0,three_red_signal,fast,30,none,562,38.4,1.12,20.77,0.58,18.63,1.06,6.81,164,39.6,1.21,13.96,0.86,12.03,,,,,
sterling_kite_engine,NIFTY 50,options_atm,14,1.0,14,2.0,7,3.0,three_red_signal,fast,30,none,562,33.5,1.14,12.98,0.62,11.98,1.09,5.18,164,36.6,1.23,7.8,0.86,6.28,,,,,
sterling_kite_engine,NIFTY 50,delta1,14,1.0,14,2.0,7,3.0,three_red_signal,fast,48,none,562,38.4,1.13,22.32,0.62,18.21,1.07,8.0,164,39.6,1.21,14.32,0.88,11.85,,,,,
sterling_kite_engine,NIFTY 50,options_atm,14,1.0,14,2.0,7,3.0,three_red_signal,fast,48,none,562,33.5,1.15,13.8,0.65,11.74,1.1,6.06,164,36.6,1.23,7.73,0.85,6.23,,,,,
sterling_kite_engine,NIFTY 50,delta1,14,1.0,14,2.0,7,3.0,three_red_signal,fast,none,15,524,37.8,1.13,22.52,0.66,18.13,1.06,6.46,156,39.7,1.25,16.06,0.99,10.52,,,,,
sterling_kite_engine,NIFTY 50,options_atm,14,1.0,14,2.0,7,3.0,three_red_signal,fast,none,15,524,32.6,1.17,14.46,0.72,11.47,1.11,5.83,156,36.5,1.27,8.63,0.96,5.6,,,,,
sterling_kite_engine,NIFTY 50,delta1,14,1.0,14,2.0,7,3.0,three_red_signal,fast,18,15,525,37.9,1.07,11.02,0.36,19.59,1.0,-0.33,156,39.7,1.18,11.35,0.77,10.77,,,,,
sterling_kite_engine,NIFTY 50,options_atm,14,1.0,14,2.0,7,3.0,three_red_signal,fast,18,15,525,33.0,1.07,6.44,0.39,12.03,1.01,0.68,156,36.5,1.18,5.77,0.76,5.56,,,,,
sterling_kite_engine,NIFTY 50,delta1,14,1.0,14,2.0,7,3.0,three_red_signal,fast,30,15,524,37.8,1.13,21.08,0.62,18.55,1.05,5.27,156,39.7,1.25,15.8,0.98,10.66,,,,,
sterling_kite_engine,NIFTY 50,options_atm,14,1.0,14,2.0,7,3.0,three_red_signal,fast,30,15,524,32.6,1.16,13.75,0.69,11.71,1.09,4.95,156,36.5,1.28,8.8,0.98,5.64,,,,,
sterling_kite_engine,NIFTY 50,delta1,14,1.0,14,2.0,7,3.0,three_red_signal,fast,48,15,524,37.8,1.13,22.62,0.66,18.13,1.06,6.46,156,39.7,1.26,16.16,1.0,10.51,,,,,
sterling_kite_engine,NIFTY 50,options_atm,14,1.0,14,2.0,7,3.0,three_red_signal,fast,48,15,524,32.6,1.17,14.57,0.72,11.47,1.11,5.83,156,36.5,1.28,8.73,0.97,5.59,,,,,
sterling_kite_engine,NIFTY 50,delta1,14,1.0,14,2.0,7,3.0,three_red_signal,fast,none,20,365,33.4,1.01,0.69,0.03,17.23,1.01,0.67,115,36.5,1.0,0.02,0.0,14.05,,,,,
sterling_kite_engine,NIFTY 50,options_atm,14,1.0,14,2.0,7,3.0,three_red_signal,fast,none,20,365,29.0,1.06,4.18,0.28,9.95,1.1,4.15,115,33.0,1.0,0.03,0.0,7.22,,,,,
sterling_kite_engine,NIFTY 50,delta1,14,1.0,14,2.0,7,3.0,three_red_signal,fast,18,20,365,33.4,0.93,-9.27,-0.43,20.42,0.9,-7.49,115,36.5,0.96,-1.77,-0.14,14.28,,,,,
sterling_kite_engine,NIFTY 50,options_atm,14,1.0,14,2.0,7,3.0,three_red_signal,fast,18,20,365,29.3,0.95,-3.47,-0.3,11.32,0.94,-2.27,115,33.0,0.95,-1.19,-0.19,7.3,,,,,
sterling_kite_engine,NIFTY 50,delta1,14,1.0,14,2.0,7,3.0,three_red_signal,fast,30,20,365,33.4,1.0,0.1,0.0,17.95,0.99,-1.06,115,36.5,1.02,1.16,0.09,13.91,,,,,
sterling_kite_engine,NIFTY 50,options_atm,14,1.0,14,2.0,7,3.0,three_red_signal,fast,30,20,365,29.0,1.06,3.79,0.26,10.4,1.07,2.81,115,33.0,1.04,0.97,0.13,7.16,,,,,
sterling_kite_engine,NIFTY 50,delta1,14,1.0,14,2.0,7,3.0,three_red_signal,fast,48,20,365,33.4,1.01,0.69,0.03,17.23,1.01,0.67,115,36.5,1.0,0.02,0.0,14.05,,,,,
sterling_kite_engine,NIFTY 50,options_atm,14,1.0,14,2.0,7,3.0,three_red_signal,fast,48,20,365,29.0,1.06,4.18,0.28,9.95,1.1,4.15,115,33.0,1.0,0.03,0.0,7.22,,,,,
sterling_kite_engine,NIFTY 50,delta1,14,1.0,14,2.0,7,3.0,three_red_signal,fast,none,25,195,33.8,1.02,1.54,0.11,19.51,0.82,-7.55,62,41.9,1.38,9.09,0.85,6.92,,,,,
sterling_kite_engine,NIFTY 50,options_atm,14,1.0,14,2.0,7,3.0,three_red_signal,fast,none,25,195,30.3,1.05,1.79,0.21,10.96,0.87,-2.67,62,40.3,1.36,4.46,0.7,3.81,,,,,
sterling_kite_engine,NIFTY 50,delta1,14,1.0,14,2.0,7,3.0,three_red_signal,fast,18,25,195,33.8,1.01,0.34,0.03,18.29,0.83,-6.91,62,41.9,1.31,7.25,0.78,7.08,,,,,
sterling_kite_engine,NIFTY 50,options_atm,14,1.0,14,2.0,7,3.0,three_red_signal,fast,18,25,195,30.8,1.04,1.23,0.16,10.03,0.91,-1.97,62,40.3,1.26,3.2,0.66,3.81,,,,,
sterling_kite_engine,NIFTY 50,delta1,14,1.0,14,2.0,7,3.0,three_red_signal,fast,30,25,195,33.8,1.02,1.57,0.11,19.72,0.79,-8.67,62,41.9,1.43,10.24,0.94,6.92,,,,,
sterling_kite_engine,NIFTY 50,options_atm,14,1.0,14,2.0,7,3.0,three_red_signal,fast,30,25,195,30.3,1.05,1.79,0.21,11.06,0.83,-3.61,62,40.3,1.44,5.4,0.84,3.81,,,,,
sterling_kite_engine,NIFTY 50,delta1,14,1.0,14,2.0,7,3.0,three_red_signal,fast,48,25,195,33.8,1.02,1.54,0.11,19.51,0.82,-7.55,62,41.9,1.38,9.09,0.85,6.92,,,,,
sterling_kite_engine,NIFTY 50,options_atm,14,1.0,14,2.0,7,3.0,three_red_signal,fast,48,25,195,30.3,1.05,1.79,0.21,10.96,0.87,-2.67,62,40.3,1.36,4.46,0.7,3.81,,,,,
sterling_kite_engine,NIFTY 50,delta1,14,1.0,14,2.0,7,3.0,three_red_signal,mid,none,none,463,35.6,1.08,17.26,0.44,14.88,1.16,21.36,137,40.9,0.95,-4.1,-0.23,17.61,,,,,
sterling_kite_engine,NIFTY 50,options_atm,14,1.0,14,2.0,7,3.0,three_red_signal,mid,none,none,463,31.3,1.04,4.61,0.21,11.09,1.16,11.32,137,36.5,0.85,-6.71,-0.74,12.27,,,,,
sterling_kite_engine,NIFTY 50,delta1,14,1.0,14,2.0,7,3.0,three_red_signal,mid,18,none,515,41.4,0.99,-1.43,-0.04,15.47,1.05,7.1,152,44.1,0.9,-8.54,-0.5,15.49,,,,,
sterling_kite_engine,NIFTY 50,options_atm,14,1.0,14,2.0,7,3.0,three_red_signal,mid,18,none,515,36.7,0.98,-1.94,-0.1,12.21,1.05,3.73,152,36.2,0.87,-5.67,-0.66,7.75,,,,,
sterling_kite_engine,NIFTY 50,delta1,14,1.0,14,2.0,7,3.0,three_red_signal,mid,30,none,480,37.3,1.1,23.4,0.57,11.21,1.14,18.6,141,41.8,1.06,4.8,0.25,12.92,,,,,
sterling_kite_engine,NIFTY 50,options_atm,14,1.0,14,2.0,7,3.0,three_red_signal,mid,30,none,480,32.7,1.11,13.32,0.56,7.31,1.15,11.27,141,36.2,1.05,2.04,0.19,8.06,,,,,
sterling_kite_engine,NIFTY 50,delta1,14,1.0,14,2.0,7,3.0,three_red_signal,mid,48,none,469,35.6,1.07,15.43,0.39,14.9,1.14,19.45,137,40.9,0.95,-4.02,-0.22,17.4,,,,,
sterling_kite_engine,NIFTY 50,options_atm,14,1.0,14,2.0,7,3.0,three_red_signal,mid,48,none,469,31.3,1.05,5.3,0.23,10.76,1.15,11.04,137,36.5,0.87,-5.74,-0.6,11.87,,,,,
sterling_kite_engine,NIFTY 50,delta1,14,1.0,14,2.0,7,3.0,three_red_signal,mid,none,15,440,35.2,1.06,13.32,0.35,16.35,1.16,19.51,134,40.3,0.93,-6.2,-0.35,19.11,,,,,
sterling_kite_engine,NIFTY 50,options_atm,14,1.0,14,2.0,7,3.0,three_red_signal,mid,none,15,440,30.9,1.03,3.15,0.15,11.78,1.16,10.71,134,35.8,0.83,-7.56,-0.84,12.96,,,,,
sterling_kite_engine,NIFTY 50,delta1,14,1.0,14,2.0,7,3.0,three_red_signal,mid,18,15,484,41.1,0.97,-6.4,-0.19,17.73,1.02,3.15,147,44.2,0.89,-9.55,-0.57,17.35,,,,,
sterling_kite_engine,NIFTY 50,options_atm,14,1.0,14,2.0,7,3.0,three_red_signal,mid,18,15,484,36.2,0.96,-4.11,-0.22,13.19,1.03,1.83,147,36.1,0.86,-5.94,-0.71,8.72,,,,,
sterling_kite_engine,NIFTY 50,delta1,14,1.0,14,2.0,7,3.0,three_red_signal,mid,30,15,454,37.4,1.11,24.25,0.62,11.34,1.15,19.13,136,42.6,1.06,5.12,0.26,13.14,,,,,
sterling_kite_engine,NIFTY 50,options_atm,14,1.0,14,2.0,7,3.0,three_red_signal,mid,30,15,454,32.6,1.13,14.48,0.64,7.29,1.18,12.16,136,36.0,1.05,2.32,0.22,8.09,,,,,
sterling_kite_engine,NIFTY 50,delta1,14,1.0,14,2.0,7,3.0,three_red_signal,mid,48,15,446,35.2,1.05,10.24,0.27,16.89,1.13,16.89,134,40.3,0.92,-6.65,-0.37,19.36,,,,,
sterling_kite_engine,NIFTY 50,options_atm,14,1.0,14,2.0,7,3.0,three_red_signal,mid,48,15,446,30.9,1.03,2.85,0.13,11.81,1.14,9.8,134,35.8,0.84,-6.95,-0.73,12.9,,,,,
sterling_kite_engine,NIFTY 50,delta1,14,1.0,14,2.0,7,3.0,three_red_signal,mid,none,20,311,34.7,0.98,-3.73,-0.13,21.19,1.12,10.83,100,39.0,0.79,-14.56,-0.96,23.25,,,,,
sterling_kite_engine,NIFTY 50,options_atm,14,1.0,14,2.0,7,3.0,three_red_signal,mid,none,20,311,29.6,0.97,-2.2,-0.14,13.54,1.18,8.8,100,32.0,0.68,-11.0,-1.44,14.23,,,,,
sterling_kite_engine,NIFTY 50,delta1,14,1.0,14,2.0,7,3.0,three_red_signal,mid,18,20,339,39.2,0.86,-23.16,-0.96,27.53,0.94,-5.55,107,42.1,0.74,-17.61,-1.27,24.26,,,,,
sterling_kite_engine,NIFTY 50,options_atm,14,1.0,14,2.0,7,3.0,three_red_signal,mid,18,20,339,34.2,0.86,-11.63,-0.9,16.79,0.97,-1.46,107,33.6,0.7,-10.17,-1.51,12.76,,,,,
sterling_kite_engine,NIFTY 50,delta1,14,1.0,14,2.0,7,3.0,three_red_signal,mid,30,20,321,37.4,1.03,5.41,0.19,17.56,1.1,9.34,101,41.6,0.94,-3.92,-0.23,18.94,,,,,
sterling_kite_engine,NIFTY 50,options_atm,14,1.0,14,2.0,7,3.0,three_red_signal,mid,30,20,321,31.8,1.08,7.08,0.42,9.59,1.18,9.11,101,33.7,0.94,-2.04,-0.22,10.39,,,,,
sterling_kite_engine,NIFTY 50,delta1,14,1.0,14,2.0,7,3.0,three_red_signal,mid,48,20,315,34.9,0.99,-2.45,-0.09,20.69,1.12,11.72,100,39.0,0.8,-14.17,-0.91,22.87,,,,,
sterling_kite_engine,NIFTY 50,options_atm,14,1.0,14,2.0,7,3.0,three_red_signal,mid,48,20,315,30.2,1.0,0.06,0.0,12.49,1.2,10.0,100,33.0,0.71,-9.93,-1.2,13.69,,,,,
sterling_kite_engine,NIFTY 50,delta1,14,1.0,14,2.0,7,3.0,three_red_signal,mid,none,25,173,34.1,0.9,-9.16,-0.51,27.01,0.78,-12.63,56,42.9,1.1,3.47,0.27,9.93,,,,,
sterling_kite_engine,NIFTY 50,options_atm,14,1.0,14,2.0,7,3.0,three_red_signal,mid,none,25,173,27.2,0.9,-4.79,-0.47,15.78,0.83,-4.96,56,33.9,1.01,0.17,0.02,5.27,,,,,
sterling_kite_engine,NIFTY 50,delta1,14,1.0,14,2.0,7,3.0,three_red_signal,mid,18,25,186,37.6,0.8,-18.39,-1.16,23.7,0.72,-15.71,59,44.1,0.93,-2.68,-0.25,9.33,,,,,
sterling_kite_engine,NIFTY 50,options_atm,14,1.0,14,2.0,7,3.0,three_red_signal,mid,18,25,186,33.9,0.83,-7.8,-0.91,12.69,0.79,-5.96,59,39.0,0.9,-1.84,-0.33,4.83,,,,,
sterling_kite_engine,NIFTY 50,delta1,14,1.0,14,2.0,7,3.0,three_red_signal,mid,30,25,177,36.2,0.98,-2.16,-0.11,22.52,0.79,-11.74,57,45.6,1.26,9.58,0.66,7.86,,,,,
sterling_kite_engine,NIFTY 50,options_atm,14,1.0,14,2.0,7,3.0,three_red_signal,mid,30,25,177,29.4,1.04,2.09,0.19,12.36,0.86,-3.95,57,36.8,1.34,6.04,0.72,4.29,,,,,
sterling_kite_engine,NIFTY 50,delta1,14,1.0,14,2.0,7,3.0,three_red_signal,mid,48,25,175,34.3,0.94,-5.69,-0.3,23.97,0.84,-9.29,56,42.9,1.1,3.61,0.27,9.93,,,,,
sterling_kite_engine,NIFTY 50,options_atm,14,1.0,14,2.0,7,3.0,three_red_signal,mid,48,25,175,28.0,0.97,-1.28,-0.12,13.48,0.92,-2.32,56,35.7,1.06,1.04,0.14,5.27,,,,,
sterling_kite_engine,NIFTY 50,delta1,21,1.0,14,2.0,7,3.0,one_red,fast,none,none,560,39.8,1.18,32.11,0.88,14.68,1.15,15.85,166,41.6,1.24,16.26,0.97,11.33,,,,,
sterling_kite_engine,NIFTY 50,options_atm,21,1.0,14,2.0,7,3.0,one_red,fast,none,none,560,34.3,1.21,18.95,0.89,9.96,1.18,10.1,166,36.7,1.26,8.86,0.95,6.06,,,,,
sterling_kite_engine,NIFTY 50,delta1,21,1.0,14,2.0,7,3.0,one_red,fast,18,none,561,39.9,1.1,16.79,0.52,17.5,1.08,8.26,166,41.6,1.13,8.53,0.58,12.14,,,,,
sterling_kite_engine,NIFTY 50,options_atm,21,1.0,14,2.0,7,3.0,one_red,fast,18,none,561,34.8,1.1,8.68,0.5,11.4,1.08,4.51,166,37.3,1.12,4.17,0.54,6.2,,,,,
sterling_kite_engine,NIFTY 50,delta1,21,1.0,14,2.0,7,3.0,one_red,fast,30,none,560,39.8,1.16,27.63,0.78,14.93,1.13,14.42,166,41.6,1.19,13.21,0.82,11.7,,,,,
sterling_kite_engine,NIFTY 50,options_atm,21,1.0,14,2.0,7,3.0,one_red,fast,30,none,560,34.3,1.18,16.36,0.79,9.97,1.16,9.11,166,36.7,1.21,7.25,0.81,6.18,,,,,
sterling_kite_engine,NIFTY 50,delta1,21,1.0,14,2.0,7,3.0,one_red,fast,48,none,560,39.8,1.18,32.35,0.89,14.68,1.15,15.85,166,41.6,1.24,16.51,0.98,11.31,,,,,
sterling_kite_engine,NIFTY 50,options_atm,21,1.0,14,2.0,7,3.0,one_red,fast,48,none,560,34.3,1.21,19.17,0.9,9.96,1.18,10.1,166,36.7,1.27,9.07,0.97,6.05,,,,,
sterling_kite_engine,NIFTY 50,delta1,21,1.0,14,2.0,7,3.0,one_red,fast,none,15,523,38.8,1.19,31.37,0.9,15.18,1.13,13.26,158,41.8,1.28,18.1,1.09,10.05,,,,,
sterling_kite_engine,NIFTY 50,options_atm,21,1.0,14,2.0,7,3.0,one_red,fast,none,15,523,33.5,1.23,19.24,0.94,10.02,1.18,9.38,158,36.7,1.31,9.86,1.06,5.44,,,,,
sterling_kite_engine,NIFTY 50,delta1,21,1.0,14,2.0,7,3.0,one_red,fast,18,15,524,38.9,1.1,16.11,0.53,18.07,1.06,5.73,158,41.8,1.16,10.37,0.71,10.71,,,,,
sterling_kite_engine,NIFTY 50,options_atm,21,1.0,14,2.0,7,3.0,one_red,fast,18,15,524,34.0,1.11,9.0,0.54,11.46,1.07,3.83,158,37.3,1.16,5.17,0.68,5.54,,,,,
sterling_kite_engine,NIFTY 50,delta1,21,1.0,14,2.0,7,3.0,one_red,fast,30,15,523,38.8,1.16,26.89,0.79,15.43,1.12,11.84,158,41.8,1.23,15.05,0.94,10.37,,,,,
sterling_kite_engine,NIFTY 50,options_atm,21,1.0,14,2.0,7,3.0,one_red,fast,30,15,523,33.5,1.2,16.65,0.84,10.03,1.16,8.4,158,36.7,1.26,8.25,0.93,5.55,,,,,
sterling_kite_engine,NIFTY 50,delta1,21,1.0,14,2.0,7,3.0,one_red,fast,48,15,523,38.8,1.19,31.61,0.91,15.18,1.13,13.26,158,41.8,1.29,18.35,1.1,10.03,,,,,
sterling_kite_engine,NIFTY 50,options_atm,21,1.0,14,2.0,7,3.0,one_red,fast,48,15,523,33.5,1.23,19.45,0.95,10.02,1.18,9.38,158,36.7,1.31,10.07,1.08,5.43,,,,,
sterling_kite_engine,NIFTY 50,delta1,21,1.0,14,2.0,7,3.0,one_red,fast,none,20,366,35.0,1.06,7.76,0.31,14.9,1.06,4.74,116,39.7,1.06,3.02,0.22,14.12,,,,,
sterling_kite_engine,NIFTY 50,options_atm,21,1.0,14,2.0,7,3.0,one_red,fast,none,20,366,30.3,1.12,8.02,0.53,8.84,1.16,6.26,116,34.5,1.07,1.76,0.23,7.86,,,,,
sterling_kite_engine,NIFTY 50,delta1,21,1.0,14,2.0,7,3.0,one_red,fast,18,20,366,35.0,0.96,-5.56,-0.26,18.03,0.95,-3.56,116,39.7,0.96,-2.0,-0.16,14.75,,,,,
sterling_kite_engine,NIFTY 50,options_atm,21,1.0,14,2.0,7,3.0,one_red,fast,18,20,366,30.6,0.97,-1.72,-0.15,10.33,0.99,-0.28,116,34.5,0.94,-1.44,-0.23,7.65,,,,,
sterling_kite_engine,NIFTY 50,delta1,21,1.0,14,2.0,7,3.0,one_red,fast,30,20,366,35.0,1.03,4.28,0.17,15.4,1.04,3.01,116,39.7,1.02,1.27,0.09,14.33,,,,,
sterling_kite_engine,NIFTY 50,options_atm,21,1.0,14,2.0,7,3.0,one_red,fast,30,20,366,30.3,1.09,5.78,0.39,9.03,1.13,4.92,116,34.5,1.03,0.86,0.12,7.49,,,,,
sterling_kite_engine,NIFTY 50,delta1,21,1.0,14,2.0,7,3.0,one_red,fast,48,20,366,35.0,1.06,7.76,0.31,14.9,1.06,4.74,116,39.7,1.06,3.02,0.22,14.12,,,,,
sterling_kite_engine,NIFTY 50,options_atm,21,1.0,14,2.0,7,3.0,one_red,fast,48,20,366,30.3,1.12,8.02,0.53,8.84,1.16,6.26,116,34.5,1.07,1.76,0.23,7.86,,,,,
sterling_kite_engine,NIFTY 50,delta1,21,1.0,14,2.0,7,3.0,one_red,fast,none,25,196,35.2,1.12,7.67,0.52,15.74,0.9,-3.94,64,43.8,1.46,11.61,1.02,6.96,,,,,
sterling_kite_engine,NIFTY 50,options_atm,21,1.0,14,2.0,7,3.0,one_red,fast,none,25,196,32.1,1.16,5.29,0.6,9.04,0.96,-0.73,64,42.2,1.47,6.03,0.9,3.89,,,,,
sterling_kite_engine,NIFTY 50,delta1,21,1.0,14,2.0,7,3.0,one_red,fast,18,25,196,35.2,1.05,3.1,0.23,16.28,0.91,-3.44,64,43.8,1.26,6.53,0.7,7.25,,,,,
sterling_kite_engine,NIFTY 50,options_atm,21,1.0,14,2.0,7,3.0,one_red,fast,18,25,196,32.7,1.08,2.64,0.35,9.12,0.99,-0.15,64,42.2,1.22,2.79,0.57,3.94,,,,,
sterling_kite_engine,NIFTY 50,delta1,21,1.0,14,2.0,7,3.0,one_red,fast,30,25,196,35.2,1.07,4.79,0.34,15.72,0.87,-5.06,64,43.8,1.39,9.85,0.91,6.95,,,,,
sterling_kite_engine,NIFTY 50,options_atm,21,1.0,14,2.0,7,3.0,one_red,fast,30,25,196,32.1,1.1,3.45,0.42,8.87,0.92,-1.67,64,42.2,1.4,5.12,0.8,3.88,,,,,
sterling_kite_engine,NIFTY 50,delta1,21,1.0,14,2.0,7,3.0,one_red,fast,48,25,196,35.2,1.12,7.67,0.52,15.74,0.9,-3.94,64,43.8,1.46,11.61,1.02,6.96,,,,,
sterling_kite_engine,NIFTY 50,options_atm,21,1.0,14,2.0,7,3.0,one_red,fast,48,25,196,32.1,1.16,5.29,0.6,9.04,0.96,-0.73,64,42.2,1.47,6.03,0.9,3.89,,,,,
sterling_kite_engine,NIFTY 50,delta1,21,1.0,14,2.0,7,3.0,one_red,mid,none,none,554,37.0,1.19,39.63,0.94,13.88,1.29,38.13,164,39.0,1.02,1.5,0.09,13.91,,,,,
sterling_kite_engine,NIFTY 50,options_atm,21,1.0,14,2.0,7,3.0,one_red,mid,none,none,554,31.6,1.17,19.02,0.78,9.65,1.3,21.09,164,32.3,0.95,-2.08,-0.23,8.9,,,,,
sterling_kite_engine,NIFTY 50,delta1,21,1.0,14,2.0,7,3.0,one_red,mid,18,none,559,39.5,1.08,16.74,0.46,16.5,1.12,15.09,165,40.0,1.02,1.66,0.1,12.92,,,,,
sterling_kite_engine,NIFTY 50,options_atm,21,1.0,14,2.0,7,3.0,one_red,mid,18,none,559,34.7,1.06,6.78,0.34,12.42,1.1,6.8,165,33.9,1.0,-0.02,-0.0,6.52,,,,,
sterling_kite_engine,NIFTY 50,delta1,21,1.0,14,2.0,7,3.0,one_red,mid,30,none,554,37.4,1.16,33.24,0.81,14.37,1.24,31.65,164,39.0,1.02,1.59,0.09,13.64,,,,,
sterling_kite_engine,NIFTY 50,options_atm,21,1.0,14,2.0,7,3.0,one_red,mid,30,none,554,32.1,1.16,17.35,0.72,9.73,1.26,17.87,164,32.3,0.99,-0.52,-0.05,7.53,,,,,
sterling_kite_engine,NIFTY 50,delta1,21,1.0,14,2.0,7,3.0,one_red,mid,48,none,554,37.0,1.2,41.88,0.98,13.8,1.3,38.99,164,39.0,1.04,2.88,0.16,13.72,,,,,
sterling_kite_engine,NIFTY 50,options_atm,21,1.0,14,2.0,7,3.0,one_red,mid,48,none,554,31.6,1.19,21.75,0.87,9.57,1.32,22.18,164,32.3,0.99,-0.43,-0.04,8.79,,,,,
sterling_kite_engine,NIFTY 50,delta1,21,1.0,14,2.0,7,3.0,one_red,mid,none,15,520,36.5,1.18,36.02,0.9,13.41,1.27,33.13,156,39.1,1.04,2.88,0.17,12.8,,,,,
sterling_kite_engine,NIFTY 50,options_atm,21,1.0,14,2.0,7,3.0,one_red,mid,none,15,520,31.0,1.17,17.78,0.77,9.21,1.29,18.9,156,32.1,0.97,-1.12,-0.12,8.58,,,,,
sterling_kite_engine,NIFTY 50,delta1,21,1.0,14,2.0,7,3.0,one_red,mid,18,15,522,38.7,1.06,12.23,0.35,17.64,1.08,9.19,157,40.1,1.04,3.04,0.18,11.77,,,,,
sterling_kite_engine,NIFTY 50,options_atm,21,1.0,14,2.0,7,3.0,one_red,mid,18,15,522,33.7,1.05,5.19,0.27,12.8,1.07,4.25,157,33.8,1.02,0.94,0.11,6.26,,,,,
sterling_kite_engine,NIFTY 50,delta1,21,1.0,14,2.0,7,3.0,one_red,mid,30,15,520,36.9,1.16,31.86,0.81,13.68,1.24,28.89,156,39.1,1.04,2.97,0.17,12.51,,,,,
sterling_kite_engine,NIFTY 50,options_atm,21,1.0,14,2.0,7,3.0,one_red,mid,30,15,520,31.5,1.17,17.57,0.77,9.13,1.26,17.13,156,32.1,1.01,0.44,0.05,7.23,,,,,
sterling_kite_engine,NIFTY 50,delta1,21,1.0,14,2.0,7,3.0,one_red,mid,48,15,520,36.5,1.19,37.56,0.94,13.39,1.27,33.3,156,39.1,1.05,4.26,0.24,12.63,,,,,
sterling_kite_engine,NIFTY 50,options_atm,21,1.0,14,2.0,7,3.0,one_red,mid,48,15,520,31.0,1.19,19.88,0.85,9.17,1.3,19.35,156,32.1,1.01,0.53,0.05,8.49,,,,,
sterling_kite_engine,NIFTY 50,delta1,21,1.0,14,2.0,7,3.0,one_red,mid,none,20,364,34.3,1.06,8.49,0.29,15.36,1.2,17.52,114,36.8,0.86,-9.03,-0.61,17.47,,,,,
sterling_kite_engine,NIFTY 50,options_atm,21,1.0,14,2.0,7,3.0,one_red,mid,none,20,364,28.8,1.08,6.24,0.37,10.11,1.27,12.67,114,28.9,0.8,-6.43,-0.82,10.39,,,,,
sterling_kite_engine,NIFTY 50,delta1,21,1.0,14,2.0,7,3.0,one_red,mid,18,20,365,35.6,0.9,-14.53,-0.59,21.82,0.93,-5.75,115,37.4,0.86,-8.78,-0.61,17.22,,,,,
sterling_kite_engine,NIFTY 50,options_atm,21,1.0,14,2.0,7,3.0,one_red,mid,18,20,365,31.0,0.91,-7.27,-0.54,13.18,0.95,-2.24,115,30.4,0.84,-5.03,-0.66,9.34,,,,,
sterling_kite_engine,NIFTY 50,delta1,21,1.0,14,2.0,7,3.0,one_red,mid,30,20,364,34.9,1.02,3.08,0.11,16.37,1.13,11.29,114,36.8,0.87,-8.21,-0.54,17.34,,,,,
sterling_kite_engine,NIFTY 50,options_atm,21,1.0,14,2.0,7,3.0,one_red,mid,30,20,364,29.7,1.05,4.2,0.25,10.53,1.19,8.96,114,28.9,0.85,-4.76,-0.57,9.28,,,,,
sterling_kite_engine,NIFTY 50,delta1,21,1.0,14,2.0,7,3.0,one_red,mid,48,20,364,34.3,1.06,9.84,0.34,15.39,1.19,17.33,114,36.8,0.88,-7.49,-0.48,17.4,,,,,
sterling_kite_engine,NIFTY 50,options_atm,21,1.0,14,2.0,7,3.0,one_red,mid,48,20,364,28.8,1.1,8.02,0.46,9.55,1.27,12.83,114,28.9,0.85,-4.81,-0.56,10.26,,,,,
sterling_kite_engine,NIFTY 50,delta1,21,1.0,14,2.0,7,3.0,one_red,mid,none,25,195,32.8,0.97,-2.8,-0.17,19.12,0.96,-1.81,63,36.5,0.97,-0.99,-0.09,10.74,,,,,
sterling_kite_engine,NIFTY 50,options_atm,21,1.0,14,2.0,7,3.0,one_red,mid,none,25,195,28.7,0.98,-0.68,-0.07,11.5,1.03,0.85,63,30.2,0.91,-1.53,-0.25,5.78,,,,,
sterling_kite_engine,NIFTY 50,delta1,21,1.0,14,2.0,7,3.0,one_red,mid,18,25,196,34.7,0.88,-9.84,-0.68,20.03,0.87,-6.25,64,37.5,0.9,-3.59,-0.36,10.1,,,,,
sterling_kite_engine,NIFTY 50,options_atm,21,1.0,14,2.0,7,3.0,one_red,mid,18,25,196,31.6,0.9,-4.05,-0.5,11.39,0.94,-1.52,64,32.8,0.86,-2.53,-0.49,5.47,,,,,
sterling_kite_engine,NIFTY 50,delta1,21,1.0,14,2.0,7,3.0,one_red,mid,30,25,195,33.3,0.92,-6.5,-0.4,20.23,0.88,-5.72,63,36.5,0.98,-0.77,-0.07,10.71,,,,,
sterling_kite_engine,NIFTY 50,options_atm,21,1.0,14,2.0,7,3.0,one_red,mid,30,25,195,29.2,0.95,-2.12,-0.23,11.69,0.93,-1.84,63,30.2,0.98,-0.29,-0.04,5.77,,,,,
sterling_kite_engine,NIFTY 50,delta1,21,1.0,14,2.0,7,3.0,one_red,mid,48,25,195,32.8,0.99,-0.66,-0.04,18.33,0.97,-1.21,63,36.5,1.02,0.55,0.04,10.74,,,,,
sterling_kite_engine,NIFTY 50,options_atm,21,1.0,14,2.0,7,3.0,one_red,mid,48,25,195,28.7,1.04,1.6,0.15,10.75,1.06,1.52,63,30.2,1.0,0.08,0.01,5.78,,,,,
sterling_kite_engine,NIFTY 50,delta1,21,1.0,14,2.0,7,3.0,two_red,fast,none,none,560,39.8,1.18,32.11,0.88,14.68,1.15,15.85,166,41.6,1.24,16.26,0.97,11.33,,,,,
sterling_kite_engine,NIFTY 50,options_atm,21,1.0,14,2.0,7,3.0,two_red,fast,none,none,560,34.3,1.21,18.95,0.89,9.96,1.18,10.1,166,36.7,1.26,8.86,0.95,6.06,,,,,
sterling_kite_engine,NIFTY 50,delta1,21,1.0,14,2.0,7,3.0,two_red,fast,18,none,561,39.9,1.1,16.79,0.52,17.5,1.08,8.26,166,41.6,1.13,8.53,0.58,12.14,,,,,
sterling_kite_engine,NIFTY 50,options_atm,21,1.0,14,2.0,7,3.0,two_red,fast,18,none,561,34.8,1.1,8.68,0.5,11.4,1.08,4.51,166,37.3,1.12,4.17,0.54,6.2,,,,,
sterling_kite_engine,NIFTY 50,delta1,21,1.0,14,2.0,7,3.0,two_red,fast,30,none,560,39.8,1.16,27.63,0.78,14.93,1.13,14.42,166,41.6,1.19,13.21,0.82,11.7,,,,,
sterling_kite_engine,NIFTY 50,options_atm,21,1.0,14,2.0,7,3.0,two_red,fast,30,none,560,34.3,1.18,16.36,0.79,9.97,1.16,9.11,166,36.7,1.21,7.25,0.81,6.18,,,,,
sterling_kite_engine,NIFTY 50,delta1,21,1.0,14,2.0,7,3.0,two_red,fast,48,none,560,39.8,1.18,32.35,0.89,14.68,1.15,15.85,166,41.6,1.24,16.51,0.98,11.31,,,,,
sterling_kite_engine,NIFTY 50,options_atm,21,1.0,14,2.0,7,3.0,two_red,fast,48,none,560,34.3,1.21,19.17,0.9,9.96,1.18,10.1,166,36.7,1.27,9.07,0.97,6.05,,,,,
sterling_kite_engine,NIFTY 50,delta1,21,1.0,14,2.0,7,3.0,two_red,fast,none,15,523,38.8,1.19,31.37,0.9,15.18,1.13,13.26,158,41.8,1.28,18.1,1.09,10.05,,,,,
sterling_kite_engine,NIFTY 50,options_atm,21,1.0,14,2.0,7,3.0,two_red,fast,none,15,523,33.5,1.23,19.24,0.94,10.02,1.18,9.38,158,36.7,1.31,9.86,1.06,5.44,,,,,
sterling_kite_engine,NIFTY 50,delta1,21,1.0,14,2.0,7,3.0,two_red,fast,18,15,524,38.9,1.1,16.11,0.53,18.07,1.06,5.73,158,41.8,1.16,10.37,0.71,10.71,,,,,
sterling_kite_engine,NIFTY 50,options_atm,21,1.0,14,2.0,7,3.0,two_red,fast,18,15,524,34.0,1.11,9.0,0.54,11.46,1.07,3.83,158,37.3,1.16,5.17,0.68,5.54,,,,,
sterling_kite_engine,NIFTY 50,delta1,21,1.0,14,2.0,7,3.0,two_red,fast,30,15,523,38.8,1.16,26.89,0.79,15.43,1.12,11.84,158,41.8,1.23,15.05,0.94,10.37,,,,,
sterling_kite_engine,NIFTY 50,options_atm,21,1.0,14,2.0,7,3.0,two_red,fast,30,15,523,33.5,1.2,16.65,0.84,10.03,1.16,8.4,158,36.7,1.26,8.25,0.93,5.55,,,,,
sterling_kite_engine,NIFTY 50,delta1,21,1.0,14,2.0,7,3.0,two_red,fast,48,15,523,38.8,1.19,31.61,0.91,15.18,1.13,13.26,158,41.8,1.29,18.35,1.1,10.03,,,,,
sterling_kite_engine,NIFTY 50,options_atm,21,1.0,14,2.0,7,3.0,two_red,fast,48,15,523,33.5,1.23,19.45,0.95,10.02,1.18,9.38,158,36.7,1.31,10.07,1.08,5.43,,,,,
sterling_kite_engine,NIFTY 50,delta1,21,1.0,14,2.0,7,3.0,two_red,fast,none,20,366,35.0,1.06,7.76,0.31,14.9,1.06,4.74,116,39.7,1.06,3.02,0.22,14.12,,,,,
sterling_kite_engine,NIFTY 50,options_atm,21,1.0,14,2.0,7,3.0,two_red,fast,none,20,366,30.3,1.12,8.02,0.53,8.84,1.16,6.26,116,34.5,1.07,1.76,0.23,7.86,,,,,
sterling_kite_engine,NIFTY 50,delta1,21,1.0,14,2.0,7,3.0,two_red,fast,18,20,366,35.0,0.96,-5.56,-0.26,18.03,0.95,-3.56,116,39.7,0.96,-2.0,-0.16,14.75,,,,,
sterling_kite_engine,NIFTY 50,options_atm,21,1.0,14,2.0,7,3.0,two_red,fast,18,20,366,30.6,0.97,-1.72,-0.15,10.33,0.99,-0.28,116,34.5,0.94,-1.44,-0.23,7.65,,,,,
sterling_kite_engine,NIFTY 50,delta1,21,1.0,14,2.0,7,3.0,two_red,fast,30,20,366,35.0,1.03,4.28,0.17,15.4,1.04,3.01,116,39.7,1.02,1.27,0.09,14.33,,,,,
sterling_kite_engine,NIFTY 50,options_atm,21,1.0,14,2.0,7,3.0,two_red,fast,30,20,366,30.3,1.09,5.78,0.39,9.03,1.13,4.92,116,34.5,1.03,0.86,0.12,7.49,,,,,
sterling_kite_engine,NIFTY 50,delta1,21,1.0,14,2.0,7,3.0,two_red,fast,48,20,366,35.0,1.06,7.76,0.31,14.9,1.06,4.74,116,39.7,1.06,3.02,0.22,14.12,,,,,
sterling_kite_engine,NIFTY 50,options_atm,21,1.0,14,2.0,7,3.0,two_red,fast,48,20,366,30.3,1.12,8.02,0.53,8.84,1.16,6.26,116,34.5,1.07,1.76,0.23,7.86,,,,,
sterling_kite_engine,NIFTY 50,delta1,21,1.0,14,2.0,7,3.0,two_red,fast,none,25,196,35.2,1.12,7.67,0.52,15.74,0.9,-3.94,64,43.8,1.46,11.61,1.02,6.96,,,,,
sterling_kite_engine,NIFTY 50,options_atm,21,1.0,14,2.0,7,3.0,two_red,fast,none,25,196,32.1,1.16,5.29,0.6,9.04,0.96,-0.73,64,42.2,1.47,6.03,0.9,3.89,,,,,
sterling_kite_engine,NIFTY 50,delta1,21,1.0,14,2.0,7,3.0,two_red,fast,18,25,196,35.2,1.05,3.1,0.23,16.28,0.91,-3.44,64,43.8,1.26,6.53,0.7,7.25,,,,,
sterling_kite_engine,NIFTY 50,options_atm,21,1.0,14,2.0,7,3.0,two_red,fast,18,25,196,32.7,1.08,2.64,0.35,9.12,0.99,-0.15,64,42.2,1.22,2.79,0.57,3.94,,,,,
sterling_kite_engine,NIFTY 50,delta1,21,1.0,14,2.0,7,3.0,two_red,fast,30,25,196,35.2,1.07,4.79,0.34,15.72,0.87,-5.06,64,43.8,1.39,9.85,0.91,6.95,,,,,
sterling_kite_engine,NIFTY 50,options_atm,21,1.0,14,2.0,7,3.0,two_red,fast,30,25,196,32.1,1.1,3.45,0.42,8.87,0.92,-1.67,64,42.2,1.4,5.12,0.8,3.88,,,,,
sterling_kite_engine,NIFTY 50,delta1,21,1.0,14,2.0,7,3.0,two_red,fast,48,25,196,35.2,1.12,7.67,0.52,15.74,0.9,-3.94,64,43.8,1.46,11.61,1.02,6.96,,,,,
sterling_kite_engine,NIFTY 50,options_atm,21,1.0,14,2.0,7,3.0,two_red,fast,48,25,196,32.1,1.16,5.29,0.6,9.04,0.96,-0.73,64,42.2,1.47,6.03,0.9,3.89,,,,,
sterling_kite_engine,NIFTY 50,delta1,21,1.0,14,2.0,7,3.0,two_red,mid,none,none,463,35.4,1.08,16.98,0.43,15.3,1.16,21.69,137,40.1,0.95,-4.71,-0.26,18.16,,,,,
sterling_kite_engine,NIFTY 50,options_atm,21,1.0,14,2.0,7,3.0,two_red,mid,none,none,463,31.1,1.04,4.15,0.19,11.7,1.15,11.23,137,35.8,0.84,-7.08,-0.78,12.62,,,,,
sterling_kite_engine,NIFTY 50,delta1,21,1.0,14,2.0,7,3.0,two_red,mid,18,none,513,41.5,1.0,-0.08,-0.0,16.83,1.07,9.56,153,43.8,0.89,-9.63,-0.57,16.55,,,,,
sterling_kite_engine,NIFTY 50,options_atm,21,1.0,14,2.0,7,3.0,two_red,mid,18,none,513,36.8,0.99,-1.23,-0.06,13.11,1.07,5.06,153,35.9,0.86,-6.29,-0.74,8.38,,,,,
sterling_kite_engine,NIFTY 50,delta1,21,1.0,14,2.0,7,3.0,two_red,mid,30,none,480,37.1,1.1,23.19,0.57,12.1,1.14,19.76,142,40.8,1.04,3.43,0.18,14.09,,,,,
sterling_kite_engine,NIFTY 50,options_atm,21,1.0,14,2.0,7,3.0,two_red,mid,30,none,480,32.5,1.11,12.91,0.55,7.92,1.16,11.63,142,35.2,1.03,1.28,0.12,8.75,,,,,
sterling_kite_engine,NIFTY 50,delta1,21,1.0,14,2.0,7,3.0,two_red,mid,48,none,467,35.5,1.08,17.09,0.43,15.11,1.16,21.72,137,40.1,0.95,-4.63,-0.25,17.95,,,,,
sterling_kite_engine,NIFTY 50,options_atm,21,1.0,14,2.0,7,3.0,two_red,mid,48,none,467,31.3,1.05,5.88,0.26,10.98,1.16,11.97,137,35.8,0.86,-6.1,-0.63,12.21,,,,,
sterling_kite_engine,NIFTY 50,delta1,21,1.0,14,2.0,7,3.0,two_red,mid,none,15,441,34.9,1.06,12.26,0.33,16.88,1.15,19.06,134,39.6,0.92,-6.8,-0.38,19.66,,,,,
sterling_kite_engine,NIFTY 50,options_atm,21,1.0,14,2.0,7,3.0,two_red,mid,none,15,441,30.6,1.02,2.37,0.11,12.14,1.15,10.29,134,35.1,0.82,-7.92,-0.88,13.31,,,,,
sterling_kite_engine,NIFTY 50,delta1,21,1.0,14,2.0,7,3.0,two_red,mid,18,15,483,41.2,0.97,-5.76,-0.17,19.18,1.04,4.89,148,43.9,0.88,-10.64,-0.64,18.4,,,,,
sterling_kite_engine,NIFTY 50,options_atm,21,1.0,14,2.0,7,3.0,two_red,mid,18,15,483,36.2,0.97,-3.71,-0.2,14.11,1.04,2.86,148,35.8,0.85,-6.57,-0.79,9.34,,,,,
sterling_kite_engine,NIFTY 50,delta1,21,1.0,14,2.0,7,3.0,two_red,mid,30,15,455,37.1,1.11,23.33,0.6,12.3,1.15,19.57,137,41.6,1.04,3.75,0.19,14.3,,,,,
sterling_kite_engine,NIFTY 50,options_atm,21,1.0,14,2.0,7,3.0,two_red,mid,30,15,455,32.3,1.12,13.77,0.61,7.91,1.18,12.21,137,35.0,1.04,1.56,0.15,8.78,,,,,
sterling_kite_engine,NIFTY 50,delta1,21,1.0,14,2.0,7,3.0,two_red,mid,48,15,445,35.1,1.05,11.14,0.3,17.18,1.15,18.4,134,39.6,0.92,-7.26,-0.4,19.92,,,,,
sterling_kite_engine,NIFTY 50,options_atm,21,1.0,14,2.0,7,3.0,two_red,mid,48,15,445,30.8,1.03,3.1,0.14,12.07,1.15,10.41,134,35.1,0.83,-7.31,-0.76,13.24,,,,,
sterling_kite_engine,NIFTY 50,delta1,21,1.0,14,2.0,7,3.0,two_red,mid,none,20,313,34.5,0.97,-4.11,-0.15,21.25,1.11,10.41,100,39.0,0.79,-14.52,-0.95,23.25,,,,,
sterling_kite_engine,NIFTY 50,options_atm,21,1.0,14,2.0,7,3.0,two_red,mid,none,20,313,29.4,0.97,-2.63,-0.16,14.05,1.17,8.36,100,32.0,0.68,-10.99,-1.44,14.23,,,,,
sterling_kite_engine,NIFTY 50,delta1,21,1.0,14,2.0,7,3.0,two_red,mid,18,20,340,39.1,0.86,-22.56,-0.93,26.85,0.95,-4.34,108,41.7,0.74,-18.23,-1.31,24.86,,,,,
sterling_kite_engine,NIFTY 50,options_atm,21,1.0,14,2.0,7,3.0,two_red,mid,18,20,340,34.1,0.86,-11.28,-0.87,16.33,0.98,-0.78,108,33.3,0.7,-10.5,-1.56,13.09,,,,,
sterling_kite_engine,NIFTY 50,delta1,21,1.0,14,2.0,7,3.0,two_red,mid,30,20,323,37.2,1.03,5.22,0.18,17.58,1.1,9.76,102,41.2,0.93,-4.54,-0.27,19.04,,,,,
sterling_kite_engine,NIFTY 50,options_atm,21,1.0,14,2.0,7,3.0,two_red,mid,30,20,323,31.6,1.08,6.75,0.4,9.88,1.18,9.12,102,33.3,0.93,-2.37,-0.25,10.7,,,,,
sterling_kite_engine,NIFTY 50,delta1,21,1.0,14,2.0,7,3.0,two_red,mid,48,20,315,34.9,0.99,-0.92,-0.03,20.43,1.14,13.21,100,39.0,0.8,-14.13,-0.9,22.86,,,,,
sterling_kite_engine,NIFTY 50,options_atm,21,1.0,14,2.0,7,3.0,two_red,mid,48,20,315,30.2,1.01,0.63,0.04,12.43,1.21,10.56,100,33.0,0.71,-9.93,-1.2,13.69,,,,,
sterling_kite_engine,NIFTY 50,delta1,21,1.0,14,2.0,7,3.0,two_red,mid,none,25,175,33.7,0.89,-10.47,-0.58,28.22,0.77,-13.36,57,42.1,1.08,2.89,0.23,10.5,,,,,
sterling_kite_engine,NIFTY 50,options_atm,21,1.0,14,2.0,7,3.0,two_red,mid,none,25,175,26.9,0.88,-5.66,-0.56,16.58,0.81,-5.47,57,33.3,0.99,-0.19,-0.03,5.63,,,,,
sterling_kite_engine,NIFTY 50,delta1,21,1.0,14,2.0,7,3.0,two_red,mid,18,25,187,37.4,0.8,-18.54,-1.17,22.74,0.74,-14.62,61,42.6,0.9,-3.92,-0.36,9.44,,,,,
sterling_kite_engine,NIFTY 50,options_atm,21,1.0,14,2.0,7,3.0,two_red,mid,18,25,187,33.7,0.83,-7.83,-0.91,12.24,0.81,-5.29,61,37.7,0.87,-2.54,-0.46,4.87,,,,,
sterling_kite_engine,NIFTY 50,delta1,21,1.0,14,2.0,7,3.0,two_red,mid,30,25,179,35.8,0.97,-3.29,-0.17,22.95,0.8,-11.63,59,44.1,1.22,8.34,0.58,7.94,,,,,
sterling_kite_engine,NIFTY 50,options_atm,21,1.0,14,2.0,7,3.0,two_red,mid,30,25,179,29.1,1.03,1.32,0.12,12.76,0.86,-4.02,59,35.6,1.29,5.34,0.63,4.32,,,,,
sterling_kite_engine,NIFTY 50,delta1,21,1.0,14,2.0,7,3.0,two_red,mid,48,25,176,34.1,0.93,-6.15,-0.33,24.4,0.84,-9.18,57,42.1,1.08,3.03,0.23,10.5,,,,,
sterling_kite_engine,NIFTY 50,options_atm,21,1.0,14,2.0,7,3.0,two_red,mid,48,25,176,27.8,0.96,-1.7,-0.15,13.87,0.92,-2.39,57,35.1,1.04,0.69,0.09,5.63,,,,,
sterling_kite_engine,NIFTY 50,delta1,21,1.0,14,2.0,7,3.0,three_red,fast,none,none,560,39.8,1.18,32.11,0.88,14.68,1.15,15.85,166,41.6,1.24,16.26,0.97,11.33,,,,,
sterling_kite_engine,NIFTY 50,options_atm,21,1.0,14,2.0,7,3.0,three_red,fast,none,none,560,34.3,1.21,18.95,0.89,9.96,1.18,10.1,166,36.7,1.26,8.86,0.95,6.06,,,,,
sterling_kite_engine,NIFTY 50,delta1,21,1.0,14,2.0,7,3.0,three_red,fast,18,none,561,39.9,1.1,16.79,0.52,17.5,1.08,8.26,166,41.6,1.13,8.53,0.58,12.14,,,,,
sterling_kite_engine,NIFTY 50,options_atm,21,1.0,14,2.0,7,3.0,three_red,fast,18,none,561,34.8,1.1,8.68,0.5,11.4,1.08,4.51,166,37.3,1.12,4.17,0.54,6.2,,,,,
sterling_kite_engine,NIFTY 50,delta1,21,1.0,14,2.0,7,3.0,three_red,fast,30,none,560,39.8,1.16,27.63,0.78,14.93,1.13,14.42,166,41.6,1.19,13.21,0.82,11.7,,,,,
sterling_kite_engine,NIFTY 50,options_atm,21,1.0,14,2.0,7,3.0,three_red,fast,30,none,560,34.3,1.18,16.36,0.79,9.97,1.16,9.11,166,36.7,1.21,7.25,0.81,6.18,,,,,
sterling_kite_engine,NIFTY 50,delta1,21,1.0,14,2.0,7,3.0,three_red,fast,48,none,560,39.8,1.18,32.35,0.89,14.68,1.15,15.85,166,41.6,1.24,16.51,0.98,11.31,,,,,
sterling_kite_engine,NIFTY 50,options_atm,21,1.0,14,2.0,7,3.0,three_red,fast,48,none,560,34.3,1.21,19.17,0.9,9.96,1.18,10.1,166,36.7,1.27,9.07,0.97,6.05,,,,,
sterling_kite_engine,NIFTY 50,delta1,21,1.0,14,2.0,7,3.0,three_red,fast,none,15,523,38.8,1.19,31.37,0.9,15.18,1.13,13.26,158,41.8,1.28,18.1,1.09,10.05,,,,,
sterling_kite_engine,NIFTY 50,options_atm,21,1.0,14,2.0,7,3.0,three_red,fast,none,15,523,33.5,1.23,19.24,0.94,10.02,1.18,9.38,158,36.7,1.31,9.86,1.06,5.44,,,,,
sterling_kite_engine,NIFTY 50,delta1,21,1.0,14,2.0,7,3.0,three_red,fast,18,15,524,38.9,1.1,16.11,0.53,18.07,1.06,5.73,158,41.8,1.16,10.37,0.71,10.71,,,,,
sterling_kite_engine,NIFTY 50,options_atm,21,1.0,14,2.0,7,3.0,three_red,fast,18,15,524,34.0,1.11,9.0,0.54,11.46,1.07,3.83,158,37.3,1.16,5.17,0.68,5.54,,,,,
sterling_kite_engine,NIFTY 50,delta1,21,1.0,14,2.0,7,3.0,three_red,fast,30,15,523,38.8,1.16,26.89,0.79,15.43,1.12,11.84,158,41.8,1.23,15.05,0.94,10.37,,,,,
sterling_kite_engine,NIFTY 50,options_atm,21,1.0,14,2.0,7,3.0,three_red,fast,30,15,523,33.5,1.2,16.65,0.84,10.03,1.16,8.4,158,36.7,1.26,8.25,0.93,5.55,,,,,
sterling_kite_engine,NIFTY 50,delta1,21,1.0,14,2.0,7,3.0,three_red,fast,48,15,523,38.8,1.19,31.61,0.91,15.18,1.13,13.26,158,41.8,1.29,18.35,1.1,10.03,,,,,
sterling_kite_engine,NIFTY 50,options_atm,21,1.0,14,2.0,7,3.0,three_red,fast,48,15,523,33.5,1.23,19.45,0.95,10.02,1.18,9.38,158,36.7,1.31,10.07,1.08,5.43,,,,,
sterling_kite_engine,NIFTY 50,delta1,21,1.0,14,2.0,7,3.0,three_red,fast,none,20,366,35.0,1.06,7.76,0.31,14.9,1.06,4.74,116,39.7,1.06,3.02,0.22,14.12,,,,,
sterling_kite_engine,NIFTY 50,options_atm,21,1.0,14,2.0,7,3.0,three_red,fast,none,20,366,30.3,1.12,8.02,0.53,8.84,1.16,6.26,116,34.5,1.07,1.76,0.23,7.86,,,,,
sterling_kite_engine,NIFTY 50,delta1,21,1.0,14,2.0,7,3.0,three_red,fast,18,20,366,35.0,0.96,-5.56,-0.26,18.03,0.95,-3.56,116,39.7,0.96,-2.0,-0.16,14.75,,,,,
sterling_kite_engine,NIFTY 50,options_atm,21,1.0,14,2.0,7,3.0,three_red,fast,18,20,366,30.6,0.97,-1.72,-0.15,10.33,0.99,-0.28,116,34.5,0.94,-1.44,-0.23,7.65,,,,,
sterling_kite_engine,NIFTY 50,delta1,21,1.0,14,2.0,7,3.0,three_red,fast,30,20,366,35.0,1.03,4.28,0.17,15.4,1.04,3.01,116,39.7,1.02,1.27,0.09,14.33,,,,,
sterling_kite_engine,NIFTY 50,options_atm,21,1.0,14,2.0,7,3.0,three_red,fast,30,20,366,30.3,1.09,5.78,0.39,9.03,1.13,4.92,116,34.5,1.03,0.86,0.12,7.49,,,,,
sterling_kite_engine,NIFTY 50,delta1,21,1.0,14,2.0,7,3.0,three_red,fast,48,20,366,35.0,1.06,7.76,0.31,14.9,1.06,4.74,116,39.7,1.06,3.02,0.22,14.12,,,,,
sterling_kite_engine,NIFTY 50,options_atm,21,1.0,14,2.0,7,3.0,three_red,fast,48,20,366,30.3,1.12,8.02,0.53,8.84,1.16,6.26,116,34.5,1.07,1.76,0.23,7.86,,,,,
sterling_kite_engine,NIFTY 50,delta1,21,1.0,14,2.0,7,3.0,three_red,fast,none,25,196,35.2,1.12,7.67,0.52,15.74,0.9,-3.94,64,43.8,1.46,11.61,1.02,6.96,,,,,
sterling_kite_engine,NIFTY 50,options_atm,21,1.0,14,2.0,7,3.0,three_red,fast,none,25,196,32.1,1.16,5.29,0.6,9.04,0.96,-0.73,64,42.2,1.47,6.03,0.9,3.89,,,,,
sterling_kite_engine,NIFTY 50,delta1,21,1.0,14,2.0,7,3.0,three_red,fast,18,25,196,35.2,1.05,3.1,0.23,16.28,0.91,-3.44,64,43.8,1.26,6.53,0.7,7.25,,,,,
sterling_kite_engine,NIFTY 50,options_atm,21,1.0,14,2.0,7,3.0,three_red,fast,18,25,196,32.7,1.08,2.64,0.35,9.12,0.99,-0.15,64,42.2,1.22,2.79,0.57,3.94,,,,,
sterling_kite_engine,NIFTY 50,delta1,21,1.0,14,2.0,7,3.0,three_red,fast,30,25,196,35.2,1.07,4.79,0.34,15.72,0.87,-5.06,64,43.8,1.39,9.85,0.91,6.95,,,,,
sterling_kite_engine,NIFTY 50,options_atm,21,1.0,14,2.0,7,3.0,three_red,fast,30,25,196,32.1,1.1,3.45,0.42,8.87,0.92,-1.67,64,42.2,1.4,5.12,0.8,3.88,,,,,
sterling_kite_engine,NIFTY 50,delta1,21,1.0,14,2.0,7,3.0,three_red,fast,48,25,196,35.2,1.12,7.67,0.52,15.74,0.9,-3.94,64,43.8,1.46,11.61,1.02,6.96,,,,,
sterling_kite_engine,NIFTY 50,options_atm,21,1.0,14,2.0,7,3.0,three_red,fast,48,25,196,32.1,1.16,5.29,0.6,9.04,0.96,-0.73,64,42.2,1.47,6.03,0.9,3.89,,,,,
sterling_kite_engine,NIFTY 50,delta1,21,1.0,14,2.0,7,3.0,three_red,mid,none,none,463,35.4,1.08,16.98,0.43,15.3,1.16,21.69,137,40.1,0.95,-4.71,-0.26,18.16,,,,,
sterling_kite_engine,NIFTY 50,options_atm,21,1.0,14,2.0,7,3.0,three_red,mid,none,none,463,31.1,1.04,4.15,0.19,11.7,1.15,11.23,137,35.8,0.84,-7.08,-0.78,12.62,,,,,
sterling_kite_engine,NIFTY 50,delta1,21,1.0,14,2.0,7,3.0,three_red,mid,18,none,513,41.5,1.0,-0.08,-0.0,16.83,1.07,9.56,153,43.8,0.89,-9.63,-0.57,16.55,,,,,
sterling_kite_engine,NIFTY 50,options_atm,21,1.0,14,2.0,7,3.0,three_red,mid,18,none,513,36.8,0.99,-1.23,-0.06,13.11,1.07,5.06,153,35.9,0.86,-6.29,-0.74,8.38,,,,,
sterling_kite_engine,NIFTY 50,delta1,21,1.0,14,2.0,7,3.0,three_red,mid,30,none,480,37.1,1.1,23.19,0.57,12.1,1.14,19.76,142,40.8,1.04,3.43,0.18,14.09,,,,,
sterling_kite_engine,NIFTY 50,options_atm,21,1.0,14,2.0,7,3.0,three_red,mid,30,none,480,32.5,1.11,12.91,0.55,7.92,1.16,11.63,142,35.2,1.03,1.28,0.12,8.75,,,,,
sterling_kite_engine,NIFTY 50,delta1,21,1.0,14,2.0,7,3.0,three_red,mid,48,none,467,35.5,1.08,17.09,0.43,15.11,1.16,21.72,137,40.1,0.95,-4.63,-0.25,17.95,,,,,
sterling_kite_engine,NIFTY 50,options_atm,21,1.0,14,2.0,7,3.0,three_red,mid,48,none,467,31.3,1.05,5.88,0.26,10.98,1.16,11.97,137,35.8,0.86,-6.1,-0.63,12.21,,,,,
sterling_kite_engine,NIFTY 50,delta1,21,1.0,14,2.0,7,3.0,three_red,mid,none,15,441,34.9,1.06,12.26,0.33,16.88,1.15,19.06,134,39.6,0.92,-6.8,-0.38,19.66,,,,,
sterling_kite_engine,NIFTY 50,options_atm,21,1.0,14,2.0,7,3.0,three_red,mid,none,15,441,30.6,1.02,2.37,0.11,12.14,1.15,10.29,134,35.1,0.82,-7.92,-0.88,13.31,,,,,
sterling_kite_engine,NIFTY 50,delta1,21,1.0,14,2.0,7,3.0,three_red,mid,18,15,483,41.2,0.97,-5.76,-0.17,19.18,1.04,4.89,148,43.9,0.88,-10.64,-0.64,18.4,,,,,
sterling_kite_engine,NIFTY 50,options_atm,21,1.0,14,2.0,7,3.0,three_red,mid,18,15,483,36.2,0.97,-3.71,-0.2,14.11,1.04,2.86,148,35.8,0.85,-6.57,-0.79,9.34,,,,,
sterling_kite_engine,NIFTY 50,delta1,21,1.0,14,2.0,7,3.0,three_red,mid,30,15,455,37.1,1.11,23.33,0.6,12.3,1.15,19.57,137,41.6,1.04,3.75,0.19,14.3,,,,,
sterling_kite_engine,NIFTY 50,options_atm,21,1.0,14,2.0,7,3.0,three_red,mid,30,15,455,32.3,1.12,13.77,0.61,7.91,1.18,12.21,137,35.0,1.04,1.56,0.15,8.78,,,,,
sterling_kite_engine,NIFTY 50,delta1,21,1.0,14,2.0,7,3.0,three_red,mid,48,15,445,35.1,1.05,11.14,0.3,17.18,1.15,18.4,134,39.6,0.92,-7.26,-0.4,19.92,,,,,
sterling_kite_engine,NIFTY 50,options_atm,21,1.0,14,2.0,7,3.0,three_red,mid,48,15,445,30.8,1.03,3.1,0.14,12.07,1.15,10.41,134,35.1,0.83,-7.31,-0.76,13.24,,,,,
sterling_kite_engine,NIFTY 50,delta1,21,1.0,14,2.0,7,3.0,three_red,mid,none,20,313,34.5,0.97,-4.11,-0.15,21.25,1.11,10.41,100,39.0,0.79,-14.52,-0.95,23.25,,,,,
sterling_kite_engine,NIFTY 50,options_atm,21,1.0,14,2.0,7,3.0,three_red,mid,none,20,313,29.4,0.97,-2.63,-0.16,14.05,1.17,8.36,100,32.0,0.68,-10.99,-1.44,14.23,,,,,
sterling_kite_engine,NIFTY 50,delta1,21,1.0,14,2.0,7,3.0,three_red,mid,18,20,340,39.1,0.86,-22.56,-0.93,26.85,0.95,-4.34,108,41.7,0.74,-18.23,-1.31,24.86,,,,,
sterling_kite_engine,NIFTY 50,options_atm,21,1.0,14,2.0,7,3.0,three_red,mid,18,20,340,34.1,0.86,-11.28,-0.87,16.33,0.98,-0.78,108,33.3,0.7,-10.5,-1.56,13.09,,,,,
sterling_kite_engine,NIFTY 50,delta1,21,1.0,14,2.0,7,3.0,three_red,mid,30,20,323,37.2,1.03,5.22,0.18,17.58,1.1,9.76,102,41.2,0.93,-4.54,-0.27,19.04,,,,,
sterling_kite_engine,NIFTY 50,options_atm,21,1.0,14,2.0,7,3.0,three_red,mid,30,20,323,31.6,1.08,6.75,0.4,9.88,1.18,9.12,102,33.3,0.93,-2.37,-0.25,10.7,,,,,
sterling_kite_engine,NIFTY 50,delta1,21,1.0,14,2.0,7,3.0,three_red,mid,48,20,315,34.9,0.99,-0.92,-0.03,20.43,1.14,13.21,100,39.0,0.8,-14.13,-0.9,22.86,,,,,
sterling_kite_engine,NIFTY 50,options_atm,21,1.0,14,2.0,7,3.0,three_red,mid,48,20,315,30.2,1.01,0.63,0.04,12.43,1.21,10.56,100,33.0,0.71,-9.93,-1.2,13.69,,,,,
sterling_kite_engine,NIFTY 50,delta1,21,1.0,14,2.0,7,3.0,three_red,mid,none,25,175,33.7,0.89,-10.47,-0.58,28.22,0.77,-13.36,57,42.1,1.08,2.89,0.23,10.5,,,,,
sterling_kite_engine,NIFTY 50,options_atm,21,1.0,14,2.0,7,3.0,three_red,mid,none,25,175,26.9,0.88,-5.66,-0.56,16.58,0.81,-5.47,57,33.3,0.99,-0.19,-0.03,5.63,,,,,
sterling_kite_engine,NIFTY 50,delta1,21,1.0,14,2.0,7,3.0,three_red,mid,18,25,187,37.4,0.8,-18.54,-1.17,22.74,0.74,-14.62,61,42.6,0.9,-3.92,-0.36,9.44,,,,,
sterling_kite_engine,NIFTY 50,options_atm,21,1.0,14,2.0,7,3.0,three_red,mid,18,25,187,33.7,0.83,-7.83,-0.91,12.24,0.81,-5.29,61,37.7,0.87,-2.54,-0.46,4.87,,,,,
sterling_kite_engine,NIFTY 50,delta1,21,1.0,14,2.0,7,3.0,three_red,mid,30,25,179,35.8,0.97,-3.29,-0.17,22.95,0.8,-11.63,59,44.1,1.22,8.34,0.58,7.94,,,,,
sterling_kite_engine,NIFTY 50,options_atm,21,1.0,14,2.0,7,3.0,three_red,mid,30,25,179,29.1,1.03,1.32,0.12,12.76,0.86,-4.02,59,35.6,1.29,5.34,0.63,4.32,,,,,
sterling_kite_engine,NIFTY 50,delta1,21,1.0,14,2.0,7,3.0,three_red,mid,48,25,176,34.1,0.93,-6.15,-0.33,24.4,0.84,-9.18,57,42.1,1.08,3.03,0.23,10.5,,,,,
sterling_kite_engine,NIFTY 50,options_atm,21,1.0,14,2.0,7,3.0,three_red,mid,48,25,176,27.8,0.96,-1.7,-0.15,13.87,0.92,-2.39,57,35.1,1.04,0.69,0.09,5.63,,,,,
sterling_kite_engine,NIFTY 50,delta1,21,1.0,14,2.0,7,3.0,three_red_signal,fast,none,none,560,39.8,1.18,32.11,0.88,14.68,1.15,15.85,166,41.6,1.24,16.26,0.97,11.33,,,,,
sterling_kite_engine,NIFTY 50,options_atm,21,1.0,14,2.0,7,3.0,three_red_signal,fast,none,none,560,34.3,1.21,18.95,0.89,9.96,1.18,10.1,166,36.7,1.26,8.86,0.95,6.06,,,,,
sterling_kite_engine,NIFTY 50,delta1,21,1.0,14,2.0,7,3.0,three_red_signal,fast,18,none,561,39.9,1.1,16.79,0.52,17.5,1.08,8.26,166,41.6,1.13,8.53,0.58,12.14,,,,,
sterling_kite_engine,NIFTY 50,options_atm,21,1.0,14,2.0,7,3.0,three_red_signal,fast,18,none,561,34.8,1.1,8.68,0.5,11.4,1.08,4.51,166,37.3,1.12,4.17,0.54,6.2,,,,,
sterling_kite_engine,NIFTY 50,delta1,21,1.0,14,2.0,7,3.0,three_red_signal,fast,30,none,560,39.8,1.16,27.63,0.78,14.93,1.13,14.42,166,41.6,1.19,13.21,0.82,11.7,,,,,
sterling_kite_engine,NIFTY 50,options_atm,21,1.0,14,2.0,7,3.0,three_red_signal,fast,30,none,560,34.3,1.18,16.36,0.79,9.97,1.16,9.11,166,36.7,1.21,7.25,0.81,6.18,,,,,
sterling_kite_engine,NIFTY 50,delta1,21,1.0,14,2.0,7,3.0,three_red_signal,fast,48,none,560,39.8,1.18,32.35,0.89,14.68,1.15,15.85,166,41.6,1.24,16.51,0.98,11.31,,,,,
sterling_kite_engine,NIFTY 50,options_atm,21,1.0,14,2.0,7,3.0,three_red_signal,fast,48,none,560,34.3,1.21,19.17,0.9,9.96,1.18,10.1,166,36.7,1.27,9.07,0.97,6.05,,,,,
sterling_kite_engine,NIFTY 50,delta1,21,1.0,14,2.0,7,3.0,three_red_signal,fast,none,15,523,38.8,1.19,31.37,0.9,15.18,1.13,13.26,158,41.8,1.28,18.1,1.09,10.05,,,,,
sterling_kite_engine,NIFTY 50,options_atm,21,1.0,14,2.0,7,3.0,three_red_signal,fast,none,15,523,33.5,1.23,19.24,0.94,10.02,1.18,9.38,158,36.7,1.31,9.86,1.06,5.44,,,,,
sterling_kite_engine,NIFTY 50,delta1,21,1.0,14,2.0,7,3.0,three_red_signal,fast,18,15,524,38.9,1.1,16.11,0.53,18.07,1.06,5.73,158,41.8,1.16,10.37,0.71,10.71,,,,,
sterling_kite_engine,NIFTY 50,options_atm,21,1.0,14,2.0,7,3.0,three_red_signal,fast,18,15,524,34.0,1.11,9.0,0.54,11.46,1.07,3.83,158,37.3,1.16,5.17,0.68,5.54,,,,,
sterling_kite_engine,NIFTY 50,delta1,21,1.0,14,2.0,7,3.0,three_red_signal,fast,30,15,523,38.8,1.16,26.89,0.79,15.43,1.12,11.84,158,41.8,1.23,15.05,0.94,10.37,,,,,
sterling_kite_engine,NIFTY 50,options_atm,21,1.0,14,2.0,7,3.0,three_red_signal,fast,30,15,523,33.5,1.2,16.65,0.84,10.03,1.16,8.4,158,36.7,1.26,8.25,0.93,5.55,,,,,
sterling_kite_engine,NIFTY 50,delta1,21,1.0,14,2.0,7,3.0,three_red_signal,fast,48,15,523,38.8,1.19,31.61,0.91,15.18,1.13,13.26,158,41.8,1.29,18.35,1.1,10.03,,,,,
sterling_kite_engine,NIFTY 50,options_atm,21,1.0,14,2.0,7,3.0,three_red_signal,fast,48,15,523,33.5,1.23,19.45,0.95,10.02,1.18,9.38,158,36.7,1.31,10.07,1.08,5.43,,,,,
sterling_kite_engine,NIFTY 50,delta1,21,1.0,14,2.0,7,3.0,three_red_signal,fast,none,20,366,35.0,1.06,7.76,0.31,14.9,1.06,4.74,116,39.7,1.06,3.02,0.22,14.12,,,,,
sterling_kite_engine,NIFTY 50,options_atm,21,1.0,14,2.0,7,3.0,three_red_signal,fast,none,20,366,30.3,1.12,8.02,0.53,8.84,1.16,6.26,116,34.5,1.07,1.76,0.23,7.86,,,,,
sterling_kite_engine,NIFTY 50,delta1,21,1.0,14,2.0,7,3.0,three_red_signal,fast,18,20,366,35.0,0.96,-5.56,-0.26,18.03,0.95,-3.56,116,39.7,0.96,-2.0,-0.16,14.75,,,,,
sterling_kite_engine,NIFTY 50,options_atm,21,1.0,14,2.0,7,3.0,three_red_signal,fast,18,20,366,30.6,0.97,-1.72,-0.15,10.33,0.99,-0.28,116,34.5,0.94,-1.44,-0.23,7.65,,,,,
sterling_kite_engine,NIFTY 50,delta1,21,1.0,14,2.0,7,3.0,three_red_signal,fast,30,20,366,35.0,1.03,4.28,0.17,15.4,1.04,3.01,116,39.7,1.02,1.27,0.09,14.33,,,,,
sterling_kite_engine,NIFTY 50,options_atm,21,1.0,14,2.0,7,3.0,three_red_signal,fast,30,20,366,30.3,1.09,5.78,0.39,9.03,1.13,4.92,116,34.5,1.03,0.86,0.12,7.49,,,,,
sterling_kite_engine,NIFTY 50,delta1,21,1.0,14,2.0,7,3.0,three_red_signal,fast,48,20,366,35.0,1.06,7.76,0.31,14.9,1.06,4.74,116,39.7,1.06,3.02,0.22,14.12,,,,,
sterling_kite_engine,NIFTY 50,options_atm,21,1.0,14,2.0,7,3.0,three_red_signal,fast,48,20,366,30.3,1.12,8.02,0.53,8.84,1.16,6.26,116,34.5,1.07,1.76,0.23,7.86,,,,,
sterling_kite_engine,NIFTY 50,delta1,21,1.0,14,2.0,7,3.0,three_red_signal,fast,none,25,196,35.2,1.12,7.67,0.52,15.74,0.9,-3.94,64,43.8,1.46,11.61,1.02,6.96,,,,,
sterling_kite_engine,NIFTY 50,options_atm,21,1.0,14,2.0,7,3.0,three_red_signal,fast,none,25,196,32.1,1.16,5.29,0.6,9.04,0.96,-0.73,64,42.2,1.47,6.03,0.9,3.89,,,,,
sterling_kite_engine,NIFTY 50,delta1,21,1.0,14,2.0,7,3.0,three_red_signal,fast,18,25,196,35.2,1.05,3.1,0.23,16.28,0.91,-3.44,64,43.8,1.26,6.53,0.7,7.25,,,,,
sterling_kite_engine,NIFTY 50,options_atm,21,1.0,14,2.0,7,3.0,three_red_signal,fast,18,25,196,32.7,1.08,2.64,0.35,9.12,0.99,-0.15,64,42.2,1.22,2.79,0.57,3.94,,,,,
sterling_kite_engine,NIFTY 50,delta1,21,1.0,14,2.0,7,3.0,three_red_signal,fast,30,25,196,35.2,1.07,4.79,0.34,15.72,0.87,-5.06,64,43.8,1.39,9.85,0.91,6.95,,,,,
sterling_kite_engine,NIFTY 50,options_atm,21,1.0,14,2.0,7,3.0,three_red_signal,fast,30,25,196,32.1,1.1,3.45,0.42,8.87,0.92,-1.67,64,42.2,1.4,5.12,0.8,3.88,,,,,
sterling_kite_engine,NIFTY 50,delta1,21,1.0,14,2.0,7,3.0,three_red_signal,fast,48,25,196,35.2,1.12,7.67,0.52,15.74,0.9,-3.94,64,43.8,1.46,11.61,1.02,6.96,,,,,
sterling_kite_engine,NIFTY 50,options_atm,21,1.0,14,2.0,7,3.0,three_red_signal,fast,48,25,196,32.1,1.16,5.29,0.6,9.04,0.96,-0.73,64,42.2,1.47,6.03,0.9,3.89,,,,,
sterling_kite_engine,NIFTY 50,delta1,21,1.0,14,2.0,7,3.0,three_red_signal,mid,none,none,463,35.4,1.08,16.98,0.43,15.3,1.16,21.69,137,40.1,0.95,-4.71,-0.26,18.16,,,,,
sterling_kite_engine,NIFTY 50,options_atm,21,1.0,14,2.0,7,3.0,three_red_signal,mid,none,none,463,31.1,1.04,4.15,0.19,11.7,1.15,11.23,137,35.8,0.84,-7.08,-0.78,12.62,,,,,
sterling_kite_engine,NIFTY 50,delta1,21,1.0,14,2.0,7,3.0,three_red_signal,mid,18,none,513,41.5,1.0,-0.08,-0.0,16.83,1.07,9.56,153,43.8,0.89,-9.63,-0.57,16.55,,,,,
sterling_kite_engine,NIFTY 50,options_atm,21,1.0,14,2.0,7,3.0,three_red_signal,mid,18,none,513,36.8,0.99,-1.23,-0.06,13.11,1.07,5.06,153,35.9,0.86,-6.29,-0.74,8.38,,,,,
sterling_kite_engine,NIFTY 50,delta1,21,1.0,14,2.0,7,3.0,three_red_signal,mid,30,none,480,37.1,1.1,23.19,0.57,12.1,1.14,19.76,142,40.8,1.04,3.43,0.18,14.09,,,,,
sterling_kite_engine,NIFTY 50,options_atm,21,1.0,14,2.0,7,3.0,three_red_signal,mid,30,none,480,32.5,1.11,12.91,0.55,7.92,1.16,11.63,142,35.2,1.03,1.28,0.12,8.75,,,,,
sterling_kite_engine,NIFTY 50,delta1,21,1.0,14,2.0,7,3.0,three_red_signal,mid,48,none,467,35.5,1.08,17.09,0.43,15.11,1.16,21.72,137,40.1,0.95,-4.63,-0.25,17.95,,,,,
sterling_kite_engine,NIFTY 50,options_atm,21,1.0,14,2.0,7,3.0,three_red_signal,mid,48,none,467,31.3,1.05,5.88,0.26,10.98,1.16,11.97,137,35.8,0.86,-6.1,-0.63,12.21,,,,,
sterling_kite_engine,NIFTY 50,delta1,21,1.0,14,2.0,7,3.0,three_red_signal,mid,none,15,441,34.9,1.06,12.26,0.33,16.88,1.15,19.06,134,39.6,0.92,-6.8,-0.38,19.66,,,,,
sterling_kite_engine,NIFTY 50,options_atm,21,1.0,14,2.0,7,3.0,three_red_signal,mid,none,15,441,30.6,1.02,2.37,0.11,12.14,1.15,10.29,134,35.1,0.82,-7.92,-0.88,13.31,,,,,
sterling_kite_engine,NIFTY 50,delta1,21,1.0,14,2.0,7,3.0,three_red_signal,mid,18,15,483,41.2,0.97,-5.76,-0.17,19.18,1.04,4.89,148,43.9,0.88,-10.64,-0.64,18.4,,,,,
sterling_kite_engine,NIFTY 50,options_atm,21,1.0,14,2.0,7,3.0,three_red_signal,mid,18,15,483,36.2,0.97,-3.71,-0.2,14.11,1.04,2.86,148,35.8,0.85,-6.57,-0.79,9.34,,,,,
sterling_kite_engine,NIFTY 50,delta1,21,1.0,14,2.0,7,3.0,three_red_signal,mid,30,15,455,37.1,1.11,23.33,0.6,12.3,1.15,19.57,137,41.6,1.04,3.75,0.19,14.3,,,,,
sterling_kite_engine,NIFTY 50,options_atm,21,1.0,14,2.0,7,3.0,three_red_signal,mid,30,15,455,32.3,1.12,13.77,0.61,7.91,1.18,12.21,137,35.0,1.04,1.56,0.15,8.78,,,,,
sterling_kite_engine,NIFTY 50,delta1,21,1.0,14,2.0,7,3.0,three_red_signal,mid,48,15,445,35.1,1.05,11.14,0.3,17.18,1.15,18.4,134,39.6,0.92,-7.26,-0.4,19.92,,,,,
sterling_kite_engine,NIFTY 50,options_atm,21,1.0,14,2.0,7,3.0,three_red_signal,mid,48,15,445,30.8,1.03,3.1,0.14,12.07,1.15,10.41,134,35.1,0.83,-7.31,-0.76,13.24,,,,,
sterling_kite_engine,NIFTY 50,delta1,21,1.0,14,2.0,7,3.0,three_red_signal,mid,none,20,313,34.5,0.97,-4.11,-0.15,21.25,1.11,10.41,100,39.0,0.79,-14.52,-0.95,23.25,,,,,
sterling_kite_engine,NIFTY 50,options_atm,21,1.0,14,2.0,7,3.0,three_red_signal,mid,none,20,313,29.4,0.97,-2.63,-0.16,14.05,1.17,8.36,100,32.0,0.68,-10.99,-1.44,14.23,,,,,
sterling_kite_engine,NIFTY 50,delta1,21,1.0,14,2.0,7,3.0,three_red_signal,mid,18,20,340,39.1,0.86,-22.56,-0.93,26.85,0.95,-4.34,108,41.7,0.74,-18.23,-1.31,24.86,,,,,
sterling_kite_engine,NIFTY 50,options_atm,21,1.0,14,2.0,7,3.0,three_red_signal,mid,18,20,340,34.1,0.86,-11.28,-0.87,16.33,0.98,-0.78,108,33.3,0.7,-10.5,-1.56,13.09,,,,,
sterling_kite_engine,NIFTY 50,delta1,21,1.0,14,2.0,7,3.0,three_red_signal,mid,30,20,323,37.2,1.03,5.22,0.18,17.58,1.1,9.76,102,41.2,0.93,-4.54,-0.27,19.04,,,,,
sterling_kite_engine,NIFTY 50,options_atm,21,1.0,14,2.0,7,3.0,three_red_signal,mid,30,20,323,31.6,1.08,6.75,0.4,9.88,1.18,9.12,102,33.3,0.93,-2.37,-0.25,10.7,,,,,
sterling_kite_engine,NIFTY 50,delta1,21,1.0,14,2.0,7,3.0,three_red_signal,mid,48,20,315,34.9,0.99,-0.92,-0.03,20.43,1.14,13.21,100,39.0,0.8,-14.13,-0.9,22.86,,,,,
sterling_kite_engine,NIFTY 50,options_atm,21,1.0,14,2.0,7,3.0,three_red_signal,mid,48,20,315,30.2,1.01,0.63,0.04,12.43,1.21,10.56,100,33.0,0.71,-9.93,-1.2,13.69,,,,,
sterling_kite_engine,NIFTY 50,delta1,21,1.0,14,2.0,7,3.0,three_red_signal,mid,none,25,175,33.7,0.89,-10.47,-0.58,28.22,0.77,-13.36,57,42.1,1.08,2.89,0.23,10.5,,,,,
sterling_kite_engine,NIFTY 50,options_atm,21,1.0,14,2.0,7,3.0,three_red_signal,mid,none,25,175,26.9,0.88,-5.66,-0.56,16.58,0.81,-5.47,57,33.3,0.99,-0.19,-0.03,5.63,,,,,
sterling_kite_engine,NIFTY 50,delta1,21,1.0,14,2.0,7,3.0,three_red_signal,mid,18,25,187,37.4,0.8,-18.54,-1.17,22.74,0.74,-14.62,61,42.6,0.9,-3.92,-0.36,9.44,,,,,
sterling_kite_engine,NIFTY 50,options_atm,21,1.0,14,2.0,7,3.0,three_red_signal,mid,18,25,187,33.7,0.83,-7.83,-0.91,12.24,0.81,-5.29,61,37.7,0.87,-2.54,-0.46,4.87,,,,,
sterling_kite_engine,NIFTY 50,delta1,21,1.0,14,2.0,7,3.0,three_red_signal,mid,30,25,179,35.8,0.97,-3.29,-0.17,22.95,0.8,-11.63,59,44.1,1.22,8.34,0.58,7.94,,,,,
sterling_kite_engine,NIFTY 50,options_atm,21,1.0,14,2.0,7,3.0,three_red_signal,mid,30,25,179,29.1,1.03,1.32,0.12,12.76,0.86,-4.02,59,35.6,1.29,5.34,0.63,4.32,,,,,
sterling_kite_engine,NIFTY 50,delta1,21,1.0,14,2.0,7,3.0,three_red_signal,mid,48,25,176,34.1,0.93,-6.15,-0.33,24.4,0.84,-9.18,57,42.1,1.08,3.03,0.23,10.5,,,,,
sterling_kite_engine,NIFTY 50,options_atm,21,1.0,14,2.0,7,3.0,three_red_signal,mid,48,25,176,27.8,0.96,-1.7,-0.15,13.87,0.92,-2.39,57,35.1,1.04,0.69,0.09,5.63,,,,,
sterling_kite_engine,NIFTY 50,delta1,21,1.25,14,2.0,7,3.0,one_red,fast,none,none,505,37.8,1.23,40.65,1.1,10.87,1.24,25.84,150,41.3,1.21,14.81,0.85,13.09,,,,,
sterling_kite_engine,NIFTY 50,options_atm,21,1.25,14,2.0,7,3.0,one_red,fast,none,none,505,33.7,1.26,23.88,1.11,6.34,1.3,16.6,150,38.0,1.21,7.28,0.79,7.26,,,,,
sterling_kite_engine,NIFTY 50,delta1,21,1.25,14,2.0,7,3.0,one_red,fast,18,none,508,38.2,1.09,16.51,0.52,12.62,1.1,10.41,150,41.3,1.09,6.1,0.39,13.74,,,,,
sterling_kite_engine,NIFTY 50,options_atm,21,1.25,14,2.0,7,3.0,one_red,fast,18,none,508,34.8,1.1,9.17,0.53,6.97,1.11,6.01,150,38.7,1.09,3.16,0.4,7.35,,,,,
sterling_kite_engine,NIFTY 50,delta1,21,1.25,14,2.0,7,3.0,one_red,fast,30,none,505,37.8,1.19,33.77,0.93,11.37,1.19,20.65,150,41.3,1.18,13.11,0.76,13.26,,,,,
sterling_kite_engine,NIFTY 50,options_atm,21,1.25,14,2.0,7,3.0,one_red,fast,30,none,505,33.7,1.23,20.6,0.97,6.51,1.24,13.44,150,38.0,1.2,7.17,0.76,7.29,,,,,
sterling_kite_engine,NIFTY 50,delta1,21,1.25,14,2.0,7,3.0,one_red,fast,48,none,505,37.8,1.24,42.77,1.14,10.66,1.26,27.3,150,41.3,1.21,15.47,0.87,12.94,,,,,
sterling_kite_engine,NIFTY 50,options_atm,21,1.25,14,2.0,7,3.0,one_red,fast,48,none,505,33.7,1.29,26.14,1.18,6.22,1.32,17.9,150,38.0,1.23,8.25,0.84,7.18,,,,,
sterling_kite_engine,NIFTY 50,delta1,21,1.25,14,2.0,7,3.0,one_red,fast,none,15,476,37.2,1.21,35.78,1.02,11.48,1.23,23.62,143,40.6,1.17,12.16,0.71,13.63,,,,,
sterling_kite_engine,NIFTY 50,options_atm,21,1.25,14,2.0,7,3.0,one_red,fast,none,15,476,33.0,1.25,21.86,1.07,7.09,1.3,15.87,143,37.1,1.17,5.98,0.65,8.08,,,,,
sterling_kite_engine,NIFTY 50,delta1,21,1.25,14,2.0,7,3.0,one_red,fast,18,15,477,37.3,1.07,12.33,0.41,13.37,1.09,8.88,143,40.6,1.05,3.45,0.23,14.38,,,,,
sterling_kite_engine,NIFTY 50,options_atm,21,1.25,14,2.0,7,3.0,one_red,fast,18,15,477,34.0,1.09,7.62,0.46,6.99,1.11,5.75,143,37.8,1.05,1.87,0.24,7.36,,,,,
sterling_kite_engine,NIFTY 50,delta1,21,1.25,14,2.0,7,3.0,one_red,fast,30,15,476,37.2,1.18,30.22,0.88,12.02,1.2,19.75,143,40.6,1.15,10.47,0.61,13.91,,,,,
sterling_kite_engine,NIFTY 50,options_atm,21,1.25,14,2.0,7,3.0,one_red,fast,30,15,476,33.0,1.22,19.35,0.96,7.01,1.25,13.48,143,37.1,1.17,5.87,0.63,7.84,,,,,
sterling_kite_engine,NIFTY 50,delta1,21,1.25,14,2.0,7,3.0,one_red,fast,48,15,476,37.2,1.22,36.89,1.04,11.89,1.24,24.07,143,40.6,1.18,12.82,0.73,14.12,,,,,
sterling_kite_engine,NIFTY 50,options_atm,21,1.25,14,2.0,7,3.0,one_red,fast,48,15,476,33.0,1.27,23.24,1.11,7.36,1.31,16.28,143,37.1,1.2,6.95,0.71,8.39,,,,,
sterling_kite_engine,NIFTY 50,delta1,21,1.25,14,2.0,7,3.0,one_red,fast,none,20,321,34.3,1.09,12.15,0.48,15.23,1.11,8.02,103,38.8,1.08,4.13,0.28,16.23,,,,,
sterling_kite_engine,NIFTY 50,options_atm,21,1.25,14,2.0,7,3.0,one_red,fast,none,20,321,30.5,1.17,11.16,0.76,7.82,1.24,9.11,103,35.9,1.08,2.05,0.26,8.47,,,,,
sterling_kite_engine,NIFTY 50,delta1,21,1.25,14,2.0,7,3.0,one_red,fast,18,20,321,34.0,0.94,-8.08,-0.38,17.82,0.92,-5.77,103,38.8,0.96,-2.32,-0.17,16.92,,,,,
sterling_kite_engine,NIFTY 50,options_atm,21,1.25,14,2.0,7,3.0,one_red,fast,18,20,321,30.5,0.97,-1.93,-0.17,8.77,0.98,-0.92,103,35.9,0.96,-1.01,-0.15,8.69,,,,,
sterling_kite_engine,NIFTY 50,delta1,21,1.25,14,2.0,7,3.0,one_red,fast,30,20,321,34.3,1.06,8.25,0.33,15.7,1.06,4.49,103,38.8,1.07,3.76,0.25,16.28,,,,,
sterling_kite_engine,NIFTY 50,options_atm,21,1.25,14,2.0,7,3.0,one_red,fast,30,20,321,30.5,1.14,9.23,0.64,7.84,1.18,6.58,103,35.9,1.1,2.65,0.32,8.31,,,,,
sterling_kite_engine,NIFTY 50,delta1,21,1.25,14,2.0,7,3.0,one_red,fast,48,20,321,34.3,1.1,12.73,0.5,15.16,1.11,8.11,103,38.8,1.08,4.62,0.3,16.17,,,,,
sterling_kite_engine,NIFTY 50,options_atm,21,1.25,14,2.0,7,3.0,one_red,fast,48,20,321,30.5,1.19,12.07,0.8,8.13,1.25,9.22,103,35.9,1.11,2.85,0.34,8.81,,,,,
sterling_kite_engine,NIFTY 50,delta1,21,1.25,14,2.0,7,3.0,one_red,fast,none,25,172,35.5,1.2,13.62,0.81,8.15,0.99,-0.42,58,44.8,1.47,14.04,1.1,7.82,,,,,
sterling_kite_engine,NIFTY 50,options_atm,21,1.25,14,2.0,7,3.0,one_red,fast,none,25,172,33.1,1.3,10.11,1.06,4.39,1.14,2.64,58,43.1,1.51,7.48,1.08,3.99,,,,,
sterling_kite_engine,NIFTY 50,delta1,21,1.25,14,2.0,7,3.0,one_red,fast,18,25,172,35.5,1.04,2.9,0.2,10.72,0.89,-4.21,58,44.8,1.24,7.12,0.65,8.29,,,,,
sterling_kite_engine,NIFTY 50,options_atm,21,1.25,14,2.0,7,3.0,one_red,fast,18,25,172,33.1,1.13,4.36,0.53,5.48,1.03,0.48,58,43.1,1.27,3.88,0.69,4.13,,,,,
sterling_kite_engine,NIFTY 50,delta1,21,1.25,14,2.0,7,3.0,one_red,fast,30,25,172,35.5,1.14,9.67,0.59,9.54,0.9,-4.01,58,44.8,1.46,13.68,1.06,7.84,,,,,
sterling_kite_engine,NIFTY 50,options_atm,21,1.25,14,2.0,7,3.0,one_red,fast,30,25,172,33.1,1.24,7.97,0.86,4.98,0.99,-0.1,58,43.1,1.55,8.07,1.1,3.97,,,,,
sterling_kite_engine,NIFTY 50,delta1,21,1.25,14,2.0,7,3.0,one_red,fast,48,25,172,35.5,1.21,14.21,0.83,8.18,0.99,-0.32,58,44.8,1.48,14.53,1.09,7.79,,,,,
sterling_kite_engine,NIFTY 50,options_atm,21,1.25,14,2.0,7,3.0,one_red,fast,48,25,172,33.1,1.33,11.02,1.09,4.41,1.15,2.75,58,43.1,1.56,8.27,1.08,3.96,,,,,
sterling_kite_engine,NIFTY 50,delta1,21,1.25,14,2.0,7,3.0,one_red,mid,none,none,497,37.8,1.12,25.53,0.67,14.3,1.23,27.88,147,41.5,0.97,-2.35,-0.14,17.7,,,,,
sterling_kite_engine,NIFTY 50,options_atm,21,1.25,14,2.0,7,3.0,one_red,mid,none,none,497,32.8,1.08,8.37,0.38,10.81,1.2,13.66,147,36.1,0.87,-5.29,-0.61,12.18,,,,,
sterling_kite_engine,NIFTY 50,delta1,21,1.25,14,2.0,7,3.0,one_red,mid,18,none,505,41.8,1.08,15.11,0.45,13.31,1.15,18.11,149,43.0,0.96,-3.0,-0.19,15.44,,,,,
sterling_kite_engine,NIFTY 50,options_atm,21,1.25,14,2.0,7,3.0,one_red,mid,18,none,505,37.2,1.07,6.71,0.37,7.38,1.15,9.12,149,38.3,0.94,-2.41,-0.29,8.02,,,,,
sterling_kite_engine,NIFTY 50,delta1,21,1.25,14,2.0,7,3.0,one_red,mid,30,none,499,39.1,1.16,32.2,0.83,12.03,1.23,28.15,148,42.6,1.05,4.05,0.23,14.83,,,,,
sterling_kite_engine,NIFTY 50,options_atm,21,1.25,14,2.0,7,3.0,one_red,mid,30,none,499,33.9,1.15,15.95,0.71,8.33,1.24,15.76,148,37.2,1.0,0.19,0.02,9.51,,,,,
sterling_kite_engine,NIFTY 50,delta1,21,1.25,14,2.0,7,3.0,one_red,mid,48,none,498,38.2,1.16,32.62,0.83,13.8,1.27,33.02,147,41.5,1.0,-0.4,-0.02,17.6,,,,,
sterling_kite_engine,NIFTY 50,options_atm,21,1.25,14,2.0,7,3.0,one_red,mid,48,none,498,33.1,1.13,14.38,0.63,10.32,1.27,17.65,147,36.1,0.92,-3.28,-0.35,11.99,,,,,
sterling_kite_engine,NIFTY 50,delta1,21,1.25,14,2.0,7,3.0,one_red,mid,none,15,469,37.3,1.11,20.65,0.57,16.82,1.22,25.73,140,40.7,0.94,-5.09,-0.31,20.48,,,,,
sterling_kite_engine,NIFTY 50,options_atm,21,1.25,14,2.0,7,3.0,one_red,mid,none,15,469,32.2,1.06,6.67,0.32,12.11,1.21,13.18,140,35.0,0.84,-6.51,-0.77,13.59,,,,,
sterling_kite_engine,NIFTY 50,delta1,21,1.25,14,2.0,7,3.0,one_red,mid,18,15,474,40.9,1.05,9.55,0.3,16.17,1.14,15.29,142,42.3,0.93,-5.74,-0.36,18.35,,,,,
sterling_kite_engine,NIFTY 50,options_atm,21,1.25,14,2.0,7,3.0,one_red,mid,18,15,474,36.3,1.05,4.59,0.26,8.84,1.14,8.22,142,37.3,0.91,-3.63,-0.45,9.47,,,,,
sterling_kite_engine,NIFTY 50,delta1,21,1.25,14,2.0,7,3.0,one_red,mid,30,15,471,38.6,1.15,28.65,0.78,14.22,1.23,27.33,141,41.8,1.02,1.32,0.08,17.41,,,,,
sterling_kite_engine,NIFTY 50,options_atm,21,1.25,14,2.0,7,3.0,one_red,mid,30,15,471,33.3,1.15,14.96,0.7,9.52,1.26,15.99,141,36.2,0.97,-1.03,-0.11,10.89,,,,,
sterling_kite_engine,NIFTY 50,delta1,21,1.25,14,2.0,7,3.0,one_red,mid,48,15,470,37.7,1.14,26.73,0.72,16.29,1.26,29.87,140,40.7,0.96,-3.14,-0.18,20.33,,,,,
sterling_kite_engine,NIFTY 50,options_atm,21,1.25,14,2.0,7,3.0,one_red,mid,48,15,470,32.6,1.11,11.79,0.55,11.65,1.26,16.29,140,35.0,0.89,-4.5,-0.48,13.37,,,,,
sterling_kite_engine,NIFTY 50,delta1,21,1.25,14,2.0,7,3.0,one_red,mid,none,20,317,35.6,1.03,4.49,0.17,19.4,1.19,16.09,100,38.0,0.82,-11.6,-0.79,22.17,,,,,
sterling_kite_engine,NIFTY 50,options_atm,21,1.25,14,2.0,7,3.0,one_red,mid,none,20,317,30.6,1.04,3.38,0.22,11.34,1.25,11.22,100,32.0,0.75,-7.84,-1.07,12.55,,,,,
sterling_kite_engine,NIFTY 50,delta1,21,1.25,14,2.0,7,3.0,one_red,mid,18,20,320,39.1,0.94,-9.08,-0.4,21.24,1.03,2.1,102,40.2,0.82,-11.18,-0.81,21.63,,,,,
sterling_kite_engine,NIFTY 50,options_atm,21,1.25,14,2.0,7,3.0,one_red,mid,18,20,320,34.4,0.95,-3.29,-0.27,10.97,1.07,2.8,102,35.3,0.8,-6.09,-0.9,11.08,,,,,
sterling_kite_engine,NIFTY 50,delta1,21,1.25,14,2.0,7,3.0,one_red,mid,30,20,319,37.6,1.07,10.6,0.4,17.52,1.19,16.01,101,39.6,0.91,-5.41,-0.35,19.92,,,,,
sterling_kite_engine,NIFTY 50,options_atm,21,1.25,14,2.0,7,3.0,one_red,mid,30,20,319,32.3,1.13,9.36,0.6,9.59,1.28,12.28,101,33.7,0.91,-2.92,-0.36,10.68,,,,,
sterling_kite_engine,NIFTY 50,delta1,21,1.25,14,2.0,7,3.0,one_red,mid,48,20,318,36.2,1.07,10.49,0.39,18.7,1.24,19.98,100,38.0,0.85,-9.5,-0.62,21.95,,,,,
sterling_kite_engine,NIFTY 50,options_atm,21,1.25,14,2.0,7,3.0,one_red,mid,48,20,318,31.1,1.11,8.2,0.51,10.92,1.32,14.06,100,32.0,0.81,-5.87,-0.71,12.35,,,,,
sterling_kite_engine,NIFTY 50,delta1,21,1.25,14,2.0,7,3.0,one_red,mid,none,25,169,34.9,0.96,-3.24,-0.19,18.77,0.9,-4.57,56,39.3,1.04,1.33,0.11,9.11,,,,,
sterling_kite_engine,NIFTY 50,options_atm,21,1.25,14,2.0,7,3.0,one_red,mid,none,25,169,29.0,0.99,-0.55,-0.06,10.96,0.97,-0.67,56,32.1,1.01,0.13,0.02,4.57,,,,,
sterling_kite_engine,NIFTY 50,delta1,21,1.25,14,2.0,7,3.0,one_red,mid,18,25,172,39.5,0.98,-1.73,-0.11,13.02,0.92,-3.35,58,43.1,1.05,1.62,0.14,9.08,,,,,
sterling_kite_engine,NIFTY 50,options_atm,21,1.25,14,2.0,7,3.0,one_red,mid,18,25,172,35.5,1.04,1.68,0.2,7.03,1.03,0.69,58,39.7,1.06,0.99,0.17,4.5,,,,,
sterling_kite_engine,NIFTY 50,delta1,21,1.25,14,2.0,7,3.0,one_red,mid,30,25,171,37.4,1.03,2.67,0.15,14.01,0.91,-4.23,57,42.1,1.2,6.9,0.52,8.67,,,,,
sterling_kite_engine,NIFTY 50,options_atm,21,1.25,14,2.0,7,3.0,one_red,mid,30,25,171,31.0,1.09,3.77,0.39,7.76,0.97,-0.71,57,35.1,1.26,4.48,0.61,4.36,,,,,
sterling_kite_engine,NIFTY 50,delta1,21,1.25,14,2.0,7,3.0,one_red,mid,48,25,170,35.3,1.03,2.16,0.12,15.16,0.98,-1.02,56,39.3,1.09,3.18,0.24,8.96,,,,,
sterling_kite_engine,NIFTY 50,options_atm,21,1.25,14,2.0,7,3.0,one_red,mid,48,25,170,29.4,1.09,3.72,0.35,8.44,1.08,1.8,56,32.1,1.11,1.92,0.26,4.57,,,,,
sterling_kite_engine,NIFTY 50,delta1,21,1.25,14,2.0,7,3.0,two_red,fast,none,none,505,37.8,1.23,40.65,1.1,10.87,1.24,25.84,150,41.3,1.21,14.81,0.85,13.09,,,,,
sterling_kite_engine,NIFTY 50,options_atm,21,1.25,14,2.0,7,3.0,two_red,fast,none,none,505,33.7,1.26,23.88,1.11,6.34,1.3,16.6,150,38.0,1.21,7.28,0.79,7.26,,,,,
sterling_kite_engine,NIFTY 50,delta1,21,1.25,14,2.0,7,3.0,two_red,fast,18,none,508,38.2,1.09,16.51,0.52,12.62,1.1,10.41,150,41.3,1.09,6.1,0.39,13.74,,,,,
sterling_kite_engine,NIFTY 50,options_atm,21,1.25,14,2.0,7,3.0,two_red,fast,18,none,508,34.8,1.1,9.17,0.53,6.97,1.11,6.01,150,38.7,1.09,3.16,0.4,7.35,,,,,
sterling_kite_engine,NIFTY 50,delta1,21,1.25,14,2.0,7,3.0,two_red,fast,30,none,505,37.8,1.19,33.77,0.93,11.37,1.19,20.65,150,41.3,1.18,13.11,0.76,13.26,,,,,
sterling_kite_engine,NIFTY 50,options_atm,21,1.25,14,2.0,7,3.0,two_red,fast,30,none,505,33.7,1.23,20.6,0.97,6.51,1.24,13.44,150,38.0,1.2,7.17,0.76,7.29,,,,,
sterling_kite_engine,NIFTY 50,delta1,21,1.25,14,2.0,7,3.0,two_red,fast,48,none,505,37.8,1.24,42.77,1.14,10.66,1.26,27.3,150,41.3,1.21,15.47,0.87,12.94,,,,,
sterling_kite_engine,NIFTY 50,options_atm,21,1.25,14,2.0,7,3.0,two_red,fast,48,none,505,33.7,1.29,26.14,1.18,6.22,1.32,17.9,150,38.0,1.23,8.25,0.84,7.18,,,,,
sterling_kite_engine,NIFTY 50,delta1,21,1.25,14,2.0,7,3.0,two_red,fast,none,15,476,37.2,1.21,35.78,1.02,11.48,1.23,23.62,143,40.6,1.17,12.16,0.71,13.63,,,,,
sterling_kite_engine,NIFTY 50,options_atm,21,1.25,14,2.0,7,3.0,two_red,fast,none,15,476,33.0,1.25,21.86,1.07,7.09,1.3,15.87,143,37.1,1.17,5.98,0.65,8.08,,,,,
sterling_kite_engine,NIFTY 50,delta1,21,1.25,14,2.0,7,3.0,two_red,fast,18,15,477,37.3,1.07,12.33,0.41,13.37,1.09,8.88,143,40.6,1.05,3.45,0.23,14.38,,,,,
sterling_kite_engine,NIFTY 50,options_atm,21,1.25,14,2.0,7,3.0,two_red,fast,18,15,477,34.0,1.09,7.62,0.46,6.99,1.11,5.75,143,37.8,1.05,1.87,0.24,7.36,,,,,
sterling_kite_engine,NIFTY 50,delta1,21,1.25,14,2.0,7,3.0,two_red,fast,30,15,476,37.2,1.18,30.22,0.88,12.02,1.2,19.75,143,40.6,1.15,10.47,0.61,13.91,,,,,
sterling_kite_engine,NIFTY 50,options_atm,21,1.25,14,2.0,7,3.0,two_red,fast,30,15,476,33.0,1.22,19.35,0.96,7.01,1.25,13.48,143,37.1,1.17,5.87,0.63,7.84,,,,,
sterling_kite_engine,NIFTY 50,delta1,21,1.25,14,2.0,7,3.0,two_red,fast,48,15,476,37.2,1.22,36.89,1.04,11.89,1.24,24.07,143,40.6,1.18,12.82,0.73,14.12,,,,,
sterling_kite_engine,NIFTY 50,options_atm,21,1.25,14,2.0,7,3.0,two_red,fast,48,15,476,33.0,1.27,23.24,1.11,7.36,1.31,16.28,143,37.1,1.2,6.95,0.71,8.39,,,,,
sterling_kite_engine,NIFTY 50,delta1,21,1.25,14,2.0,7,3.0,two_red,fast,none,20,321,34.3,1.09,12.15,0.48,15.23,1.11,8.02,103,38.8,1.08,4.13,0.28,16.23,,,,,
sterling_kite_engine,NIFTY 50,options_atm,21,1.25,14,2.0,7,3.0,two_red,fast,none,20,321,30.5,1.17,11.16,0.76,7.82,1.24,9.11,103,35.9,1.08,2.05,0.26,8.47,,,,,
sterling_kite_engine,NIFTY 50,delta1,21,1.25,14,2.0,7,3.0,two_red,fast,18,20,321,34.0,0.94,-8.08,-0.38,17.82,0.92,-5.77,103,38.8,0.96,-2.32,-0.17,16.92,,,,,
sterling_kite_engine,NIFTY 50,options_atm,21,1.25,14,2.0,7,3.0,two_red,fast,18,20,321,30.5,0.97,-1.93,-0.17,8.77,0.98,-0.92,103,35.9,0.96,-1.01,-0.15,8.69,,,,,
sterling_kite_engine,NIFTY 50,delta1,21,1.25,14,2.0,7,3.0,two_red,fast,30,20,321,34.3,1.06,8.25,0.33,15.7,1.06,4.49,103,38.8,1.07,3.76,0.25,16.28,,,,,
sterling_kite_engine,NIFTY 50,options_atm,21,1.25,14,2.0,7,3.0,two_red,fast,30,20,321,30.5,1.14,9.23,0.64,7.84,1.18,6.58,103,35.9,1.1,2.65,0.32,8.31,,,,,
sterling_kite_engine,NIFTY 50,delta1,21,1.25,14,2.0,7,3.0,two_red,fast,48,20,321,34.3,1.1,12.73,0.5,15.16,1.11,8.11,103,38.8,1.08,4.62,0.3,16.17,,,,,
sterling_kite_engine,NIFTY 50,options_atm,21,1.25,14,2.0,7,3.0,two_red,fast,48,20,321,30.5,1.19,12.07,0.8,8.13,1.25,9.22,103,35.9,1.11,2.85,0.34,8.81,,,,,
sterling_kite_engine,NIFTY 50,delta1,21,1.25,14,2.0,7,3.0,two_red,fast,none,25,172,35.5,1.2,13.62,0.81,8.15,0.99,-0.42,58,44.8,1.47,14.04,1.1,7.82,,,,,
sterling_kite_engine,NIFTY 50,options_atm,21,1.25,14,2.0,7,3.0,two_red,fast,none,25,172,33.1,1.3,10.11,1.06,4.39,1.14,2.64,58,43.1,1.51,7.48,1.08,3.99,,,,,
sterling_kite_engine,NIFTY 50,delta1,21,1.25,14,2.0,7,3.0,two_red,fast,18,25,172,35.5,1.04,2.9,0.2,10.72,0.89,-4.21,58,44.8,1.24,7.12,0.65,8.29,,,,,
sterling_kite_engine,NIFTY 50,options_atm,21,1.25,14,2.0,7,3.0,two_red,fast,18,25,172,33.1,1.13,4.36,0.53,5.48,1.03,0.48,58,43.1,1.27,3.88,0.69,4.13,,,,,
sterling_kite_engine,NIFTY 50,delta1,21,1.25,14,2.0,7,3.0,two_red,fast,30,25,172,35.5,1.14,9.67,0.59,9.54,0.9,-4.01,58,44.8,1.46,13.68,1.06,7.84,,,,,
sterling_kite_engine,NIFTY 50,options_atm,21,1.25,14,2.0,7,3.0,two_red,fast,30,25,172,33.1,1.24,7.97,0.86,4.98,0.99,-0.1,58,43.1,1.55,8.07,1.1,3.97,,,,,
sterling_kite_engine,NIFTY 50,delta1,21,1.25,14,2.0,7,3.0,two_red,fast,48,25,172,35.5,1.21,14.21,0.83,8.18,0.99,-0.32,58,44.8,1.48,14.53,1.09,7.79,,,,,
sterling_kite_engine,NIFTY 50,options_atm,21,1.25,14,2.0,7,3.0,two_red,fast,48,25,172,33.1,1.33,11.02,1.09,4.41,1.15,2.75,58,43.1,1.56,8.27,1.08,3.96,,,,,
sterling_kite_engine,NIFTY 50,delta1,21,1.25,14,2.0,7,3.0,two_red,mid,none,none,453,36.2,1.08,17.68,0.46,14.29,1.16,20.26,132,41.7,0.97,-2.58,-0.15,16.77,,,,,
sterling_kite_engine,NIFTY 50,options_atm,21,1.25,14,2.0,7,3.0,two_red,mid,none,none,453,31.3,1.04,4.35,0.2,10.95,1.15,10.45,132,37.1,0.85,-6.1,-0.68,12.02,,,,,
sterling_kite_engine,NIFTY 50,delta1,21,1.25,14,2.0,7,3.0,two_red,mid,18,none,484,42.8,1.05,10.79,0.31,11.68,1.12,15.11,143,44.8,0.95,-4.32,-0.25,13.3,,,,,
sterling_kite_engine,NIFTY 50,options_atm,21,1.25,14,2.0,7,3.0,two_red,mid,18,none,484,38.2,1.05,5.06,0.27,7.99,1.12,7.49,143,38.5,0.94,-2.43,-0.28,7.05,,,,,
sterling_kite_engine,NIFTY 50,delta1,21,1.25,14,2.0,7,3.0,two_red,mid,30,none,464,38.4,1.12,25.88,0.66,11.72,1.15,19.57,137,43.1,1.08,6.32,0.33,13.59,,,,,
sterling_kite_engine,NIFTY 50,options_atm,21,1.25,14,2.0,7,3.0,two_red,mid,30,none,464,33.2,1.12,13.96,0.61,8.08,1.17,11.7,137,37.2,1.05,2.26,0.21,8.92,,,,,
sterling_kite_engine,NIFTY 50,delta1,21,1.25,14,2.0,7,3.0,two_red,mid,48,none,455,36.5,1.09,19.21,0.5,13.96,1.17,21.7,132,41.7,0.97,-2.5,-0.14,16.56,,,,,
sterling_kite_engine,NIFTY 50,options_atm,21,1.25,14,2.0,7,3.0,two_red,mid,48,none,455,31.6,1.06,6.97,0.31,10.44,1.17,12.09,132,37.1,0.88,-5.12,-0.53,11.62,,,,,
sterling_kite_engine,NIFTY 50,delta1,21,1.25,14,2.0,7,3.0,two_red,mid,none,15,435,35.6,1.05,9.88,0.27,19.74,1.17,20.28,130,40.0,0.88,-10.4,-0.6,23.19,,,,,
sterling_kite_engine,NIFTY 50,options_atm,21,1.25,14,2.0,7,3.0,two_red,mid,none,15,435,30.8,1.01,0.84,0.04,14.0,1.16,10.66,130,35.4,0.77,-9.81,-1.12,15.4,,,,,
sterling_kite_engine,NIFTY 50,delta1,21,1.25,14,2.0,7,3.0,two_red,mid,18,15,460,42.2,1.0,-0.19,-0.01,19.56,1.11,12.93,140,43.6,0.85,-13.12,-0.8,21.87,,,,,
sterling_kite_engine,NIFTY 50,options_atm,21,1.25,14,2.0,7,3.0,two_red,mid,18,15,460,37.4,1.0,-0.48,-0.03,12.1,1.11,6.77,140,37.1,0.83,-7.25,-0.89,10.98,,,,,
sterling_kite_engine,NIFTY 50,delta1,21,1.25,14,2.0,7,3.0,two_red,mid,30,15,444,38.3,1.11,23.48,0.62,15.17,1.18,21.84,133,42.9,1.02,1.64,0.09,17.85,,,,,
sterling_kite_engine,NIFTY 50,options_atm,21,1.25,14,2.0,7,3.0,two_red,mid,30,15,444,32.9,1.12,13.37,0.61,10.04,1.2,13.41,133,36.1,1.0,-0.04,-0.0,11.23,,,,,
sterling_kite_engine,NIFTY 50,delta1,21,1.25,14,2.0,7,3.0,two_red,mid,48,15,437,35.9,1.05,9.86,0.27,19.9,1.17,20.72,130,40.0,0.87,-10.86,-0.62,23.45,,,,,
sterling_kite_engine,NIFTY 50,options_atm,21,1.25,14,2.0,7,3.0,two_red,mid,48,15,437,31.1,1.02,2.22,0.1,13.85,1.17,11.42,130,35.4,0.79,-9.2,-0.99,15.32,,,,,
sterling_kite_engine,NIFTY 50,delta1,21,1.25,14,2.0,7,3.0,two_red,mid,none,20,295,35.9,1.0,-0.46,-0.02,20.29,1.15,13.57,94,39.4,0.79,-14.03,-0.92,22.77,,,,,
sterling_kite_engine,NIFTY 50,options_atm,21,1.25,14,2.0,7,3.0,two_red,mid,none,20,295,30.2,1.0,0.08,0.01,12.28,1.22,10.03,94,31.9,0.7,-9.96,-1.32,13.47,,,,,
sterling_kite_engine,NIFTY 50,delta1,21,1.25,14,2.0,7,3.0,two_red,mid,18,20,312,41.0,0.91,-12.89,-0.56,23.34,1.03,2.78,101,41.6,0.77,-15.67,-1.12,23.94,,,,,
sterling_kite_engine,NIFTY 50,options_atm,21,1.25,14,2.0,7,3.0,two_red,mid,18,20,312,36.5,0.93,-5.36,-0.44,12.47,1.07,3.12,101,35.6,0.74,-8.47,-1.25,12.25,,,,,
sterling_kite_engine,NIFTY 50,delta1,21,1.25,14,2.0,7,3.0,two_red,mid,30,20,302,39.4,1.08,11.95,0.43,16.92,1.16,14.25,96,42.7,0.96,-2.3,-0.14,18.93,,,,,
sterling_kite_engine,NIFTY 50,options_atm,21,1.25,14,2.0,7,3.0,two_red,mid,30,20,302,33.1,1.14,10.98,0.68,9.2,1.26,11.71,96,34.4,0.98,-0.73,-0.08,10.17,,,,,
sterling_kite_engine,NIFTY 50,delta1,21,1.25,14,2.0,7,3.0,two_red,mid,48,20,297,36.4,1.01,2.27,0.08,19.58,1.18,15.91,94,39.4,0.8,-13.64,-0.88,22.39,,,,,
sterling_kite_engine,NIFTY 50,options_atm,21,1.25,14,2.0,7,3.0,two_red,mid,48,20,297,31.0,1.04,3.03,0.19,11.61,1.26,11.92,94,33.0,0.73,-8.89,-1.08,12.94,,,,,
sterling_kite_engine,NIFTY 50,delta1,21,1.25,14,2.0,7,3.0,two_red,mid,none,25,162,35.2,0.93,-6.25,-0.35,25.67,0.79,-11.22,53,43.4,1.14,4.97,0.39,9.34,,,,,
sterling_kite_engine,NIFTY 50,options_atm,21,1.25,14,2.0,7,3.0,two_red,mid,none,25,162,28.4,0.94,-2.67,-0.27,14.76,0.85,-4.0,53,35.8,1.08,1.32,0.2,4.87,,,,,
sterling_kite_engine,NIFTY 50,delta1,21,1.25,14,2.0,7,3.0,two_red,mid,18,25,170,40.0,0.89,-9.79,-0.62,18.78,0.8,-9.81,58,44.8,1.0,0.02,0.0,8.9,,,,,
sterling_kite_engine,NIFTY 50,options_atm,21,1.25,14,2.0,7,3.0,two_red,mid,18,25,170,36.5,0.94,-2.4,-0.28,9.67,0.9,-2.34,58,41.4,1.0,-0.07,-0.01,4.47,,,,,
sterling_kite_engine,NIFTY 50,delta1,21,1.25,14,2.0,7,3.0,two_red,mid,30,25,165,38.2,1.05,4.73,0.25,20.33,0.83,-8.97,55,47.3,1.39,13.7,0.94,6.83,,,,,
sterling_kite_engine,NIFTY 50,options_atm,21,1.25,14,2.0,7,3.0,two_red,mid,30,25,165,31.5,1.14,6.18,0.56,10.96,0.91,-2.33,55,40.0,1.5,8.51,1.01,3.6,,,,,
sterling_kite_engine,NIFTY 50,delta1,21,1.25,14,2.0,7,3.0,two_red,mid,48,25,163,35.6,0.97,-2.31,-0.12,21.95,0.86,-7.41,53,43.4,1.15,5.11,0.39,9.34,,,,,
sterling_kite_engine,NIFTY 50,options_atm,21,1.25,14,2.0,7,3.0,two_red,mid,48,25,163,29.4,1.02,0.93,0.09,12.1,0.95,-1.27,53,37.7,1.13,2.2,0.3,4.87,,,,,
sterling_kite_engine,NIFTY 50,delta1,21,1.25,14,2.0,7,3.0,three_red,fast,none,none,505,37.8,1.23,40.65,1.1,10.87,1.24,25.84,150,41.3,1.21,14.81,0.85,13.09,,,,,
sterling_kite_engine,NIFTY 50,options_atm,21,1.25,14,2.0,7,3.0,three_red,fast,none,none,505,33.7,1.26,23.88,1.11,6.34,1.3,16.6,150,38.0,1.21,7.28,0.79,7.26,,,,,
sterling_kite_engine,NIFTY 50,delta1,21,1.25,14,2.0,7,3.0,three_red,fast,18,none,508,38.2,1.09,16.51,0.52,12.62,1.1,10.41,150,41.3,1.09,6.1,0.39,13.74,,,,,
sterling_kite_engine,NIFTY 50,options_atm,21,1.25,14,2.0,7,3.0,three_red,fast,18,none,508,34.8,1.1,9.17,0.53,6.97,1.11,6.01,150,38.7,1.09,3.16,0.4,7.35,,,,,
sterling_kite_engine,NIFTY 50,delta1,21,1.25,14,2.0,7,3.0,three_red,fast,30,none,505,37.8,1.19,33.77,0.93,11.37,1.19,20.65,150,41.3,1.18,13.11,0.76,13.26,,,,,
sterling_kite_engine,NIFTY 50,options_atm,21,1.25,14,2.0,7,3.0,three_red,fast,30,none,505,33.7,1.23,20.6,0.97,6.51,1.24,13.44,150,38.0,1.2,7.17,0.76,7.29,,,,,
sterling_kite_engine,NIFTY 50,delta1,21,1.25,14,2.0,7,3.0,three_red,fast,48,none,505,37.8,1.24,42.77,1.14,10.66,1.26,27.3,150,41.3,1.21,15.47,0.87,12.94,,,,,
sterling_kite_engine,NIFTY 50,options_atm,21,1.25,14,2.0,7,3.0,three_red,fast,48,none,505,33.7,1.29,26.14,1.18,6.22,1.32,17.9,150,38.0,1.23,8.25,0.84,7.18,,,,,
sterling_kite_engine,NIFTY 50,delta1,21,1.25,14,2.0,7,3.0,three_red,fast,none,15,476,37.2,1.21,35.78,1.02,11.48,1.23,23.62,143,40.6,1.17,12.16,0.71,13.63,,,,,
sterling_kite_engine,NIFTY 50,options_atm,21,1.25,14,2.0,7,3.0,three_red,fast,none,15,476,33.0,1.25,21.86,1.07,7.09,1.3,15.87,143,37.1,1.17,5.98,0.65,8.08,,,,,
sterling_kite_engine,NIFTY 50,delta1,21,1.25,14,2.0,7,3.0,three_red,fast,18,15,477,37.3,1.07,12.33,0.41,13.37,1.09,8.88,143,40.6,1.05,3.45,0.23,14.38,,,,,
sterling_kite_engine,NIFTY 50,options_atm,21,1.25,14,2.0,7,3.0,three_red,fast,18,15,477,34.0,1.09,7.62,0.46,6.99,1.11,5.75,143,37.8,1.05,1.87,0.24,7.36,,,,,
sterling_kite_engine,NIFTY 50,delta1,21,1.25,14,2.0,7,3.0,three_red,fast,30,15,476,37.2,1.18,30.22,0.88,12.02,1.2,19.75,143,40.6,1.15,10.47,0.61,13.91,,,,,
sterling_kite_engine,NIFTY 50,options_atm,21,1.25,14,2.0,7,3.0,three_red,fast,30,15,476,33.0,1.22,19.35,0.96,7.01,1.25,13.48,143,37.1,1.17,5.87,0.63,7.84,,,,,
sterling_kite_engine,NIFTY 50,delta1,21,1.25,14,2.0,7,3.0,three_red,fast,48,15,476,37.2,1.22,36.89,1.04,11.89,1.24,24.07,143,40.6,1.18,12.82,0.73,14.12,,,,,
sterling_kite_engine,NIFTY 50,options_atm,21,1.25,14,2.0,7,3.0,three_red,fast,48,15,476,33.0,1.27,23.24,1.11,7.36,1.31,16.28,143,37.1,1.2,6.95,0.71,8.39,,,,,
sterling_kite_engine,NIFTY 50,delta1,21,1.25,14,2.0,7,3.0,three_red,fast,none,20,321,34.3,1.09,12.15,0.48,15.23,1.11,8.02,103,38.8,1.08,4.13,0.28,16.23,,,,,
sterling_kite_engine,NIFTY 50,options_atm,21,1.25,14,2.0,7,3.0,three_red,fast,none,20,321,30.5,1.17,11.16,0.76,7.82,1.24,9.11,103,35.9,1.08,2.05,0.26,8.47,,,,,
sterling_kite_engine,NIFTY 50,delta1,21,1.25,14,2.0,7,3.0,three_red,fast,18,20,321,34.0,0.94,-8.08,-0.38,17.82,0.92,-5.77,103,38.8,0.96,-2.32,-0.17,16.92,,,,,
sterling_kite_engine,NIFTY 50,options_atm,21,1.25,14,2.0,7,3.0,three_red,fast,18,20,321,30.5,0.97,-1.93,-0.17,8.77,0.98,-0.92,103,35.9,0.96,-1.01,-0.15,8.69,,,,,
sterling_kite_engine,NIFTY 50,delta1,21,1.25,14,2.0,7,3.0,three_red,fast,30,20,321,34.3,1.06,8.25,0.33,15.7,1.06,4.49,103,38.8,1.07,3.76,0.25,16.28,,,,,
sterling_kite_engine,NIFTY 50,options_atm,21,1.25,14,2.0,7,3.0,three_red,fast,30,20,321,30.5,1.14,9.23,0.64,7.84,1.18,6.58,103,35.9,1.1,2.65,0.32,8.31,,,,,
sterling_kite_engine,NIFTY 50,delta1,21,1.25,14,2.0,7,3.0,three_red,fast,48,20,321,34.3,1.1,12.73,0.5,15.16,1.11,8.11,103,38.8,1.08,4.62,0.3,16.17,,,,,
sterling_kite_engine,NIFTY 50,options_atm,21,1.25,14,2.0,7,3.0,three_red,fast,48,20,321,30.5,1.19,12.07,0.8,8.13,1.25,9.22,103,35.9,1.11,2.85,0.34,8.81,,,,,
sterling_kite_engine,NIFTY 50,delta1,21,1.25,14,2.0,7,3.0,three_red,fast,none,25,172,35.5,1.2,13.62,0.81,8.15,0.99,-0.42,58,44.8,1.47,14.04,1.1,7.82,,,,,
sterling_kite_engine,NIFTY 50,options_atm,21,1.25,14,2.0,7,3.0,three_red,fast,none,25,172,33.1,1.3,10.11,1.06,4.39,1.14,2.64,58,43.1,1.51,7.48,1.08,3.99,,,,,
sterling_kite_engine,NIFTY 50,delta1,21,1.25,14,2.0,7,3.0,three_red,fast,18,25,172,35.5,1.04,2.9,0.2,10.72,0.89,-4.21,58,44.8,1.24,7.12,0.65,8.29,,,,,
sterling_kite_engine,NIFTY 50,options_atm,21,1.25,14,2.0,7,3.0,three_red,fast,18,25,172,33.1,1.13,4.36,0.53,5.48,1.03,0.48,58,43.1,1.27,3.88,0.69,4.13,,,,,
sterling_kite_engine,NIFTY 50,delta1,21,1.25,14,2.0,7,3.0,three_red,fast,30,25,172,35.5,1.14,9.67,0.59,9.54,0.9,-4.01,58,44.8,1.46,13.68,1.06,7.84,,,,,
sterling_kite_engine,NIFTY 50,options_atm,21,1.25,14,2.0,7,3.0,three_red,fast,30,25,172,33.1,1.24,7.97,0.86,4.98,0.99,-0.1,58,43.1,1.55,8.07,1.1,3.97,,,,,
sterling_kite_engine,NIFTY 50,delta1,21,1.25,14,2.0,7,3.0,three_red,fast,48,25,172,35.5,1.21,14.21,0.83,8.18,0.99,-0.32,58,44.8,1.48,14.53,1.09,7.79,,,,,
sterling_kite_engine,NIFTY 50,options_atm,21,1.25,14,2.0,7,3.0,three_red,fast,48,25,172,33.1,1.33,11.02,1.09,4.41,1.15,2.75,58,43.1,1.56,8.27,1.08,3.96,,,,,
sterling_kite_engine,NIFTY 50,delta1,21,1.25,14,2.0,7,3.0,three_red,mid,none,none,453,36.2,1.08,17.68,0.46,14.29,1.16,20.26,132,41.7,0.97,-2.58,-0.15,16.77,,,,,
sterling_kite_engine,NIFTY 50,options_atm,21,1.25,14,2.0,7,3.0,three_red,mid,none,none,453,31.3,1.04,4.35,0.2,10.95,1.15,10.45,132,37.1,0.85,-6.1,-0.68,12.02,,,,,
sterling_kite_engine,NIFTY 50,delta1,21,1.25,14,2.0,7,3.0,three_red,mid,18,none,484,42.8,1.05,10.79,0.31,11.68,1.12,15.11,143,44.8,0.95,-4.32,-0.25,13.3,,,,,
sterling_kite_engine,NIFTY 50,options_atm,21,1.25,14,2.0,7,3.0,three_red,mid,18,none,484,38.2,1.05,5.06,0.27,7.99,1.12,7.49,143,38.5,0.94,-2.43,-0.28,7.05,,,,,
sterling_kite_engine,NIFTY 50,delta1,21,1.25,14,2.0,7,3.0,three_red,mid,30,none,464,38.4,1.12,25.88,0.66,11.72,1.15,19.57,137,43.1,1.08,6.32,0.33,13.59,,,,,
sterling_kite_engine,NIFTY 50,options_atm,21,1.25,14,2.0,7,3.0,three_red,mid,30,none,464,33.2,1.12,13.96,0.61,8.08,1.17,11.7,137,37.2,1.05,2.26,0.21,8.92,,,,,
sterling_kite_engine,NIFTY 50,delta1,21,1.25,14,2.0,7,3.0,three_red,mid,48,none,455,36.5,1.09,19.21,0.5,13.96,1.17,21.7,132,41.7,0.97,-2.5,-0.14,16.56,,,,,
sterling_kite_engine,NIFTY 50,options_atm,21,1.25,14,2.0,7,3.0,three_red,mid,48,none,455,31.6,1.06,6.97,0.31,10.44,1.17,12.09,132,37.1,0.88,-5.12,-0.53,11.62,,,,,
sterling_kite_engine,NIFTY 50,delta1,21,1.25,14,2.0,7,3.0,three_red,mid,none,15,435,35.6,1.05,9.88,0.27,19.74,1.17,20.28,130,40.0,0.88,-10.4,-0.6,23.19,,,,,
sterling_kite_engine,NIFTY 50,options_atm,21,1.25,14,2.0,7,3.0,three_red,mid,none,15,435,30.8,1.01,0.84,0.04,14.0,1.16,10.66,130,35.4,0.77,-9.81,-1.12,15.4,,,,,
sterling_kite_engine,NIFTY 50,delta1,21,1.25,14,2.0,7,3.0,three_red,mid,18,15,460,42.2,1.0,-0.19,-0.01,19.56,1.11,12.93,140,43.6,0.85,-13.12,-0.8,21.87,,,,,
sterling_kite_engine,NIFTY 50,options_atm,21,1.25,14,2.0,7,3.0,three_red,mid,18,15,460,37.4,1.0,-0.48,-0.03,12.1,1.11,6.77,140,37.1,0.83,-7.25,-0.89,10.98,,,,,
sterling_kite_engine,NIFTY 50,delta1,21,1.25,14,2.0,7,3.0,three_red,mid,30,15,444,38.3,1.11,23.48,0.62,15.17,1.18,21.84,133,42.9,1.02,1.64,0.09,17.85,,,,,
sterling_kite_engine,NIFTY 50,options_atm,21,1.25,14,2.0,7,3.0,three_red,mid,30,15,444,32.9,1.12,13.37,0.61,10.04,1.2,13.41,133,36.1,1.0,-0.04,-0.0,11.23,,,,,
sterling_kite_engine,NIFTY 50,delta1,21,1.25,14,2.0,7,3.0,three_red,mid,48,15,437,35.9,1.05,9.86,0.27,19.9,1.17,20.72,130,40.0,0.87,-10.86,-0.62,23.45,,,,,
sterling_kite_engine,NIFTY 50,options_atm,21,1.25,14,2.0,7,3.0,three_red,mid,48,15,437,31.1,1.02,2.22,0.1,13.85,1.17,11.42,130,35.4,0.79,-9.2,-0.99,15.32,,,,,
sterling_kite_engine,NIFTY 50,delta1,21,1.25,14,2.0,7,3.0,three_red,mid,none,20,295,35.9,1.0,-0.46,-0.02,20.29,1.15,13.57,94,39.4,0.79,-14.03,-0.92,22.77,,,,,
sterling_kite_engine,NIFTY 50,options_atm,21,1.25,14,2.0,7,3.0,three_red,mid,none,20,295,30.2,1.0,0.08,0.01,12.28,1.22,10.03,94,31.9,0.7,-9.96,-1.32,13.47,,,,,
sterling_kite_engine,NIFTY 50,delta1,21,1.25,14,2.0,7,3.0,three_red,mid,18,20,312,41.0,0.91,-12.89,-0.56,23.34,1.03,2.78,101,41.6,0.77,-15.67,-1.12,23.94,,,,,
sterling_kite_engine,NIFTY 50,options_atm,21,1.25,14,2.0,7,3.0,three_red,mid,18,20,312,36.5,0.93,-5.36,-0.44,12.47,1.07,3.12,101,35.6,0.74,-8.47,-1.25,12.25,,,,,
sterling_kite_engine,NIFTY 50,delta1,21,1.25,14,2.0,7,3.0,three_red,mid,30,20,302,39.4,1.08,11.95,0.43,16.92,1.16,14.25,96,42.7,0.96,-2.3,-0.14,18.93,,,,,
sterling_kite_engine,NIFTY 50,options_atm,21,1.25,14,2.0,7,3.0,three_red,mid,30,20,302,33.1,1.14,10.98,0.68,9.2,1.26,11.71,96,34.4,0.98,-0.73,-0.08,10.17,,,,,
sterling_kite_engine,NIFTY 50,delta1,21,1.25,14,2.0,7,3.0,three_red,mid,48,20,297,36.4,1.01,2.27,0.08,19.58,1.18,15.91,94,39.4,0.8,-13.64,-0.88,22.39,,,,,
sterling_kite_engine,NIFTY 50,options_atm,21,1.25,14,2.0,7,3.0,three_red,mid,48,20,297,31.0,1.04,3.03,0.19,11.61,1.26,11.92,94,33.0,0.73,-8.89,-1.08,12.94,,,,,
sterling_kite_engine,NIFTY 50,delta1,21,1.25,14,2.0,7,3.0,three_red,mid,none,25,162,35.2,0.93,-6.25,-0.35,25.67,0.79,-11.22,53,43.4,1.14,4.97,0.39,9.34,,,,,
sterling_kite_engine,NIFTY 50,options_atm,21,1.25,14,2.0,7,3.0,three_red,mid,none,25,162,28.4,0.94,-2.67,-0.27,14.76,0.85,-4.0,53,35.8,1.08,1.32,0.2,4.87,,,,,
sterling_kite_engine,NIFTY 50,delta1,21,1.25,14,2.0,7,3.0,three_red,mid,18,25,170,40.0,0.89,-9.79,-0.62,18.78,0.8,-9.81,58,44.8,1.0,0.02,0.0,8.9,,,,,
sterling_kite_engine,NIFTY 50,options_atm,21,1.25,14,2.0,7,3.0,three_red,mid,18,25,170,36.5,0.94,-2.4,-0.28,9.67,0.9,-2.34,58,41.4,1.0,-0.07,-0.01,4.47,,,,,
sterling_kite_engine,NIFTY 50,delta1,21,1.25,14,2.0,7,3.0,three_red,mid,30,25,165,38.2,1.05,4.73,0.25,20.33,0.83,-8.97,55,47.3,1.39,13.7,0.94,6.83,,,,,
sterling_kite_engine,NIFTY 50,options_atm,21,1.25,14,2.0,7,3.0,three_red,mid,30,25,165,31.5,1.14,6.18,0.56,10.96,0.91,-2.33,55,40.0,1.5,8.51,1.01,3.6,,,,,
sterling_kite_engine,NIFTY 50,delta1,21,1.25,14,2.0,7,3.0,three_red,mid,48,25,163,35.6,0.97,-2.31,-0.12,21.95,0.86,-7.41,53,43.4,1.15,5.11,0.39,9.34,,,,,
sterling_kite_engine,NIFTY 50,options_atm,21,1.25,14,2.0,7,3.0,three_red,mid,48,25,163,29.4,1.02,0.93,0.09,12.1,0.95,-1.27,53,37.7,1.13,2.2,0.3,4.87,,,,,
sterling_kite_engine,NIFTY 50,delta1,21,1.25,14,2.0,7,3.0,three_red_signal,fast,none,none,505,37.8,1.23,40.65,1.1,10.87,1.24,25.84,150,41.3,1.21,14.81,0.85,13.09,,,,,
sterling_kite_engine,NIFTY 50,options_atm,21,1.25,14,2.0,7,3.0,three_red_signal,fast,none,none,505,33.7,1.26,23.88,1.11,6.34,1.3,16.6,150,38.0,1.21,7.28,0.79,7.26,,,,,
sterling_kite_engine,NIFTY 50,delta1,21,1.25,14,2.0,7,3.0,three_red_signal,fast,18,none,508,38.2,1.09,16.51,0.52,12.62,1.1,10.41,150,41.3,1.09,6.1,0.39,13.74,,,,,
sterling_kite_engine,NIFTY 50,options_atm,21,1.25,14,2.0,7,3.0,three_red_signal,fast,18,none,508,34.8,1.1,9.17,0.53,6.97,1.11,6.01,150,38.7,1.09,3.16,0.4,7.35,,,,,
sterling_kite_engine,NIFTY 50,delta1,21,1.25,14,2.0,7,3.0,three_red_signal,fast,30,none,505,37.8,1.19,33.77,0.93,11.37,1.19,20.65,150,41.3,1.18,13.11,0.76,13.26,,,,,
sterling_kite_engine,NIFTY 50,options_atm,21,1.25,14,2.0,7,3.0,three_red_signal,fast,30,none,505,33.7,1.23,20.6,0.97,6.51,1.24,13.44,150,38.0,1.2,7.17,0.76,7.29,,,,,
sterling_kite_engine,NIFTY 50,delta1,21,1.25,14,2.0,7,3.0,three_red_signal,fast,48,none,505,37.8,1.24,42.77,1.14,10.66,1.26,27.3,150,41.3,1.21,15.47,0.87,12.94,,,,,
sterling_kite_engine,NIFTY 50,options_atm,21,1.25,14,2.0,7,3.0,three_red_signal,fast,48,none,505,33.7,1.29,26.14,1.18,6.22,1.32,17.9,150,38.0,1.23,8.25,0.84,7.18,,,,,
sterling_kite_engine,NIFTY 50,delta1,21,1.25,14,2.0,7,3.0,three_red_signal,fast,none,15,476,37.2,1.21,35.78,1.02,11.48,1.23,23.62,143,40.6,1.17,12.16,0.71,13.63,,,,,
sterling_kite_engine,NIFTY 50,options_atm,21,1.25,14,2.0,7,3.0,three_red_signal,fast,none,15,476,33.0,1.25,21.86,1.07,7.09,1.3,15.87,143,37.1,1.17,5.98,0.65,8.08,,,,,
sterling_kite_engine,NIFTY 50,delta1,21,1.25,14,2.0,7,3.0,three_red_signal,fast,18,15,477,37.3,1.07,12.33,0.41,13.37,1.09,8.88,143,40.6,1.05,3.45,0.23,14.38,,,,,
sterling_kite_engine,NIFTY 50,options_atm,21,1.25,14,2.0,7,3.0,three_red_signal,fast,18,15,477,34.0,1.09,7.62,0.46,6.99,1.11,5.75,143,37.8,1.05,1.87,0.24,7.36,,,,,
sterling_kite_engine,NIFTY 50,delta1,21,1.25,14,2.0,7,3.0,three_red_signal,fast,30,15,476,37.2,1.18,30.22,0.88,12.02,1.2,19.75,143,40.6,1.15,10.47,0.61,13.91,,,,,
sterling_kite_engine,NIFTY 50,options_atm,21,1.25,14,2.0,7,3.0,three_red_signal,fast,30,15,476,33.0,1.22,19.35,0.96,7.01,1.25,13.48,143,37.1,1.17,5.87,0.63,7.84,,,,,
sterling_kite_engine,NIFTY 50,delta1,21,1.25,14,2.0,7,3.0,three_red_signal,fast,48,15,476,37.2,1.22,36.89,1.04,11.89,1.24,24.07,143,40.6,1.18,12.82,0.73,14.12,,,,,
sterling_kite_engine,NIFTY 50,options_atm,21,1.25,14,2.0,7,3.0,three_red_signal,fast,48,15,476,33.0,1.27,23.24,1.11,7.36,1.31,16.28,143,37.1,1.2,6.95,0.71,8.39,,,,,
sterling_kite_engine,NIFTY 50,delta1,21,1.25,14,2.0,7,3.0,three_red_signal,fast,none,20,321,34.3,1.09,12.15,0.48,15.23,1.11,8.02,103,38.8,1.08,4.13,0.28,16.23,,,,,
sterling_kite_engine,NIFTY 50,options_atm,21,1.25,14,2.0,7,3.0,three_red_signal,fast,none,20,321,30.5,1.17,11.16,0.76,7.82,1.24,9.11,103,35.9,1.08,2.05,0.26,8.47,,,,,
sterling_kite_engine,NIFTY 50,delta1,21,1.25,14,2.0,7,3.0,three_red_signal,fast,18,20,321,34.0,0.94,-8.08,-0.38,17.82,0.92,-5.77,103,38.8,0.96,-2.32,-0.17,16.92,,,,,
sterling_kite_engine,NIFTY 50,options_atm,21,1.25,14,2.0,7,3.0,three_red_signal,fast,18,20,321,30.5,0.97,-1.93,-0.17,8.77,0.98,-0.92,103,35.9,0.96,-1.01,-0.15,8.69,,,,,
sterling_kite_engine,NIFTY 50,delta1,21,1.25,14,2.0,7,3.0,three_red_signal,fast,30,20,321,34.3,1.06,8.25,0.33,15.7,1.06,4.49,103,38.8,1.07,3.76,0.25,16.28,,,,,
sterling_kite_engine,NIFTY 50,options_atm,21,1.25,14,2.0,7,3.0,three_red_signal,fast,30,20,321,30.5,1.14,9.23,0.64,7.84,1.18,6.58,103,35.9,1.1,2.65,0.32,8.31,,,,,
sterling_kite_engine,NIFTY 50,delta1,21,1.25,14,2.0,7,3.0,three_red_signal,fast,48,20,321,34.3,1.1,12.73,0.5,15.16,1.11,8.11,103,38.8,1.08,4.62,0.3,16.17,,,,,
sterling_kite_engine,NIFTY 50,options_atm,21,1.25,14,2.0,7,3.0,three_red_signal,fast,48,20,321,30.5,1.19,12.07,0.8,8.13,1.25,9.22,103,35.9,1.11,2.85,0.34,8.81,,,,,
sterling_kite_engine,NIFTY 50,delta1,21,1.25,14,2.0,7,3.0,three_red_signal,fast,none,25,172,35.5,1.2,13.62,0.81,8.15,0.99,-0.42,58,44.8,1.47,14.04,1.1,7.82,,,,,
sterling_kite_engine,NIFTY 50,options_atm,21,1.25,14,2.0,7,3.0,three_red_signal,fast,none,25,172,33.1,1.3,10.11,1.06,4.39,1.14,2.64,58,43.1,1.51,7.48,1.08,3.99,,,,,
sterling_kite_engine,NIFTY 50,delta1,21,1.25,14,2.0,7,3.0,three_red_signal,fast,18,25,172,35.5,1.04,2.9,0.2,10.72,0.89,-4.21,58,44.8,1.24,7.12,0.65,8.29,,,,,
sterling_kite_engine,NIFTY 50,options_atm,21,1.25,14,2.0,7,3.0,three_red_signal,fast,18,25,172,33.1,1.13,4.36,0.53,5.48,1.03,0.48,58,43.1,1.27,3.88,0.69,4.13,,,,,
sterling_kite_engine,NIFTY 50,delta1,21,1.25,14,2.0,7,3.0,three_red_signal,fast,30,25,172,35.5,1.14,9.67,0.59,9.54,0.9,-4.01,58,44.8,1.46,13.68,1.06,7.84,,,,,
sterling_kite_engine,NIFTY 50,options_atm,21,1.25,14,2.0,7,3.0,three_red_signal,fast,30,25,172,33.1,1.24,7.97,0.86,4.98,0.99,-0.1,58,43.1,1.55,8.07,1.1,3.97,,,,,
sterling_kite_engine,NIFTY 50,delta1,21,1.25,14,2.0,7,3.0,three_red_signal,fast,48,25,172,35.5,1.21,14.21,0.83,8.18,0.99,-0.32,58,44.8,1.48,14.53,1.09,7.79,,,,,
sterling_kite_engine,NIFTY 50,options_atm,21,1.25,14,2.0,7,3.0,three_red_signal,fast,48,25,172,33.1,1.33,11.02,1.09,4.41,1.15,2.75,58,43.1,1.56,8.27,1.08,3.96,,,,,
sterling_kite_engine,NIFTY 50,delta1,21,1.25,14,2.0,7,3.0,three_red_signal,mid,none,none,453,36.2,1.08,17.68,0.46,14.29,1.16,20.26,132,41.7,0.97,-2.58,-0.15,16.77,,,,,
sterling_kite_engine,NIFTY 50,options_atm,21,1.25,14,2.0,7,3.0,three_red_signal,mid,none,none,453,31.3,1.04,4.35,0.2,10.95,1.15,10.45,132,37.1,0.85,-6.1,-0.68,12.02,,,,,
sterling_kite_engine,NIFTY 50,delta1,21,1.25,14,2.0,7,3.0,three_red_signal,mid,18,none,484,42.8,1.05,10.79,0.31,11.68,1.12,15.11,143,44.8,0.95,-4.32,-0.25,13.3,,,,,
sterling_kite_engine,NIFTY 50,options_atm,21,1.25,14,2.0,7,3.0,three_red_signal,mid,18,none,484,38.2,1.05,5.06,0.27,7.99,1.12,7.49,143,38.5,0.94,-2.43,-0.28,7.05,,,,,
sterling_kite_engine,NIFTY 50,delta1,21,1.25,14,2.0,7,3.0,three_red_signal,mid,30,none,464,38.4,1.12,25.88,0.66,11.72,1.15,19.57,137,43.1,1.08,6.32,0.33,13.59,,,,,
sterling_kite_engine,NIFTY 50,options_atm,21,1.25,14,2.0,7,3.0,three_red_signal,mid,30,none,464,33.2,1.12,13.96,0.61,8.08,1.17,11.7,137,37.2,1.05,2.26,0.21,8.92,,,,,
sterling_kite_engine,NIFTY 50,delta1,21,1.25,14,2.0,7,3.0,three_red_signal,mid,48,none,455,36.5,1.09,19.21,0.5,13.96,1.17,21.7,132,41.7,0.97,-2.5,-0.14,16.56,,,,,
sterling_kite_engine,NIFTY 50,options_atm,21,1.25,14,2.0,7,3.0,three_red_signal,mid,48,none,455,31.6,1.06,6.97,0.31,10.44,1.17,12.09,132,37.1,0.88,-5.12,-0.53,11.62,,,,,
sterling_kite_engine,NIFTY 50,delta1,21,1.25,14,2.0,7,3.0,three_red_signal,mid,none,15,435,35.6,1.05,9.88,0.27,19.74,1.17,20.28,130,40.0,0.88,-10.4,-0.6,23.19,,,,,
sterling_kite_engine,NIFTY 50,options_atm,21,1.25,14,2.0,7,3.0,three_red_signal,mid,none,15,435,30.8,1.01,0.84,0.04,14.0,1.16,10.66,130,35.4,0.77,-9.81,-1.12,15.4,,,,,
sterling_kite_engine,NIFTY 50,delta1,21,1.25,14,2.0,7,3.0,three_red_signal,mid,18,15,460,42.2,1.0,-0.19,-0.01,19.56,1.11,12.93,140,43.6,0.85,-13.12,-0.8,21.87,,,,,
sterling_kite_engine,NIFTY 50,options_atm,21,1.25,14,2.0,7,3.0,three_red_signal,mid,18,15,460,37.4,1.0,-0.48,-0.03,12.1,1.11,6.77,140,37.1,0.83,-7.25,-0.89,10.98,,,,,
sterling_kite_engine,NIFTY 50,delta1,21,1.25,14,2.0,7,3.0,three_red_signal,mid,30,15,444,38.3,1.11,23.48,0.62,15.17,1.18,21.84,133,42.9,1.02,1.64,0.09,17.85,,,,,
sterling_kite_engine,NIFTY 50,options_atm,21,1.25,14,2.0,7,3.0,three_red_signal,mid,30,15,444,32.9,1.12,13.37,0.61,10.04,1.2,13.41,133,36.1,1.0,-0.04,-0.0,11.23,,,,,
sterling_kite_engine,NIFTY 50,delta1,21,1.25,14,2.0,7,3.0,three_red_signal,mid,48,15,437,35.9,1.05,9.86,0.27,19.9,1.17,20.72,130,40.0,0.87,-10.86,-0.62,23.45,,,,,
sterling_kite_engine,NIFTY 50,options_atm,21,1.25,14,2.0,7,3.0,three_red_signal,mid,48,15,437,31.1,1.02,2.22,0.1,13.85,1.17,11.42,130,35.4,0.79,-9.2,-0.99,15.32,,,,,
sterling_kite_engine,NIFTY 50,delta1,21,1.25,14,2.0,7,3.0,three_red_signal,mid,none,20,295,35.9,1.0,-0.46,-0.02,20.29,1.15,13.57,94,39.4,0.79,-14.03,-0.92,22.77,,,,,
sterling_kite_engine,NIFTY 50,options_atm,21,1.25,14,2.0,7,3.0,three_red_signal,mid,none,20,295,30.2,1.0,0.08,0.01,12.28,1.22,10.03,94,31.9,0.7,-9.96,-1.32,13.47,,,,,
sterling_kite_engine,NIFTY 50,delta1,21,1.25,14,2.0,7,3.0,three_red_signal,mid,18,20,312,41.0,0.91,-12.89,-0.56,23.34,1.03,2.78,101,41.6,0.77,-15.67,-1.12,23.94,,,,,
sterling_kite_engine,NIFTY 50,options_atm,21,1.25,14,2.0,7,3.0,three_red_signal,mid,18,20,312,36.5,0.93,-5.36,-0.44,12.47,1.07,3.12,101,35.6,0.74,-8.47,-1.25,12.25,,,,,
sterling_kite_engine,NIFTY 50,delta1,21,1.25,14,2.0,7,3.0,three_red_signal,mid,30,20,302,39.4,1.08,11.95,0.43,16.92,1.16,14.25,96,42.7,0.96,-2.3,-0.14,18.93,,,,,
sterling_kite_engine,NIFTY 50,options_atm,21,1.25,14,2.0,7,3.0,three_red_signal,mid,30,20,302,33.1,1.14,10.98,0.68,9.2,1.26,11.71,96,34.4,0.98,-0.73,-0.08,10.17,,,,,
sterling_kite_engine,NIFTY 50,delta1,21,1.25,14,2.0,7,3.0,three_red_signal,mid,48,20,297,36.4,1.01,2.27,0.08,19.58,1.18,15.91,94,39.4,0.8,-13.64,-0.88,22.39,,,,,
sterling_kite_engine,NIFTY 50,options_atm,21,1.25,14,2.0,7,3.0,three_red_signal,mid,48,20,297,31.0,1.04,3.03,0.19,11.61,1.26,11.92,94,33.0,0.73,-8.89,-1.08,12.94,,,,,
sterling_kite_engine,NIFTY 50,delta1,21,1.25,14,2.0,7,3.0,three_red_signal,mid,none,25,162,35.2,0.93,-6.25,-0.35,25.67,0.79,-11.22,53,43.4,1.14,4.97,0.39,9.34,,,,,
sterling_kite_engine,NIFTY 50,options_atm,21,1.25,14,2.0,7,3.0,three_red_signal,mid,none,25,162,28.4,0.94,-2.67,-0.27,14.76,0.85,-4.0,53,35.8,1.08,1.32,0.2,4.87,,,,,
sterling_kite_engine,NIFTY 50,delta1,21,1.25,14,2.0,7,3.0,three_red_signal,mid,18,25,170,40.0,0.89,-9.79,-0.62,18.78,0.8,-9.81,58,44.8,1.0,0.02,0.0,8.9,,,,,
sterling_kite_engine,NIFTY 50,options_atm,21,1.25,14,2.0,7,3.0,three_red_signal,mid,18,25,170,36.5,0.94,-2.4,-0.28,9.67,0.9,-2.34,58,41.4,1.0,-0.07,-0.01,4.47,,,,,
sterling_kite_engine,NIFTY 50,delta1,21,1.25,14,2.0,7,3.0,three_red_signal,mid,30,25,165,38.2,1.05,4.73,0.25,20.33,0.83,-8.97,55,47.3,1.39,13.7,0.94,6.83,,,,,
sterling_kite_engine,NIFTY 50,options_atm,21,1.25,14,2.0,7,3.0,three_red_signal,mid,30,25,165,31.5,1.14,6.18,0.56,10.96,0.91,-2.33,55,40.0,1.5,8.51,1.01,3.6,,,,,
sterling_kite_engine,NIFTY 50,delta1,21,1.25,14,2.0,7,3.0,three_red_signal,mid,48,25,163,35.6,0.97,-2.31,-0.12,21.95,0.86,-7.41,53,43.4,1.15,5.11,0.39,9.34,,,,,
sterling_kite_engine,NIFTY 50,options_atm,21,1.25,14,2.0,7,3.0,three_red_signal,mid,48,25,163,29.4,1.02,0.93,0.09,12.1,0.95,-1.27,53,37.7,1.13,2.2,0.3,4.87,,,,,
sterling_kite_engine,NIFTY BANK,delta1,14,0.75,14,2.0,7,3.0,one_red,fast,none,none,673,40.0,1.09,28.04,0.46,18.12,1.21,41.63,202,38.1,0.88,-13.59,-0.58,24.75,,,,,
sterling_kite_engine,NIFTY BANK,options_atm,14,0.75,14,2.0,7,3.0,one_red,fast,none,none,673,38.3,1.32,47.53,1.27,7.71,1.5,45.78,202,35.6,1.03,1.76,0.13,10.82,,,,,
sterling_kite_engine,NIFTY BANK,delta1,14,0.75,14,2.0,7,3.0,one_red,fast,18,none,673,40.0,1.05,14.92,0.26,23.05,1.18,35.69,202,38.1,0.82,-20.78,-1.0,30.36,,,,,
sterling_kite_engine,NIFTY BANK,options_atm,14,0.75,14,2.0,7,3.0,one_red,fast,18,none,673,38.3,1.25,36.42,1.11,8.58,1.44,40.63,202,35.6,0.92,-4.21,-0.38,11.82,,,,,
sterling_kite_engine,NIFTY BANK,delta1,14,0.75,14,2.0,7,3.0,one_red,fast,30,none,673,40.0,1.09,28.27,0.47,18.09,1.22,42.03,202,38.1,0.88,-13.76,-0.59,24.79,,,,,
sterling_kite_engine,NIFTY BANK,options_atm,14,0.75,14,2.0,7,3.0,one_red,fast,30,none,673,38.3,1.33,47.83,1.28,7.69,1.51,46.18,202,35.6,1.03,1.65,0.12,10.83,,,,,
sterling_kite_engine,NIFTY BANK,delta1,14,0.75,14,2.0,7,3.0,one_red,fast,48,none,673,40.0,1.09,28.04,0.46,18.12,1.21,41.63,202,38.1,0.88,-13.59,-0.58,24.75,,,,,
sterling_kite_engine,NIFTY BANK,options_atm,14,0.75,14,2.0,7,3.0,one_red,fast,48,none,673,38.3,1.32,47.53,1.27,7.71,1.5,45.78,202,35.6,1.03,1.76,0.13,10.82,,,,,
sterling_kite_engine,NIFTY BANK,delta1,14,0.75,14,2.0,7,3.0,one_red,fast,none,15,615,39.8,1.08,23.14,0.41,17.97,1.2,36.27,183,38.3,0.88,-13.13,-0.57,23.76,,,,,
sterling_kite_engine,NIFTY BANK,options_atm,14,0.75,14,2.0,7,3.0,one_red,fast,none,15,615,38.0,1.31,42.71,1.23,7.07,1.48,41.02,183,35.5,1.03,1.69,0.12,9.66,,,,,
sterling_kite_engine,NIFTY BANK,delta1,14,0.75,14,2.0,7,3.0,one_red,fast,18,15,615,39.8,1.03,9.98,0.19,23.6,1.17,30.3,183,38.3,0.81,-20.32,-1.01,29.95,,,,,
sterling_kite_engine,NIFTY BANK,options_atm,14,0.75,14,2.0,7,3.0,one_red,fast,18,15,615,38.0,1.23,31.55,1.04,8.61,1.42,35.84,183,35.5,0.92,-4.28,-0.4,11.48,,,,,
sterling_kite_engine,NIFTY BANK,delta1,14,0.75,14,2.0,7,3.0,one_red,fast,30,15,615,39.8,1.08,23.37,0.42,18.04,1.2,36.67,183,38.3,0.88,-13.3,-0.58,23.91,,,,,
sterling_kite_engine,NIFTY BANK,options_atm,14,0.75,14,2.0,7,3.0,one_red,fast,30,15,615,38.0,1.32,43.01,1.23,7.06,1.49,41.43,183,35.5,1.03,1.58,0.12,9.67,,,,,
sterling_kite_engine,NIFTY BANK,delta1,14,0.75,14,2.0,7,3.0,one_red,fast,48,15,615,39.8,1.08,23.14,0.41,17.97,1.2,36.27,183,38.3,0.88,-13.13,-0.57,23.76,,,,,
sterling_kite_engine,NIFTY BANK,options_atm,14,0.75,14,2.0,7,3.0,one_red,fast,48,15,615,38.0,1.31,42.71,1.23,7.07,1.48,41.02,183,35.5,1.03,1.69,0.12,9.66,,,,,
sterling_kite_engine,NIFTY BANK,delta1,14,0.75,14,2.0,7,3.0,one_red,fast,none,20,418,38.3,1.05,10.59,0.26,17.62,1.13,16.24,127,38.6,0.92,-5.66,-0.28,20.12,,,,,
sterling_kite_engine,NIFTY BANK,options_atm,14,0.75,14,2.0,7,3.0,one_red,fast,none,20,418,36.6,1.31,30.03,1.14,7.44,1.44,26.73,127,36.2,1.09,3.3,0.26,9.22,,,,,
sterling_kite_engine,NIFTY BANK,delta1,14,0.75,14,2.0,7,3.0,one_red,fast,18,20,418,38.3,1.0,-0.5,-0.01,20.75,1.09,11.83,127,38.6,0.83,-12.32,-0.71,22.98,,,,,
sterling_kite_engine,NIFTY BANK,options_atm,14,0.75,14,2.0,7,3.0,one_red,fast,18,20,418,36.6,1.21,20.21,0.91,8.35,1.37,22.53,127,36.2,0.93,-2.32,-0.25,10.11,,,,,
sterling_kite_engine,NIFTY BANK,delta1,14,0.75,14,2.0,7,3.0,one_red,fast,30,20,418,38.3,1.05,10.82,0.26,17.59,1.13,16.65,127,38.6,0.92,-5.83,-0.29,20.15,,,,,
sterling_kite_engine,NIFTY BANK,options_atm,14,0.75,14,2.0,7,3.0,one_red,fast,30,20,418,36.6,1.32,30.33,1.15,7.43,1.45,27.13,127,36.2,1.09,3.19,0.25,9.22,,,,,
sterling_kite_engine,NIFTY BANK,delta1,14,0.75,14,2.0,7,3.0,one_red,fast,48,20,418,38.3,1.05,10.59,0.26,17.62,1.13,16.24,127,38.6,0.92,-5.66,-0.28,20.12,,,,,
sterling_kite_engine,NIFTY BANK,options_atm,14,0.75,14,2.0,7,3.0,one_red,fast,48,20,418,36.6,1.31,30.03,1.14,7.44,1.44,26.73,127,36.2,1.09,3.3,0.26,9.22,,,,,
sterling_kite_engine,NIFTY BANK,delta1,14,0.75,14,2.0,7,3.0,one_red,fast,none,25,245,35.5,0.96,-4.53,-0.19,18.58,0.95,-4.36,71,39.4,1.0,-0.17,-0.01,12.37,,,,,
sterling_kite_engine,NIFTY BANK,options_atm,14,0.75,14,2.0,7,3.0,one_red,fast,none,25,245,34.3,1.22,13.19,0.84,6.11,1.3,12.13,71,38.0,1.06,1.06,0.16,6.23,,,,,
sterling_kite_engine,NIFTY BANK,delta1,14,0.75,14,2.0,7,3.0,one_red,fast,18,25,245,35.5,0.92,-9.85,-0.43,20.07,0.9,-8.9,71,39.4,0.97,-0.95,-0.07,13.04,,,,,
sterling_kite_engine,NIFTY BANK,options_atm,14,0.75,14,2.0,7,3.0,one_red,fast,18,25,245,34.3,1.14,8.47,0.59,6.34,1.19,7.84,71,38.0,1.03,0.62,0.09,6.23,,,,,
sterling_kite_engine,NIFTY BANK,delta1,14,0.75,14,2.0,7,3.0,one_red,fast,30,25,245,35.5,0.97,-4.12,-0.17,18.52,0.96,-3.95,71,39.4,1.0,-0.17,-0.01,12.37,,,,,
sterling_kite_engine,NIFTY BANK,options_atm,14,0.75,14,2.0,7,3.0,one_red,fast,30,25,245,34.3,1.23,13.59,0.85,6.09,1.31,12.53,71,38.0,1.06,1.06,0.16,6.23,,,,,
sterling_kite_engine,NIFTY BANK,delta1,14,0.75,14,2.0,7,3.0,one_red,fast,48,25,245,35.5,0.96,-4.53,-0.19,18.58,0.95,-4.36,71,39.4,1.0,-0.17,-0.01,12.37,,,,,
sterling_kite_engine,NIFTY BANK,options_atm,14,0.75,14,2.0,7,3.0,one_red,fast,48,25,245,34.3,1.22,13.19,0.84,6.11,1.3,12.13,71,38.0,1.06,1.06,0.16,6.23,,,,,
sterling_kite_engine,NIFTY BANK,delta1,14,0.75,14,2.0,7,3.0,one_red,mid,none,none,668,38.0,1.13,54.15,0.67,16.18,1.28,70.36,200,36.0,0.89,-16.21,-0.55,26.55,,,,,
sterling_kite_engine,NIFTY BANK,options_atm,14,0.75,14,2.0,7,3.0,one_red,mid,none,none,668,35.3,1.37,71.56,1.39,6.69,1.59,71.32,200,30.5,1.0,0.24,0.01,11.24,,,,,
sterling_kite_engine,NIFTY BANK,delta1,14,0.75,14,2.0,7,3.0,one_red,mid,18,none,668,38.3,1.05,21.39,0.29,26.52,1.19,46.71,200,36.0,0.83,-25.32,-0.94,37.75,,,,,
sterling_kite_engine,NIFTY BANK,options_atm,14,0.75,14,2.0,7,3.0,one_red,mid,18,none,668,35.6,1.24,46.19,1.07,12.52,1.44,52.2,200,30.5,0.92,-6.01,-0.4,18.68,,,,,
sterling_kite_engine,NIFTY BANK,delta1,14,0.75,14,2.0,7,3.0,one_red,mid,30,none,668,38.0,1.13,50.53,0.63,18.13,1.28,69.98,200,36.0,0.87,-19.45,-0.67,29.68,,,,,
sterling_kite_engine,NIFTY BANK,options_atm,14,0.75,14,2.0,7,3.0,one_red,mid,30,none,668,35.3,1.36,69.47,1.36,8.23,1.59,71.06,200,30.5,0.98,-1.58,-0.09,13.81,,,,,
sterling_kite_engine,NIFTY BANK,delta1,14,0.75,14,2.0,7,3.0,one_red,mid,48,none,668,38.0,1.13,51.69,0.65,16.42,1.27,67.95,200,36.0,0.89,-16.26,-0.55,26.59,,,,,
sterling_kite_engine,NIFTY BANK,options_atm,14,0.75,14,2.0,7,3.0,one_red,mid,48,none,668,35.3,1.36,69.45,1.36,6.73,1.57,69.13,200,30.5,1.0,0.32,0.02,11.16,,,,,
sterling_kite_engine,NIFTY BANK,delta1,14,0.75,14,2.0,7,3.0,one_red,mid,none,15,612,37.3,1.11,42.09,0.57,14.93,1.22,50.98,182,35.7,0.94,-8.9,-0.3,21.25,,,,,
sterling_kite_engine,NIFTY BANK,options_atm,14,0.75,14,2.0,7,3.0,one_red,mid,none,15,612,35.0,1.34,62.03,1.3,7.27,1.51,57.55,182,31.3,1.07,4.48,0.26,10.13,,,,,
sterling_kite_engine,NIFTY BANK,delta1,14,0.75,14,2.0,7,3.0,one_red,mid,18,15,612,37.6,1.02,8.09,0.12,26.54,1.12,27.74,182,35.7,0.86,-19.66,-0.74,33.21,,,,,
sterling_kite_engine,NIFTY BANK,options_atm,14,0.75,14,2.0,7,3.0,one_red,mid,18,15,612,35.3,1.2,35.59,0.9,11.14,1.34,38.34,182,31.3,0.96,-2.74,-0.19,15.17,,,,,
sterling_kite_engine,NIFTY BANK,delta1,14,0.75,14,2.0,7,3.0,one_red,mid,30,15,612,37.3,1.1,38.1,0.52,16.67,1.21,50.24,182,35.7,0.91,-12.14,-0.42,24.3,,,,,
sterling_kite_engine,NIFTY BANK,options_atm,14,0.75,14,2.0,7,3.0,one_red,mid,30,15,612,35.0,1.33,59.64,1.26,7.29,1.5,56.98,182,31.3,1.04,2.65,0.16,11.26,,,,,
sterling_kite_engine,NIFTY BANK,delta1,14,0.75,14,2.0,7,3.0,one_red,mid,48,15,612,37.3,1.11,39.63,0.54,15.18,1.21,48.58,182,35.7,0.94,-8.95,-0.31,21.26,,,,,
sterling_kite_engine,NIFTY BANK,options_atm,14,0.75,14,2.0,7,3.0,one_red,mid,48,15,612,35.0,1.33,59.93,1.27,7.43,1.49,55.37,182,31.3,1.07,4.56,0.26,10.12,,,,,
sterling_kite_engine,NIFTY BANK,delta1,14,0.75,14,2.0,7,3.0,one_red,mid,none,20,418,35.6,1.11,28.04,0.55,20.67,1.32,50.67,127,32.3,0.77,-22.62,-1.04,30.33,,,,,
sterling_kite_engine,NIFTY BANK,options_atm,14,0.75,14,2.0,7,3.0,one_red,mid,none,20,418,33.7,1.36,44.32,1.29,9.08,1.69,52.8,127,29.9,0.82,-8.48,-0.66,13.64,,,,,
sterling_kite_engine,NIFTY BANK,delta1,14,0.75,14,2.0,7,3.0,one_red,mid,18,20,418,36.1,1.06,15.81,0.34,22.47,1.24,37.11,127,32.3,0.78,-21.3,-1.02,30.06,,,,,
sterling_kite_engine,NIFTY BANK,options_atm,14,0.75,14,2.0,7,3.0,one_red,mid,18,20,418,34.2,1.26,32.35,1.13,9.63,1.53,40.03,127,29.9,0.84,-7.67,-0.68,13.29,,,,,
sterling_kite_engine,NIFTY BANK,delta1,14,0.75,14,2.0,7,3.0,one_red,mid,30,20,418,35.6,1.12,29.41,0.57,21.13,1.34,53.34,127,32.3,0.75,-23.93,-1.1,31.53,,,,,
sterling_kite_engine,NIFTY BANK,options_atm,14,0.75,14,2.0,7,3.0,one_red,mid,30,20,418,33.7,1.37,46.06,1.32,9.43,1.72,55.09,127,29.9,0.81,-9.03,-0.7,14.37,,,,,
sterling_kite_engine,NIFTY BANK,delta1,14,0.75,14,2.0,7,3.0,one_red,mid,48,20,418,35.6,1.11,28.04,0.55,20.67,1.32,50.67,127,32.3,0.77,-22.62,-1.04,30.33,,,,,
sterling_kite_engine,NIFTY BANK,options_atm,14,0.75,14,2.0,7,3.0,one_red,mid,48,20,418,33.7,1.36,44.32,1.29,9.08,1.69,52.8,127,29.9,0.82,-8.48,-0.66,13.64,,,,,
sterling_kite_engine,NIFTY BANK,delta1,14,0.75,14,2.0,7,3.0,one_red,mid,none,25,245,34.7,1.12,19.35,0.59,18.26,1.32,33.18,71,32.4,0.74,-13.83,-0.99,18.04,,,,,
sterling_kite_engine,NIFTY BANK,options_atm,14,0.75,14,2.0,7,3.0,one_red,mid,none,25,245,32.2,1.43,32.42,1.45,8.49,1.79,39.82,71,28.2,0.71,-7.4,-1.07,10.01,,,,,
sterling_kite_engine,NIFTY BANK,delta1,14,0.75,14,2.0,7,3.0,one_red,mid,18,25,245,35.5,1.09,13.36,0.45,14.21,1.21,21.78,71,32.4,0.84,-8.42,-0.54,15.09,,,,,
sterling_kite_engine,NIFTY BANK,options_atm,14,0.75,14,2.0,7,3.0,one_red,mid,18,25,245,32.7,1.34,25.98,1.36,6.64,1.58,28.9,71,28.2,0.89,-2.92,-0.35,7.92,,,,,
sterling_kite_engine,NIFTY BANK,delta1,14,0.75,14,2.0,7,3.0,one_red,mid,30,25,245,34.7,1.13,20.15,0.61,18.62,1.34,35.47,71,32.4,0.71,-15.32,-1.12,19.48,,,,,
sterling_kite_engine,NIFTY BANK,options_atm,14,0.75,14,2.0,7,3.0,one_red,mid,30,25,245,32.2,1.44,33.76,1.48,8.52,1.83,41.96,71,28.2,0.68,-8.19,-1.22,10.23,,,,,
sterling_kite_engine,NIFTY BANK,delta1,14,0.75,14,2.0,7,3.0,one_red,mid,48,25,245,34.7,1.12,19.35,0.59,18.26,1.32,33.18,71,32.4,0.74,-13.83,-0.99,18.04,,,,,
sterling_kite_engine,NIFTY BANK,options_atm,14,0.75,14,2.0,7,3.0,one_red,mid,48,25,245,32.2,1.43,32.42,1.45,8.49,1.79,39.82,71,28.2,0.71,-7.4,-1.07,10.01,,,,,
sterling_kite_engine,NIFTY BANK,delta1,14,0.75,14,2.0,7,3.0,two_red,fast,none,none,673,40.0,1.09,28.04,0.46,18.12,1.21,41.63,202,38.1,0.88,-13.59,-0.58,24.75,,,,,
sterling_kite_engine,NIFTY BANK,options_atm,14,0.75,14,2.0,7,3.0,two_red,fast,none,none,673,38.3,1.32,47.53,1.27,7.71,1.5,45.78,202,35.6,1.03,1.76,0.13,10.82,,,,,
sterling_kite_engine,NIFTY BANK,delta1,14,0.75,14,2.0,7,3.0,two_red,fast,18,none,673,40.0,1.05,14.92,0.26,23.05,1.18,35.69,202,38.1,0.82,-20.78,-1.0,30.36,,,,,
sterling_kite_engine,NIFTY BANK,options_atm,14,0.75,14,2.0,7,3.0,two_red,fast,18,none,673,38.3,1.25,36.42,1.11,8.58,1.44,40.63,202,35.6,0.92,-4.21,-0.38,11.82,,,,,
sterling_kite_engine,NIFTY BANK,delta1,14,0.75,14,2.0,7,3.0,two_red,fast,30,none,673,40.0,1.09,28.27,0.47,18.09,1.22,42.03,202,38.1,0.88,-13.76,-0.59,24.79,,,,,
sterling_kite_engine,NIFTY BANK,options_atm,14,0.75,14,2.0,7,3.0,two_red,fast,30,none,673,38.3,1.33,47.83,1.28,7.69,1.51,46.18,202,35.6,1.03,1.65,0.12,10.83,,,,,
sterling_kite_engine,NIFTY BANK,delta1,14,0.75,14,2.0,7,3.0,two_red,fast,48,none,673,40.0,1.09,28.04,0.46,18.12,1.21,41.63,202,38.1,0.88,-13.59,-0.58,24.75,,,,,
sterling_kite_engine,NIFTY BANK,options_atm,14,0.75,14,2.0,7,3.0,two_red,fast,48,none,673,38.3,1.32,47.53,1.27,7.71,1.5,45.78,202,35.6,1.03,1.76,0.13,10.82,,,,,
sterling_kite_engine,NIFTY BANK,delta1,14,0.75,14,2.0,7,3.0,two_red,fast,none,15,615,39.8,1.08,23.14,0.41,17.97,1.2,36.27,183,38.3,0.88,-13.13,-0.57,23.76,,,,,
sterling_kite_engine,NIFTY BANK,options_atm,14,0.75,14,2.0,7,3.0,two_red,fast,none,15,615,38.0,1.31,42.71,1.23,7.07,1.48,41.02,183,35.5,1.03,1.69,0.12,9.66,,,,,
sterling_kite_engine,NIFTY BANK,delta1,14,0.75,14,2.0,7,3.0,two_red,fast,18,15,615,39.8,1.03,9.98,0.19,23.6,1.17,30.3,183,38.3,0.81,-20.32,-1.01,29.95,,,,,
sterling_kite_engine,NIFTY BANK,options_atm,14,0.75,14,2.0,7,3.0,two_red,fast,18,15,615,38.0,1.23,31.55,1.04,8.61,1.42,35.84,183,35.5,0.92,-4.28,-0.4,11.48,,,,,
sterling_kite_engine,NIFTY BANK,delta1,14,0.75,14,2.0,7,3.0,two_red,fast,30,15,615,39.8,1.08,23.37,0.42,18.04,1.2,36.67,183,38.3,0.88,-13.3,-0.58,23.91,,,,,
sterling_kite_engine,NIFTY BANK,options_atm,14,0.75,14,2.0,7,3.0,two_red,fast,30,15,615,38.0,1.32,43.01,1.23,7.06,1.49,41.43,183,35.5,1.03,1.58,0.12,9.67,,,,,
sterling_kite_engine,NIFTY BANK,delta1,14,0.75,14,2.0,7,3.0,two_red,fast,48,15,615,39.8,1.08,23.14,0.41,17.97,1.2,36.27,183,38.3,0.88,-13.13,-0.57,23.76,,,,,
sterling_kite_engine,NIFTY BANK,options_atm,14,0.75,14,2.0,7,3.0,two_red,fast,48,15,615,38.0,1.31,42.71,1.23,7.07,1.48,41.02,183,35.5,1.03,1.69,0.12,9.66,,,,,
sterling_kite_engine,NIFTY BANK,delta1,14,0.75,14,2.0,7,3.0,two_red,fast,none,20,418,38.3,1.05,10.59,0.26,17.62,1.13,16.24,127,38.6,0.92,-5.66,-0.28,20.12,,,,,
sterling_kite_engine,NIFTY BANK,options_atm,14,0.75,14,2.0,7,3.0,two_red,fast,none,20,418,36.6,1.31,30.03,1.14,7.44,1.44,26.73,127,36.2,1.09,3.3,0.26,9.22,,,,,
sterling_kite_engine,NIFTY BANK,delta1,14,0.75,14,2.0,7,3.0,two_red,fast,18,20,418,38.3,1.0,-0.5,-0.01,20.75,1.09,11.83,127,38.6,0.83,-12.32,-0.71,22.98,,,,,
sterling_kite_engine,NIFTY BANK,options_atm,14,0.75,14,2.0,7,3.0,two_red,fast,18,20,418,36.6,1.21,20.21,0.91,8.35,1.37,22.53,127,36.2,0.93,-2.32,-0.25,10.11,,,,,
sterling_kite_engine,NIFTY BANK,delta1,14,0.75,14,2.0,7,3.0,two_red,fast,30,20,418,38.3,1.05,10.82,0.26,17.59,1.13,16.65,127,38.6,0.92,-5.83,-0.29,20.15,,,,,
sterling_kite_engine,NIFTY BANK,options_atm,14,0.75,14,2.0,7,3.0,two_red,fast,30,20,418,36.6,1.32,30.33,1.15,7.43,1.45,27.13,127,36.2,1.09,3.19,0.25,9.22,,,,,
sterling_kite_engine,NIFTY BANK,delta1,14,0.75,14,2.0,7,3.0,two_red,fast,48,20,418,38.3,1.05,10.59,0.26,17.62,1.13,16.24,127,38.6,0.92,-5.66,-0.28,20.12,,,,,
sterling_kite_engine,NIFTY BANK,options_atm,14,0.75,14,2.0,7,3.0,two_red,fast,48,20,418,36.6,1.31,30.03,1.14,7.44,1.44,26.73,127,36.2,1.09,3.3,0.26,9.22,,,,,
sterling_kite_engine,NIFTY BANK,delta1,14,0.75,14,2.0,7,3.0,two_red,fast,none,25,245,35.5,0.96,-4.53,-0.19,18.58,0.95,-4.36,71,39.4,1.0,-0.17,-0.01,12.37,,,,,
sterling_kite_engine,NIFTY BANK,options_atm,14,0.75,14,2.0,7,3.0,two_red,fast,none,25,245,34.3,1.22,13.19,0.84,6.11,1.3,12.13,71,38.0,1.06,1.06,0.16,6.23,,,,,
sterling_kite_engine,NIFTY BANK,delta1,14,0.75,14,2.0,7,3.0,two_red,fast,18,25,245,35.5,0.92,-9.85,-0.43,20.07,0.9,-8.9,71,39.4,0.97,-0.95,-0.07,13.04,,,,,
sterling_kite_engine,NIFTY BANK,options_atm,14,0.75,14,2.0,7,3.0,two_red,fast,18,25,245,34.3,1.14,8.47,0.59,6.34,1.19,7.84,71,38.0,1.03,0.62,0.09,6.23,,,,,
sterling_kite_engine,NIFTY BANK,delta1,14,0.75,14,2.0,7,3.0,two_red,fast,30,25,245,35.5,0.97,-4.12,-0.17,18.52,0.96,-3.95,71,39.4,1.0,-0.17,-0.01,12.37,,,,,
sterling_kite_engine,NIFTY BANK,options_atm,14,0.75,14,2.0,7,3.0,two_red,fast,30,25,245,34.3,1.23,13.59,0.85,6.09,1.31,12.53,71,38.0,1.06,1.06,0.16,6.23,,,,,
sterling_kite_engine,NIFTY BANK,delta1,14,0.75,14,2.0,7,3.0,two_red,fast,48,25,245,35.5,0.96,-4.53,-0.19,18.58,0.95,-4.36,71,39.4,1.0,-0.17,-0.01,12.37,,,,,
sterling_kite_engine,NIFTY BANK,options_atm,14,0.75,14,2.0,7,3.0,two_red,fast,48,25,245,34.3,1.22,13.19,0.84,6.11,1.3,12.13,71,38.0,1.06,1.06,0.16,6.23,,,,,
sterling_kite_engine,NIFTY BANK,delta1,14,0.75,14,2.0,7,3.0,two_red,mid,none,none,466,38.2,1.09,35.19,0.48,23.18,1.23,53.75,145,37.2,0.87,-18.56,-0.58,34.62,,,,,
sterling_kite_engine,NIFTY BANK,options_atm,14,0.75,14,2.0,7,3.0,two_red,mid,none,none,466,32.6,1.31,57.03,1.19,12.2,1.54,61.48,145,26.9,0.94,-4.45,-0.24,18.44,,,,,
sterling_kite_engine,NIFTY BANK,delta1,14,0.75,14,2.0,7,3.0,two_red,mid,18,none,549,41.7,0.98,-8.32,-0.12,35.11,1.11,28.36,167,36.5,0.77,-36.68,-1.3,44.19,,,,,
sterling_kite_engine,NIFTY BANK,options_atm,14,0.75,14,2.0,7,3.0,two_red,mid,18,none,549,37.9,1.13,26.43,0.68,14.39,1.33,38.98,167,31.7,0.84,-12.55,-0.82,19.71,,,,,
sterling_kite_engine,NIFTY BANK,delta1,14,0.75,14,2.0,7,3.0,two_red,mid,30,none,497,38.2,1.09,34.55,0.45,21.59,1.23,58.37,153,37.9,0.84,-23.82,-0.75,33.43,,,,,
sterling_kite_engine,NIFTY BANK,options_atm,14,0.75,14,2.0,7,3.0,two_red,mid,30,none,497,33.8,1.34,66.39,1.29,8.53,1.58,70.75,153,29.4,0.94,-4.36,-0.23,14.33,,,,,
sterling_kite_engine,NIFTY BANK,delta1,14,0.75,14,2.0,7,3.0,two_red,mid,48,none,473,38.3,1.08,32.03,0.44,22.49,1.25,58.87,148,37.2,0.81,-26.84,-0.89,35.01,,,,,
sterling_kite_engine,NIFTY BANK,options_atm,14,0.75,14,2.0,7,3.0,two_red,mid,48,none,473,33.0,1.3,55.84,1.17,10.99,1.57,65.33,148,27.7,0.87,-9.49,-0.54,16.95,,,,,
sterling_kite_engine,NIFTY BANK,delta1,14,0.75,14,2.0,7,3.0,two_red,mid,none,15,440,36.6,1.05,16.48,0.24,24.88,1.17,39.33,137,35.8,0.83,-22.85,-0.78,33.86,,,,,
sterling_kite_engine,NIFTY BANK,options_atm,14,0.75,14,2.0,7,3.0,two_red,mid,none,15,440,31.6,1.25,44.46,0.99,11.29,1.48,53.28,137,27.0,0.87,-8.82,-0.53,17.05,,,,,
sterling_kite_engine,NIFTY BANK,delta1,14,0.75,14,2.0,7,3.0,two_red,mid,18,15,513,40.2,0.94,-22.18,-0.35,37.97,1.05,12.38,157,35.0,0.77,-34.56,-1.25,42.26,,,,,
sterling_kite_engine,NIFTY BANK,options_atm,14,0.75,14,2.0,7,3.0,two_red,mid,18,15,513,36.5,1.09,17.63,0.48,14.19,1.25,28.73,157,31.2,0.85,-11.1,-0.73,18.06,,,,,
sterling_kite_engine,NIFTY BANK,delta1,14,0.75,14,2.0,7,3.0,two_red,mid,30,15,468,36.8,1.05,20.09,0.27,21.6,1.17,41.78,143,36.4,0.85,-21.69,-0.69,30.08,,,,,
sterling_kite_engine,NIFTY BANK,options_atm,14,0.75,14,2.0,7,3.0,two_red,mid,30,15,468,32.5,1.31,58.0,1.18,7.96,1.51,60.77,143,29.4,0.96,-2.78,-0.15,12.66,,,,,
sterling_kite_engine,NIFTY BANK,delta1,14,0.75,14,2.0,7,3.0,two_red,mid,48,15,447,36.7,1.05,17.31,0.25,24.21,1.19,43.78,140,35.7,0.81,-26.48,-0.9,34.23,,,,,
sterling_kite_engine,NIFTY BANK,options_atm,14,0.75,14,2.0,7,3.0,two_red,mid,48,15,447,32.0,1.26,46.87,1.03,10.69,1.51,56.59,140,27.9,0.86,-9.71,-0.57,15.54,,,,,
sterling_kite_engine,NIFTY BANK,delta1,14,0.75,14,2.0,7,3.0,two_red,mid,none,20,314,37.3,1.11,27.64,0.55,20.54,1.33,51.04,98,36.7,0.76,-23.4,-0.99,30.11,,,,,
sterling_kite_engine,NIFTY BANK,options_atm,14,0.75,14,2.0,7,3.0,two_red,mid,none,20,314,32.2,1.34,42.03,1.25,11.41,1.7,54.02,98,26.5,0.75,-11.99,-0.91,17.21,,,,,
sterling_kite_engine,NIFTY BANK,delta1,14,0.75,14,2.0,7,3.0,two_red,mid,18,20,363,39.7,0.98,-5.65,-0.12,29.08,1.15,25.17,112,33.9,0.72,-30.82,-1.39,35.87,,,,,
sterling_kite_engine,NIFTY BANK,options_atm,14,0.75,14,2.0,7,3.0,two_red,mid,18,20,363,35.5,1.16,21.43,0.77,13.52,1.41,34.06,112,29.5,0.76,-12.64,-1.08,17.85,,,,,
sterling_kite_engine,NIFTY BANK,delta1,14,0.75,14,2.0,7,3.0,two_red,mid,30,20,334,37.1,1.11,29.74,0.55,18.43,1.31,52.82,101,36.6,0.77,-23.08,-0.96,27.6,,,,,
sterling_kite_engine,NIFTY BANK,options_atm,14,0.75,14,2.0,7,3.0,two_red,mid,30,20,334,32.9,1.39,52.34,1.42,9.8,1.73,61.26,101,29.7,0.82,-8.92,-0.63,15.38,,,,,
sterling_kite_engine,NIFTY BANK,delta1,14,0.75,14,2.0,7,3.0,two_red,mid,48,20,320,36.9,1.09,23.33,0.46,19.48,1.28,45.99,100,37.0,0.77,-22.66,-0.94,27.84,,,,,
sterling_kite_engine,NIFTY BANK,options_atm,14,0.75,14,2.0,7,3.0,two_red,mid,48,20,320,32.2,1.34,44.09,1.27,10.84,1.68,54.19,100,28.0,0.79,-10.1,-0.73,16.31,,,,,
sterling_kite_engine,NIFTY BANK,delta1,14,0.75,14,2.0,7,3.0,two_red,mid,none,25,197,33.5,0.94,-10.15,-0.28,32.54,1.25,27.66,63,31.7,0.47,-37.81,-2.51,39.5,,,,,
sterling_kite_engine,NIFTY BANK,options_atm,14,0.75,14,2.0,7,3.0,two_red,mid,none,25,197,29.9,1.17,15.39,0.62,16.65,1.71,37.24,63,23.8,0.39,-21.85,-3.07,22.78,,,,,
sterling_kite_engine,NIFTY BANK,delta1,14,0.75,14,2.0,7,3.0,two_red,mid,18,25,218,35.8,0.88,-22.01,-0.69,31.99,1.1,11.59,65,32.3,0.51,-33.59,-2.17,35.58,,,,,
sterling_kite_engine,NIFTY BANK,options_atm,14,0.75,14,2.0,7,3.0,two_red,mid,18,25,218,31.2,1.1,8.57,0.42,14.15,1.45,24.77,65,26.2,0.52,-16.2,-2.04,17.6,,,,,
sterling_kite_engine,NIFTY BANK,delta1,14,0.75,14,2.0,7,3.0,two_red,mid,30,25,209,33.5,0.95,-8.84,-0.23,32.04,1.23,27.22,63,31.7,0.47,-36.07,-2.45,37.81,,,,,
sterling_kite_engine,NIFTY BANK,options_atm,14,0.75,14,2.0,7,3.0,two_red,mid,30,25,209,29.7,1.24,21.81,0.8,14.63,1.74,41.49,63,25.4,0.42,-19.68,-2.81,20.63,,,,,
sterling_kite_engine,NIFTY BANK,delta1,14,0.75,14,2.0,7,3.0,two_red,mid,48,25,199,33.2,0.95,-9.92,-0.27,33.03,1.23,26.01,63,31.7,0.49,-35.93,-2.35,37.68,,,,,
sterling_kite_engine,NIFTY BANK,options_atm,14,0.75,14,2.0,7,3.0,two_red,mid,48,25,199,30.2,1.2,18.27,0.72,15.45,1.71,38.26,63,25.4,0.43,-20.0,-2.75,20.95,,,,,
sterling_kite_engine,NIFTY BANK,delta1,14,0.75,14,2.0,7,3.0,three_red,fast,none,none,673,40.0,1.09,28.04,0.46,18.12,1.21,41.63,202,38.1,0.88,-13.59,-0.58,24.75,,,,,
sterling_kite_engine,NIFTY BANK,options_atm,14,0.75,14,2.0,7,3.0,three_red,fast,none,none,673,38.3,1.32,47.53,1.27,7.71,1.5,45.78,202,35.6,1.03,1.76,0.13,10.82,,,,,
sterling_kite_engine,NIFTY BANK,delta1,14,0.75,14,2.0,7,3.0,three_red,fast,18,none,673,40.0,1.05,14.92,0.26,23.05,1.18,35.69,202,38.1,0.82,-20.78,-1.0,30.36,,,,,
sterling_kite_engine,NIFTY BANK,options_atm,14,0.75,14,2.0,7,3.0,three_red,fast,18,none,673,38.3,1.25,36.42,1.11,8.58,1.44,40.63,202,35.6,0.92,-4.21,-0.38,11.82,,,,,
sterling_kite_engine,NIFTY BANK,delta1,14,0.75,14,2.0,7,3.0,three_red,fast,30,none,673,40.0,1.09,28.27,0.47,18.09,1.22,42.03,202,38.1,0.88,-13.76,-0.59,24.79,,,,,
sterling_kite_engine,NIFTY BANK,options_atm,14,0.75,14,2.0,7,3.0,three_red,fast,30,none,673,38.3,1.33,47.83,1.28,7.69,1.51,46.18,202,35.6,1.03,1.65,0.12,10.83,,,,,
sterling_kite_engine,NIFTY BANK,delta1,14,0.75,14,2.0,7,3.0,three_red,fast,48,none,673,40.0,1.09,28.04,0.46,18.12,1.21,41.63,202,38.1,0.88,-13.59,-0.58,24.75,,,,,
sterling_kite_engine,NIFTY BANK,options_atm,14,0.75,14,2.0,7,3.0,three_red,fast,48,none,673,38.3,1.32,47.53,1.27,7.71,1.5,45.78,202,35.6,1.03,1.76,0.13,10.82,,,,,
sterling_kite_engine,NIFTY BANK,delta1,14,0.75,14,2.0,7,3.0,three_red,fast,none,15,615,39.8,1.08,23.14,0.41,17.97,1.2,36.27,183,38.3,0.88,-13.13,-0.57,23.76,,,,,
sterling_kite_engine,NIFTY BANK,options_atm,14,0.75,14,2.0,7,3.0,three_red,fast,none,15,615,38.0,1.31,42.71,1.23,7.07,1.48,41.02,183,35.5,1.03,1.69,0.12,9.66,,,,,
sterling_kite_engine,NIFTY BANK,delta1,14,0.75,14,2.0,7,3.0,three_red,fast,18,15,615,39.8,1.03,9.98,0.19,23.6,1.17,30.3,183,38.3,0.81,-20.32,-1.01,29.95,,,,,
sterling_kite_engine,NIFTY BANK,options_atm,14,0.75,14,2.0,7,3.0,three_red,fast,18,15,615,38.0,1.23,31.55,1.04,8.61,1.42,35.84,183,35.5,0.92,-4.28,-0.4,11.48,,,,,
sterling_kite_engine,NIFTY BANK,delta1,14,0.75,14,2.0,7,3.0,three_red,fast,30,15,615,39.8,1.08,23.37,0.42,18.04,1.2,36.67,183,38.3,0.88,-13.3,-0.58,23.91,,,,,
sterling_kite_engine,NIFTY BANK,options_atm,14,0.75,14,2.0,7,3.0,three_red,fast,30,15,615,38.0,1.32,43.01,1.23,7.06,1.49,41.43,183,35.5,1.03,1.58,0.12,9.67,,,,,
sterling_kite_engine,NIFTY BANK,delta1,14,0.75,14,2.0,7,3.0,three_red,fast,48,15,615,39.8,1.08,23.14,0.41,17.97,1.2,36.27,183,38.3,0.88,-13.13,-0.57,23.76,,,,,
sterling_kite_engine,NIFTY BANK,options_atm,14,0.75,14,2.0,7,3.0,three_red,fast,48,15,615,38.0,1.31,42.71,1.23,7.07,1.48,41.02,183,35.5,1.03,1.69,0.12,9.66,,,,,
sterling_kite_engine,NIFTY BANK,delta1,14,0.75,14,2.0,7,3.0,three_red,fast,none,20,418,38.3,1.05,10.59,0.26,17.62,1.13,16.24,127,38.6,0.92,-5.66,-0.28,20.12,,,,,
sterling_kite_engine,NIFTY BANK,options_atm,14,0.75,14,2.0,7,3.0,three_red,fast,none,20,418,36.6,1.31,30.03,1.14,7.44,1.44,26.73,127,36.2,1.09,3.3,0.26,9.22,,,,,
sterling_kite_engine,NIFTY BANK,delta1,14,0.75,14,2.0,7,3.0,three_red,fast,18,20,418,38.3,1.0,-0.5,-0.01,20.75,1.09,11.83,127,38.6,0.83,-12.32,-0.71,22.98,,,,,
sterling_kite_engine,NIFTY BANK,options_atm,14,0.75,14,2.0,7,3.0,three_red,fast,18,20,418,36.6,1.21,20.21,0.91,8.35,1.37,22.53,127,36.2,0.93,-2.32,-0.25,10.11,,,,,
sterling_kite_engine,NIFTY BANK,delta1,14,0.75,14,2.0,7,3.0,three_red,fast,30,20,418,38.3,1.05,10.82,0.26,17.59,1.13,16.65,127,38.6,0.92,-5.83,-0.29,20.15,,,,,
sterling_kite_engine,NIFTY BANK,options_atm,14,0.75,14,2.0,7,3.0,three_red,fast,30,20,418,36.6,1.32,30.33,1.15,7.43,1.45,27.13,127,36.2,1.09,3.19,0.25,9.22,,,,,
sterling_kite_engine,NIFTY BANK,delta1,14,0.75,14,2.0,7,3.0,three_red,fast,48,20,418,38.3,1.05,10.59,0.26,17.62,1.13,16.24,127,38.6,0.92,-5.66,-0.28,20.12,,,,,
sterling_kite_engine,NIFTY BANK,options_atm,14,0.75,14,2.0,7,3.0,three_red,fast,48,20,418,36.6,1.31,30.03,1.14,7.44,1.44,26.73,127,36.2,1.09,3.3,0.26,9.22,,,,,
sterling_kite_engine,NIFTY BANK,delta1,14,0.75,14,2.0,7,3.0,three_red,fast,none,25,245,35.5,0.96,-4.53,-0.19,18.58,0.95,-4.36,71,39.4,1.0,-0.17,-0.01,12.37,,,,,
sterling_kite_engine,NIFTY BANK,options_atm,14,0.75,14,2.0,7,3.0,three_red,fast,none,25,245,34.3,1.22,13.19,0.84,6.11,1.3,12.13,71,38.0,1.06,1.06,0.16,6.23,,,,,
sterling_kite_engine,NIFTY BANK,delta1,14,0.75,14,2.0,7,3.0,three_red,fast,18,25,245,35.5,0.92,-9.85,-0.43,20.07,0.9,-8.9,71,39.4,0.97,-0.95,-0.07,13.04,,,,,
sterling_kite_engine,NIFTY BANK,options_atm,14,0.75,14,2.0,7,3.0,three_red,fast,18,25,245,34.3,1.14,8.47,0.59,6.34,1.19,7.84,71,38.0,1.03,0.62,0.09,6.23,,,,,
sterling_kite_engine,NIFTY BANK,delta1,14,0.75,14,2.0,7,3.0,three_red,fast,30,25,245,35.5,0.97,-4.12,-0.17,18.52,0.96,-3.95,71,39.4,1.0,-0.17,-0.01,12.37,,,,,
sterling_kite_engine,NIFTY BANK,options_atm,14,0.75,14,2.0,7,3.0,three_red,fast,30,25,245,34.3,1.23,13.59,0.85,6.09,1.31,12.53,71,38.0,1.06,1.06,0.16,6.23,,,,,
sterling_kite_engine,NIFTY BANK,delta1,14,0.75,14,2.0,7,3.0,three_red,fast,48,25,245,35.5,0.96,-4.53,-0.19,18.58,0.95,-4.36,71,39.4,1.0,-0.17,-0.01,12.37,,,,,
sterling_kite_engine,NIFTY BANK,options_atm,14,0.75,14,2.0,7,3.0,three_red,fast,48,25,245,34.3,1.22,13.19,0.84,6.11,1.3,12.13,71,38.0,1.06,1.06,0.16,6.23,,,,,
sterling_kite_engine,NIFTY BANK,delta1,14,0.75,14,2.0,7,3.0,three_red,mid,none,none,466,38.2,1.09,35.19,0.48,23.18,1.23,53.75,145,37.2,0.87,-18.56,-0.58,34.62,,,,,
sterling_kite_engine,NIFTY BANK,options_atm,14,0.75,14,2.0,7,3.0,three_red,mid,none,none,466,32.6,1.31,57.03,1.19,12.2,1.54,61.48,145,26.9,0.94,-4.45,-0.24,18.44,,,,,
sterling_kite_engine,NIFTY BANK,delta1,14,0.75,14,2.0,7,3.0,three_red,mid,18,none,549,41.7,0.98,-8.32,-0.12,35.11,1.11,28.36,167,36.5,0.77,-36.68,-1.3,44.19,,,,,
sterling_kite_engine,NIFTY BANK,options_atm,14,0.75,14,2.0,7,3.0,three_red,mid,18,none,549,37.9,1.13,26.43,0.68,14.39,1.33,38.98,167,31.7,0.84,-12.55,-0.82,19.71,,,,,
sterling_kite_engine,NIFTY BANK,delta1,14,0.75,14,2.0,7,3.0,three_red,mid,30,none,497,38.2,1.09,34.55,0.45,21.59,1.23,58.37,153,37.9,0.84,-23.82,-0.75,33.43,,,,,
sterling_kite_engine,NIFTY BANK,options_atm,14,0.75,14,2.0,7,3.0,three_red,mid,30,none,497,33.8,1.34,66.39,1.29,8.53,1.58,70.75,153,29.4,0.94,-4.36,-0.23,14.33,,,,,
sterling_kite_engine,NIFTY BANK,delta1,14,0.75,14,2.0,7,3.0,three_red,mid,48,none,473,38.3,1.08,32.03,0.44,22.49,1.25,58.87,148,37.2,0.81,-26.84,-0.89,35.01,,,,,
sterling_kite_engine,NIFTY BANK,options_atm,14,0.75,14,2.0,7,3.0,three_red,mid,48,none,473,33.0,1.3,55.84,1.17,10.99,1.57,65.33,148,27.7,0.87,-9.49,-0.54,16.95,,,,,
sterling_kite_engine,NIFTY BANK,delta1,14,0.75,14,2.0,7,3.0,three_red,mid,none,15,440,36.6,1.05,16.48,0.24,24.88,1.17,39.33,137,35.8,0.83,-22.85,-0.78,33.86,,,,,
sterling_kite_engine,NIFTY BANK,options_atm,14,0.75,14,2.0,7,3.0,three_red,mid,none,15,440,31.6,1.25,44.46,0.99,11.29,1.48,53.28,137,27.0,0.87,-8.82,-0.53,17.05,,,,,
sterling_kite_engine,NIFTY BANK,delta1,14,0.75,14,2.0,7,3.0,three_red,mid,18,15,513,40.2,0.94,-22.18,-0.35,37.97,1.05,12.38,157,35.0,0.77,-34.56,-1.25,42.26,,,,,
sterling_kite_engine,NIFTY BANK,options_atm,14,0.75,14,2.0,7,3.0,three_red,mid,18,15,513,36.5,1.09,17.63,0.48,14.19,1.25,28.73,157,31.2,0.85,-11.1,-0.73,18.06,,,,,
sterling_kite_engine,NIFTY BANK,delta1,14,0.75,14,2.0,7,3.0,three_red,mid,30,15,468,36.8,1.05,20.09,0.27,21.6,1.17,41.78,143,36.4,0.85,-21.69,-0.69,30.08,,,,,
sterling_kite_engine,NIFTY BANK,options_atm,14,0.75,14,2.0,7,3.0,three_red,mid,30,15,468,32.5,1.31,58.0,1.18,7.96,1.51,60.77,143,29.4,0.96,-2.78,-0.15,12.66,,,,,
sterling_kite_engine,NIFTY BANK,delta1,14,0.75,14,2.0,7,3.0,three_red,mid,48,15,447,36.7,1.05,17.31,0.25,24.21,1.19,43.78,140,35.7,0.81,-26.48,-0.9,34.23,,,,,
sterling_kite_engine,NIFTY BANK,options_atm,14,0.75,14,2.0,7,3.0,three_red,mid,48,15,447,32.0,1.26,46.87,1.03,10.69,1.51,56.59,140,27.9,0.86,-9.71,-0.57,15.54,,,,,
sterling_kite_engine,NIFTY BANK,delta1,14,0.75,14,2.0,7,3.0,three_red,mid,none,20,314,37.3,1.11,27.64,0.55,20.54,1.33,51.04,98,36.7,0.76,-23.4,-0.99,30.11,,,,,
sterling_kite_engine,NIFTY BANK,options_atm,14,0.75,14,2.0,7,3.0,three_red,mid,none,20,314,32.2,1.34,42.03,1.25,11.41,1.7,54.02,98,26.5,0.75,-11.99,-0.91,17.21,,,,,
sterling_kite_engine,NIFTY BANK,delta1,14,0.75,14,2.0,7,3.0,three_red,mid,18,20,363,39.7,0.98,-5.65,-0.12,29.08,1.15,25.17,112,33.9,0.72,-30.82,-1.39,35.87,,,,,
sterling_kite_engine,NIFTY BANK,options_atm,14,0.75,14,2.0,7,3.0,three_red,mid,18,20,363,35.5,1.16,21.43,0.77,13.52,1.41,34.06,112,29.5,0.76,-12.64,-1.08,17.85,,,,,
sterling_kite_engine,NIFTY BANK,delta1,14,0.75,14,2.0,7,3.0,three_red,mid,30,20,334,37.1,1.11,29.74,0.55,18.43,1.31,52.82,101,36.6,0.77,-23.08,-0.96,27.6,,,,,
sterling_kite_engine,NIFTY BANK,options_atm,14,0.75,14,2.0,7,3.0,three_red,mid,30,20,334,32.9,1.39,52.34,1.42,9.8,1.73,61.26,101,29.7,0.82,-8.92,-0.63,15.38,,,,,
sterling_kite_engine,NIFTY BANK,delta1,14,0.75,14,2.0,7,3.0,three_red,mid,48,20,320,36.9,1.09,23.33,0.46,19.48,1.28,45.99,100,37.0,0.77,-22.66,-0.94,27.84,,,,,
sterling_kite_engine,NIFTY BANK,options_atm,14,0.75,14,2.0,7,3.0,three_red,mid,48,20,320,32.2,1.34,44.09,1.27,10.84,1.68,54.19,100,28.0,0.79,-10.1,-0.73,16.31,,,,,
sterling_kite_engine,NIFTY BANK,delta1,14,0.75,14,2.0,7,3.0,three_red,mid,none,25,197,33.5,0.94,-10.15,-0.28,32.54,1.25,27.66,63,31.7,0.47,-37.81,-2.51,39.5,,,,,
sterling_kite_engine,NIFTY BANK,options_atm,14,0.75,14,2.0,7,3.0,three_red,mid,none,25,197,29.9,1.17,15.39,0.62,16.65,1.71,37.24,63,23.8,0.39,-21.85,-3.07,22.78,,,,,
sterling_kite_engine,NIFTY BANK,delta1,14,0.75,14,2.0,7,3.0,three_red,mid,18,25,218,35.8,0.88,-22.01,-0.69,31.99,1.1,11.59,65,32.3,0.51,-33.59,-2.17,35.58,,,,,
sterling_kite_engine,NIFTY BANK,options_atm,14,0.75,14,2.0,7,3.0,three_red,mid,18,25,218,31.2,1.1,8.57,0.42,14.15,1.45,24.77,65,26.2,0.52,-16.2,-2.04,17.6,,,,,
sterling_kite_engine,NIFTY BANK,delta1,14,0.75,14,2.0,7,3.0,three_red,mid,30,25,209,33.5,0.95,-8.84,-0.23,32.04,1.23,27.22,63,31.7,0.47,-36.07,-2.45,37.81,,,,,
sterling_kite_engine,NIFTY BANK,options_atm,14,0.75,14,2.0,7,3.0,three_red,mid,30,25,209,29.7,1.24,21.81,0.8,14.63,1.74,41.49,63,25.4,0.42,-19.68,-2.81,20.63,,,,,
sterling_kite_engine,NIFTY BANK,delta1,14,0.75,14,2.0,7,3.0,three_red,mid,48,25,199,33.2,0.95,-9.92,-0.27,33.03,1.23,26.01,63,31.7,0.49,-35.93,-2.35,37.68,,,,,
sterling_kite_engine,NIFTY BANK,options_atm,14,0.75,14,2.0,7,3.0,three_red,mid,48,25,199,30.2,1.2,18.27,0.72,15.45,1.71,38.26,63,25.4,0.43,-20.0,-2.75,20.95,,,,,
sterling_kite_engine,NIFTY BANK,delta1,14,0.75,14,2.0,7,3.0,three_red_signal,fast,none,none,673,40.0,1.09,28.04,0.46,18.12,1.21,41.63,202,38.1,0.88,-13.59,-0.58,24.75,,,,,
sterling_kite_engine,NIFTY BANK,options_atm,14,0.75,14,2.0,7,3.0,three_red_signal,fast,none,none,673,38.3,1.32,47.53,1.27,7.71,1.5,45.78,202,35.6,1.03,1.76,0.13,10.82,,,,,
sterling_kite_engine,NIFTY BANK,delta1,14,0.75,14,2.0,7,3.0,three_red_signal,fast,18,none,673,40.0,1.05,14.92,0.26,23.05,1.18,35.69,202,38.1,0.82,-20.78,-1.0,30.36,,,,,
sterling_kite_engine,NIFTY BANK,options_atm,14,0.75,14,2.0,7,3.0,three_red_signal,fast,18,none,673,38.3,1.25,36.42,1.11,8.58,1.44,40.63,202,35.6,0.92,-4.21,-0.38,11.82,,,,,
sterling_kite_engine,NIFTY BANK,delta1,14,0.75,14,2.0,7,3.0,three_red_signal,fast,30,none,673,40.0,1.09,28.27,0.47,18.09,1.22,42.03,202,38.1,0.88,-13.76,-0.59,24.79,,,,,
sterling_kite_engine,NIFTY BANK,options_atm,14,0.75,14,2.0,7,3.0,three_red_signal,fast,30,none,673,38.3,1.33,47.83,1.28,7.69,1.51,46.18,202,35.6,1.03,1.65,0.12,10.83,,,,,
sterling_kite_engine,NIFTY BANK,delta1,14,0.75,14,2.0,7,3.0,three_red_signal,fast,48,none,673,40.0,1.09,28.04,0.46,18.12,1.21,41.63,202,38.1,0.88,-13.59,-0.58,24.75,,,,,
sterling_kite_engine,NIFTY BANK,options_atm,14,0.75,14,2.0,7,3.0,three_red_signal,fast,48,none,673,38.3,1.32,47.53,1.27,7.71,1.5,45.78,202,35.6,1.03,1.76,0.13,10.82,,,,,
sterling_kite_engine,NIFTY BANK,delta1,14,0.75,14,2.0,7,3.0,three_red_signal,fast,none,15,615,39.8,1.08,23.14,0.41,17.97,1.2,36.27,183,38.3,0.88,-13.13,-0.57,23.76,,,,,
sterling_kite_engine,NIFTY BANK,options_atm,14,0.75,14,2.0,7,3.0,three_red_signal,fast,none,15,615,38.0,1.31,42.71,1.23,7.07,1.48,41.02,183,35.5,1.03,1.69,0.12,9.66,,,,,
sterling_kite_engine,NIFTY BANK,delta1,14,0.75,14,2.0,7,3.0,three_red_signal,fast,18,15,615,39.8,1.03,9.98,0.19,23.6,1.17,30.3,183,38.3,0.81,-20.32,-1.01,29.95,,,,,
sterling_kite_engine,NIFTY BANK,options_atm,14,0.75,14,2.0,7,3.0,three_red_signal,fast,18,15,615,38.0,1.23,31.55,1.04,8.61,1.42,35.84,183,35.5,0.92,-4.28,-0.4,11.48,,,,,
sterling_kite_engine,NIFTY BANK,delta1,14,0.75,14,2.0,7,3.0,three_red_signal,fast,30,15,615,39.8,1.08,23.37,0.42,18.04,1.2,36.67,183,38.3,0.88,-13.3,-0.58,23.91,,,,,
sterling_kite_engine,NIFTY BANK,options_atm,14,0.75,14,2.0,7,3.0,three_red_signal,fast,30,15,615,38.0,1.32,43.01,1.23,7.06,1.49,41.43,183,35.5,1.03,1.58,0.12,9.67,,,,,
sterling_kite_engine,NIFTY BANK,delta1,14,0.75,14,2.0,7,3.0,three_red_signal,fast,48,15,615,39.8,1.08,23.14,0.41,17.97,1.2,36.27,183,38.3,0.88,-13.13,-0.57,23.76,,,,,
sterling_kite_engine,NIFTY BANK,options_atm,14,0.75,14,2.0,7,3.0,three_red_signal,fast,48,15,615,38.0,1.31,42.71,1.23,7.07,1.48,41.02,183,35.5,1.03,1.69,0.12,9.66,,,,,
sterling_kite_engine,NIFTY BANK,delta1,14,0.75,14,2.0,7,3.0,three_red_signal,fast,none,20,418,38.3,1.05,10.59,0.26,17.62,1.13,16.24,127,38.6,0.92,-5.66,-0.28,20.12,,,,,
sterling_kite_engine,NIFTY BANK,options_atm,14,0.75,14,2.0,7,3.0,three_red_signal,fast,none,20,418,36.6,1.31,30.03,1.14,7.44,1.44,26.73,127,36.2,1.09,3.3,0.26,9.22,,,,,
sterling_kite_engine,NIFTY BANK,delta1,14,0.75,14,2.0,7,3.0,three_red_signal,fast,18,20,418,38.3,1.0,-0.5,-0.01,20.75,1.09,11.83,127,38.6,0.83,-12.32,-0.71,22.98,,,,,
sterling_kite_engine,NIFTY BANK,options_atm,14,0.75,14,2.0,7,3.0,three_red_signal,fast,18,20,418,36.6,1.21,20.21,0.91,8.35,1.37,22.53,127,36.2,0.93,-2.32,-0.25,10.11,,,,,
sterling_kite_engine,NIFTY BANK,delta1,14,0.75,14,2.0,7,3.0,three_red_signal,fast,30,20,418,38.3,1.05,10.82,0.26,17.59,1.13,16.65,127,38.6,0.92,-5.83,-0.29,20.15,,,,,
sterling_kite_engine,NIFTY BANK,options_atm,14,0.75,14,2.0,7,3.0,three_red_signal,fast,30,20,418,36.6,1.32,30.33,1.15,7.43,1.45,27.13,127,36.2,1.09,3.19,0.25,9.22,,,,,
sterling_kite_engine,NIFTY BANK,delta1,14,0.75,14,2.0,7,3.0,three_red_signal,fast,48,20,418,38.3,1.05,10.59,0.26,17.62,1.13,16.24,127,38.6,0.92,-5.66,-0.28,20.12,,,,,
sterling_kite_engine,NIFTY BANK,options_atm,14,0.75,14,2.0,7,3.0,three_red_signal,fast,48,20,418,36.6,1.31,30.03,1.14,7.44,1.44,26.73,127,36.2,1.09,3.3,0.26,9.22,,,,,
sterling_kite_engine,NIFTY BANK,delta1,14,0.75,14,2.0,7,3.0,three_red_signal,fast,none,25,245,35.5,0.96,-4.53,-0.19,18.58,0.95,-4.36,71,39.4,1.0,-0.17,-0.01,12.37,,,,,
sterling_kite_engine,NIFTY BANK,options_atm,14,0.75,14,2.0,7,3.0,three_red_signal,fast,none,25,245,34.3,1.22,13.19,0.84,6.11,1.3,12.13,71,38.0,1.06,1.06,0.16,6.23,,,,,
sterling_kite_engine,NIFTY BANK,delta1,14,0.75,14,2.0,7,3.0,three_red_signal,fast,18,25,245,35.5,0.92,-9.85,-0.43,20.07,0.9,-8.9,71,39.4,0.97,-0.95,-0.07,13.04,,,,,
sterling_kite_engine,NIFTY BANK,options_atm,14,0.75,14,2.0,7,3.0,three_red_signal,fast,18,25,245,34.3,1.14,8.47,0.59,6.34,1.19,7.84,71,38.0,1.03,0.62,0.09,6.23,,,,,
sterling_kite_engine,NIFTY BANK,delta1,14,0.75,14,2.0,7,3.0,three_red_signal,fast,30,25,245,35.5,0.97,-4.12,-0.17,18.52,0.96,-3.95,71,39.4,1.0,-0.17,-0.01,12.37,,,,,
sterling_kite_engine,NIFTY BANK,options_atm,14,0.75,14,2.0,7,3.0,three_red_signal,fast,30,25,245,34.3,1.23,13.59,0.85,6.09,1.31,12.53,71,38.0,1.06,1.06,0.16,6.23,,,,,
sterling_kite_engine,NIFTY BANK,delta1,14,0.75,14,2.0,7,3.0,three_red_signal,fast,48,25,245,35.5,0.96,-4.53,-0.19,18.58,0.95,-4.36,71,39.4,1.0,-0.17,-0.01,12.37,,,,,
sterling_kite_engine,NIFTY BANK,options_atm,14,0.75,14,2.0,7,3.0,three_red_signal,fast,48,25,245,34.3,1.22,13.19,0.84,6.11,1.3,12.13,71,38.0,1.06,1.06,0.16,6.23,,,,,
sterling_kite_engine,NIFTY BANK,delta1,14,0.75,14,2.0,7,3.0,three_red_signal,mid,none,none,466,38.2,1.09,35.19,0.48,23.18,1.23,53.75,145,37.2,0.87,-18.56,-0.58,34.62,,,,,
sterling_kite_engine,NIFTY BANK,options_atm,14,0.75,14,2.0,7,3.0,three_red_signal,mid,none,none,466,32.6,1.31,57.03,1.19,12.2,1.54,61.48,145,26.9,0.94,-4.45,-0.24,18.44,,,,,
sterling_kite_engine,NIFTY BANK,delta1,14,0.75,14,2.0,7,3.0,three_red_signal,mid,18,none,549,41.7,0.98,-8.32,-0.12,35.11,1.11,28.36,167,36.5,0.77,-36.68,-1.3,44.19,,,,,
sterling_kite_engine,NIFTY BANK,options_atm,14,0.75,14,2.0,7,3.0,three_red_signal,mid,18,none,549,37.9,1.13,26.43,0.68,14.39,1.33,38.98,167,31.7,0.84,-12.55,-0.82,19.71,,,,,
sterling_kite_engine,NIFTY BANK,delta1,14,0.75,14,2.0,7,3.0,three_red_signal,mid,30,none,497,38.2,1.09,34.55,0.45,21.59,1.23,58.37,153,37.9,0.84,-23.82,-0.75,33.43,,,,,
sterling_kite_engine,NIFTY BANK,options_atm,14,0.75,14,2.0,7,3.0,three_red_signal,mid,30,none,497,33.8,1.34,66.39,1.29,8.53,1.58,70.75,153,29.4,0.94,-4.36,-0.23,14.33,,,,,
sterling_kite_engine,NIFTY BANK,delta1,14,0.75,14,2.0,7,3.0,three_red_signal,mid,48,none,473,38.3,1.08,32.03,0.44,22.49,1.25,58.87,148,37.2,0.81,-26.84,-0.89,35.01,,,,,
sterling_kite_engine,NIFTY BANK,options_atm,14,0.75,14,2.0,7,3.0,three_red_signal,mid,48,none,473,33.0,1.3,55.84,1.17,10.99,1.57,65.33,148,27.7,0.87,-9.49,-0.54,16.95,,,,,
sterling_kite_engine,NIFTY BANK,delta1,14,0.75,14,2.0,7,3.0,three_red_signal,mid,none,15,440,36.6,1.05,16.48,0.24,24.88,1.17,39.33,137,35.8,0.83,-22.85,-0.78,33.86,,,,,
sterling_kite_engine,NIFTY BANK,options_atm,14,0.75,14,2.0,7,3.0,three_red_signal,mid,none,15,440,31.6,1.25,44.46,0.99,11.29,1.48,53.28,137,27.0,0.87,-8.82,-0.53,17.05,,,,,
sterling_kite_engine,NIFTY BANK,delta1,14,0.75,14,2.0,7,3.0,three_red_signal,mid,18,15,513,40.2,0.94,-22.18,-0.35,37.97,1.05,12.38,157,35.0,0.77,-34.56,-1.25,42.26,,,,,
sterling_kite_engine,NIFTY BANK,options_atm,14,0.75,14,2.0,7,3.0,three_red_signal,mid,18,15,513,36.5,1.09,17.63,0.48,14.19,1.25,28.73,157,31.2,0.85,-11.1,-0.73,18.06,,,,,
sterling_kite_engine,NIFTY BANK,delta1,14,0.75,14,2.0,7,3.0,three_red_signal,mid,30,15,468,36.8,1.05,20.09,0.27,21.6,1.17,41.78,143,36.4,0.85,-21.69,-0.69,30.08,,,,,
sterling_kite_engine,NIFTY BANK,options_atm,14,0.75,14,2.0,7,3.0,three_red_signal,mid,30,15,468,32.5,1.31,58.0,1.18,7.96,1.51,60.77,143,29.4,0.96,-2.78,-0.15,12.66,,,,,
sterling_kite_engine,NIFTY BANK,delta1,14,0.75,14,2.0,7,3.0,three_red_signal,mid,48,15,447,36.7,1.05,17.31,0.25,24.21,1.19,43.78,140,35.7,0.81,-26.48,-0.9,34.23,,,,,
sterling_kite_engine,NIFTY BANK,options_atm,14,0.75,14,2.0,7,3.0,three_red_signal,mid,48,15,447,32.0,1.26,46.87,1.03,10.69,1.51,56.59,140,27.9,0.86,-9.71,-0.57,15.54,,,,,
sterling_kite_engine,NIFTY BANK,delta1,14,0.75,14,2.0,7,3.0,three_red_signal,mid,none,20,314,37.3,1.11,27.64,0.55,20.54,1.33,51.04,98,36.7,0.76,-23.4,-0.99,30.11,,,,,
sterling_kite_engine,NIFTY BANK,options_atm,14,0.75,14,2.0,7,3.0,three_red_signal,mid,none,20,314,32.2,1.34,42.03,1.25,11.41,1.7,54.02,98,26.5,0.75,-11.99,-0.91,17.21,,,,,
sterling_kite_engine,NIFTY BANK,delta1,14,0.75,14,2.0,7,3.0,three_red_signal,mid,18,20,363,39.7,0.98,-5.65,-0.12,29.08,1.15,25.17,112,33.9,0.72,-30.82,-1.39,35.87,,,,,
sterling_kite_engine,NIFTY BANK,options_atm,14,0.75,14,2.0,7,3.0,three_red_signal,mid,18,20,363,35.5,1.16,21.43,0.77,13.52,1.41,34.06,112,29.5,0.76,-12.64,-1.08,17.85,,,,,
sterling_kite_engine,NIFTY BANK,delta1,14,0.75,14,2.0,7,3.0,three_red_signal,mid,30,20,334,37.1,1.11,29.74,0.55,18.43,1.31,52.82,101,36.6,0.77,-23.08,-0.96,27.6,,,,,
sterling_kite_engine,NIFTY BANK,options_atm,14,0.75,14,2.0,7,3.0,three_red_signal,mid,30,20,334,32.9,1.39,52.34,1.42,9.8,1.73,61.26,101,29.7,0.82,-8.92,-0.63,15.38,,,,,
sterling_kite_engine,NIFTY BANK,delta1,14,0.75,14,2.0,7,3.0,three_red_signal,mid,48,20,320,36.9,1.09,23.33,0.46,19.48,1.28,45.99,100,37.0,0.77,-22.66,-0.94,27.84,,,,,
sterling_kite_engine,NIFTY BANK,options_atm,14,0.75,14,2.0,7,3.0,three_red_signal,mid,48,20,320,32.2,1.34,44.09,1.27,10.84,1.68,54.19,100,28.0,0.79,-10.1,-0.73,16.31,,,,,
sterling_kite_engine,NIFTY BANK,delta1,14,0.75,14,2.0,7,3.0,three_red_signal,mid,none,25,197,33.5,0.94,-10.15,-0.28,32.54,1.25,27.66,63,31.7,0.47,-37.81,-2.51,39.5,,,,,
sterling_kite_engine,NIFTY BANK,options_atm,14,0.75,14,2.0,7,3.0,three_red_signal,mid,none,25,197,29.9,1.17,15.39,0.62,16.65,1.71,37.24,63,23.8,0.39,-21.85,-3.07,22.78,,,,,
sterling_kite_engine,NIFTY BANK,delta1,14,0.75,14,2.0,7,3.0,three_red_signal,mid,18,25,218,35.8,0.88,-22.01,-0.69,31.99,1.1,11.59,65,32.3,0.51,-33.59,-2.17,35.58,,,,,
sterling_kite_engine,NIFTY BANK,options_atm,14,0.75,14,2.0,7,3.0,three_red_signal,mid,18,25,218,31.2,1.1,8.57,0.42,14.15,1.45,24.77,65,26.2,0.52,-16.2,-2.04,17.6,,,,,
sterling_kite_engine,NIFTY BANK,delta1,14,0.75,14,2.0,7,3.0,three_red_signal,mid,30,25,209,33.5,0.95,-8.84,-0.23,32.04,1.23,27.22,63,31.7,0.47,-36.07,-2.45,37.81,,,,,
sterling_kite_engine,NIFTY BANK,options_atm,14,0.75,14,2.0,7,3.0,three_red_signal,mid,30,25,209,29.7,1.24,21.81,0.8,14.63,1.74,41.49,63,25.4,0.42,-19.68,-2.81,20.63,,,,,
sterling_kite_engine,NIFTY BANK,delta1,14,0.75,14,2.0,7,3.0,three_red_signal,mid,48,25,199,33.2,0.95,-9.92,-0.27,33.03,1.23,26.01,63,31.7,0.49,-35.93,-2.35,37.68,,,,,
sterling_kite_engine,NIFTY BANK,options_atm,14,0.75,14,2.0,7,3.0,three_red_signal,mid,48,25,199,30.2,1.2,18.27,0.72,15.45,1.71,38.26,63,25.4,0.43,-20.0,-2.75,20.95,,,,,
sterling_kite_engine,NIFTY BANK,delta1,14,1.0,14,2.0,7,3.0,one_red,fast,none,none,552,41.1,1.16,48.51,0.83,14.53,1.23,43.78,165,41.2,1.04,4.72,0.18,20.14,,,,,
sterling_kite_engine,NIFTY BANK,options_atm,14,1.0,14,2.0,7,3.0,one_red,fast,none,none,552,39.1,1.37,53.52,1.54,6.76,1.47,41.93,165,38.2,1.22,11.59,0.72,9.39,,,,,
sterling_kite_engine,NIFTY BANK,delta1,14,1.0,14,2.0,7,3.0,one_red,fast,18,none,552,41.3,1.12,35.22,0.64,15.57,1.17,32.31,165,41.2,1.03,2.91,0.12,19.94,,,,,
sterling_kite_engine,NIFTY BANK,options_atm,14,1.0,14,2.0,7,3.0,one_red,fast,18,none,552,38.9,1.31,43.67,1.38,6.28,1.38,34.21,165,37.6,1.18,9.46,0.68,8.26,,,,,
sterling_kite_engine,NIFTY BANK,delta1,14,1.0,14,2.0,7,3.0,one_red,fast,30,none,552,41.1,1.15,46.36,0.8,14.69,1.22,42.07,165,41.2,1.04,4.29,0.16,20.14,,,,,
sterling_kite_engine,NIFTY BANK,options_atm,14,1.0,14,2.0,7,3.0,one_red,fast,30,none,552,39.1,1.36,52.04,1.51,6.81,1.45,40.62,165,38.2,1.21,11.42,0.72,9.39,,,,,
sterling_kite_engine,NIFTY BANK,delta1,14,1.0,14,2.0,7,3.0,one_red,fast,48,none,552,41.1,1.16,48.51,0.83,14.53,1.23,43.78,165,41.2,1.04,4.72,0.18,20.14,,,,,
sterling_kite_engine,NIFTY BANK,options_atm,14,1.0,14,2.0,7,3.0,one_red,fast,48,none,552,39.1,1.37,53.52,1.54,6.76,1.47,41.93,165,38.2,1.22,11.59,0.72,9.39,,,,,
sterling_kite_engine,NIFTY BANK,delta1,14,1.0,14,2.0,7,3.0,one_red,fast,none,15,510,39.8,1.1,29.77,0.55,17.58,1.16,28.79,152,39.5,1.01,0.99,0.04,21.75,,,,,
sterling_kite_engine,NIFTY BANK,options_atm,14,1.0,14,2.0,7,3.0,one_red,fast,none,15,510,38.2,1.31,42.12,1.3,7.64,1.38,32.19,152,37.5,1.19,9.93,0.62,9.95,,,,,
sterling_kite_engine,NIFTY BANK,delta1,14,1.0,14,2.0,7,3.0,one_red,fast,18,15,510,40.0,1.06,17.57,0.34,19.15,1.11,19.27,152,39.5,0.98,-1.7,-0.07,22.4,,,,,
sterling_kite_engine,NIFTY BANK,options_atm,14,1.0,14,2.0,7,3.0,one_red,fast,18,15,510,38.0,1.24,33.31,1.13,7.73,1.31,26.03,152,36.8,1.14,7.28,0.53,9.42,,,,,
sterling_kite_engine,NIFTY BANK,delta1,14,1.0,14,2.0,7,3.0,one_red,fast,30,15,510,39.8,1.1,27.63,0.51,17.88,1.15,27.07,152,39.5,1.01,0.55,0.02,21.75,,,,,
sterling_kite_engine,NIFTY BANK,options_atm,14,1.0,14,2.0,7,3.0,one_red,fast,30,15,510,38.2,1.3,40.65,1.27,7.71,1.36,30.88,152,37.5,1.19,9.77,0.62,9.95,,,,,
sterling_kite_engine,NIFTY BANK,delta1,14,1.0,14,2.0,7,3.0,one_red,fast,48,15,510,39.8,1.1,29.77,0.55,17.58,1.16,28.79,152,39.5,1.01,0.99,0.04,21.75,,,,,
sterling_kite_engine,NIFTY BANK,options_atm,14,1.0,14,2.0,7,3.0,one_red,fast,48,15,510,38.2,1.31,42.12,1.3,7.64,1.38,32.19,152,37.5,1.19,9.93,0.62,9.95,,,,,
sterling_kite_engine,NIFTY BANK,delta1,14,1.0,14,2.0,7,3.0,one_red,fast,none,20,337,38.3,1.1,19.18,0.53,19.09,1.23,26.56,102,37.3,0.9,-7.38,-0.35,23.41,,,,,
sterling_kite_engine,NIFTY BANK,options_atm,14,1.0,14,2.0,7,3.0,one_red,fast,none,20,337,37.4,1.31,28.16,1.27,9.48,1.48,26.82,102,36.3,1.04,1.34,0.11,11.73,,,,,
sterling_kite_engine,NIFTY BANK,delta1,14,1.0,14,2.0,7,3.0,one_red,fast,18,20,337,38.6,1.09,17.1,0.49,17.78,1.2,23.18,102,37.3,0.92,-6.08,-0.31,21.34,,,,,
sterling_kite_engine,NIFTY BANK,options_atm,14,1.0,14,2.0,7,3.0,one_red,fast,18,20,337,37.1,1.28,25.85,1.28,8.29,1.44,24.49,102,35.3,1.04,1.36,0.13,10.11,,,,,
sterling_kite_engine,NIFTY BANK,delta1,14,1.0,14,2.0,7,3.0,one_red,fast,30,20,337,38.3,1.1,19.52,0.54,19.04,1.23,27.07,102,37.3,0.9,-7.55,-0.36,23.45,,,,,
sterling_kite_engine,NIFTY BANK,options_atm,14,1.0,14,2.0,7,3.0,one_red,fast,30,20,337,37.4,1.31,28.43,1.28,9.46,1.49,27.2,102,36.3,1.03,1.23,0.1,11.74,,,,,
sterling_kite_engine,NIFTY BANK,delta1,14,1.0,14,2.0,7,3.0,one_red,fast,48,20,337,38.3,1.1,19.18,0.53,19.09,1.23,26.56,102,37.3,0.9,-7.38,-0.35,23.41,,,,,
sterling_kite_engine,NIFTY BANK,options_atm,14,1.0,14,2.0,7,3.0,one_red,fast,48,20,337,37.4,1.31,28.16,1.27,9.48,1.48,26.82,102,36.3,1.04,1.34,0.11,11.73,,,,,
sterling_kite_engine,NIFTY BANK,delta1,14,1.0,14,2.0,7,3.0,one_red,fast,none,25,182,36.8,1.01,1.53,0.07,12.24,1.08,6.06,53,39.6,0.88,-4.54,-0.36,12.93,,,,,
sterling_kite_engine,NIFTY BANK,options_atm,14,1.0,14,2.0,7,3.0,one_red,fast,none,25,182,35.7,1.19,9.89,0.75,5.74,1.34,11.96,53,37.7,0.89,-2.07,-0.33,6.41,,,,,
sterling_kite_engine,NIFTY BANK,delta1,14,1.0,14,2.0,7,3.0,one_red,fast,18,25,182,37.4,1.06,6.66,0.28,12.14,1.08,6.1,53,39.6,1.02,0.57,0.04,10.6,,,,,
sterling_kite_engine,NIFTY BANK,options_atm,14,1.0,14,2.0,7,3.0,one_red,fast,18,25,182,35.2,1.27,14.14,1.01,4.9,1.36,12.39,53,35.8,1.1,1.75,0.23,5.32,,,,,
sterling_kite_engine,NIFTY BANK,delta1,14,1.0,14,2.0,7,3.0,one_red,fast,30,25,182,36.8,1.02,2.18,0.1,12.16,1.09,6.72,53,39.6,0.88,-4.54,-0.36,12.93,,,,,
sterling_kite_engine,NIFTY BANK,options_atm,14,1.0,14,2.0,7,3.0,one_red,fast,30,25,182,35.7,1.2,10.46,0.78,5.71,1.36,12.52,53,37.7,0.89,-2.07,-0.33,6.41,,,,,
sterling_kite_engine,NIFTY BANK,delta1,14,1.0,14,2.0,7,3.0,one_red,fast,48,25,182,36.8,1.01,1.53,0.07,12.24,1.08,6.06,53,39.6,0.88,-4.54,-0.36,12.93,,,,,
sterling_kite_engine,NIFTY BANK,options_atm,14,1.0,14,2.0,7,3.0,one_red,fast,48,25,182,35.7,1.19,9.89,0.75,5.74,1.34,11.96,53,37.7,0.89,-2.07,-0.33,6.41,,,,,
sterling_kite_engine,NIFTY BANK,delta1,14,1.0,14,2.0,7,3.0,one_red,mid,none,none,548,40.5,1.17,61.46,0.82,13.7,1.28,64.91,164,40.2,0.97,-3.45,-0.11,21.57,,,,,
sterling_kite_engine,NIFTY BANK,options_atm,14,1.0,14,2.0,7,3.0,one_red,mid,none,none,548,36.3,1.4,71.34,1.47,6.34,1.58,64.0,164,33.5,1.11,7.35,0.38,10.1,,,,,
sterling_kite_engine,NIFTY BANK,delta1,14,1.0,14,2.0,7,3.0,one_red,mid,18,none,549,42.1,1.03,11.29,0.18,22.93,1.12,26.47,164,42.1,0.89,-15.17,-0.57,28.27,,,,,
sterling_kite_engine,NIFTY BANK,options_atm,14,1.0,14,2.0,7,3.0,one_red,mid,18,none,549,37.7,1.19,33.03,0.92,10.25,1.31,33.92,164,35.4,0.99,-0.89,-0.06,13.48,,,,,
sterling_kite_engine,NIFTY BANK,delta1,14,1.0,14,2.0,7,3.0,one_red,mid,30,none,548,40.5,1.12,44.75,0.63,16.04,1.26,59.29,164,40.2,0.89,-14.54,-0.5,24.67,,,,,
sterling_kite_engine,NIFTY BANK,options_atm,14,1.0,14,2.0,7,3.0,one_red,mid,30,none,548,36.3,1.33,58.34,1.32,6.22,1.53,58.8,164,33.5,0.99,-0.45,-0.03,9.72,,,,,
sterling_kite_engine,NIFTY BANK,delta1,14,1.0,14,2.0,7,3.0,one_red,mid,48,none,548,40.5,1.15,55.07,0.75,14.04,1.28,63.63,164,40.2,0.94,-8.56,-0.28,21.93,,,,,
sterling_kite_engine,NIFTY BANK,options_atm,14,1.0,14,2.0,7,3.0,one_red,mid,48,none,548,36.3,1.37,65.95,1.41,6.47,1.56,62.71,164,33.5,1.05,3.25,0.18,10.2,,,,,
sterling_kite_engine,NIFTY BANK,delta1,14,1.0,14,2.0,7,3.0,one_red,mid,none,15,506,38.7,1.06,22.87,0.34,20.11,1.2,44.45,151,37.7,0.84,-21.59,-0.78,28.28,,,,,
sterling_kite_engine,NIFTY BANK,options_atm,14,1.0,14,2.0,7,3.0,one_red,mid,none,15,506,35.4,1.27,46.4,1.07,8.38,1.48,51.51,151,32.5,0.92,-5.11,-0.32,10.74,,,,,
sterling_kite_engine,NIFTY BANK,delta1,14,1.0,14,2.0,7,3.0,one_red,mid,18,15,507,40.4,0.98,-8.31,-0.14,27.13,1.04,9.01,151,39.7,0.87,-17.32,-0.66,29.32,,,,,
sterling_kite_engine,NIFTY BANK,options_atm,14,1.0,14,2.0,7,3.0,one_red,mid,18,15,507,37.1,1.13,21.63,0.65,11.05,1.22,23.28,151,34.4,0.97,-1.65,-0.11,13.46,,,,,
sterling_kite_engine,NIFTY BANK,delta1,14,1.0,14,2.0,7,3.0,one_red,mid,30,15,506,38.7,1.06,19.79,0.3,19.78,1.18,38.84,151,37.7,0.86,-19.06,-0.68,26.4,,,,,
sterling_kite_engine,NIFTY BANK,options_atm,14,1.0,14,2.0,7,3.0,one_red,mid,30,15,506,35.4,1.26,43.79,1.06,8.95,1.43,46.19,151,32.5,0.96,-2.39,-0.14,10.33,,,,,
sterling_kite_engine,NIFTY BANK,delta1,14,1.0,14,2.0,7,3.0,one_red,mid,48,15,506,38.7,1.06,20.46,0.31,20.68,1.19,42.49,151,37.7,0.83,-22.03,-0.79,28.7,,,,,
sterling_kite_engine,NIFTY BANK,options_atm,14,1.0,14,2.0,7,3.0,one_red,mid,48,15,506,35.4,1.26,44.44,1.03,8.56,1.47,49.71,151,32.5,0.92,-5.27,-0.33,10.74,,,,,
sterling_kite_engine,NIFTY BANK,delta1,14,1.0,14,2.0,7,3.0,one_red,mid,none,20,337,38.3,1.13,29.82,0.65,18.61,1.34,48.05,102,38.2,0.79,-18.23,-0.84,26.76,,,,,
sterling_kite_engine,NIFTY BANK,options_atm,14,1.0,14,2.0,7,3.0,one_red,mid,none,20,337,35.0,1.37,41.6,1.34,9.78,1.7,48.52,102,34.3,0.84,-6.92,-0.55,14.18,,,,,
sterling_kite_engine,NIFTY BANK,delta1,14,1.0,14,2.0,7,3.0,one_red,mid,18,20,337,40.1,1.08,18.24,0.46,17.51,1.21,29.52,102,40.2,0.87,-11.29,-0.54,22.13,,,,,
sterling_kite_engine,NIFTY BANK,options_atm,14,1.0,14,2.0,7,3.0,one_red,mid,18,20,337,36.8,1.28,29.83,1.26,7.9,1.47,31.59,102,36.3,0.96,-1.76,-0.16,10.2,,,,,
sterling_kite_engine,NIFTY BANK,delta1,14,1.0,14,2.0,7,3.0,one_red,mid,30,20,337,38.3,1.12,26.7,0.6,19.64,1.31,44.63,102,38.2,0.8,-17.93,-0.83,27.52,,,,,
sterling_kite_engine,NIFTY BANK,options_atm,14,1.0,14,2.0,7,3.0,one_red,mid,30,20,337,35.0,1.35,38.88,1.32,10.18,1.65,45.05,102,34.3,0.85,-6.18,-0.48,14.39,,,,,
sterling_kite_engine,NIFTY BANK,delta1,14,1.0,14,2.0,7,3.0,one_red,mid,48,20,337,38.3,1.13,29.82,0.65,18.84,1.34,48.49,102,38.2,0.79,-18.67,-0.86,27.17,,,,,
sterling_kite_engine,NIFTY BANK,options_atm,14,1.0,14,2.0,7,3.0,one_red,mid,48,20,337,35.0,1.38,41.82,1.35,9.85,1.71,48.9,102,34.3,0.83,-7.08,-0.56,14.33,,,,,
sterling_kite_engine,NIFTY BANK,delta1,14,1.0,14,2.0,7,3.0,one_red,mid,none,25,182,35.7,0.94,-7.68,-0.26,23.52,1.04,3.86,53,41.5,0.75,-11.53,-0.85,13.84,,,,,
sterling_kite_engine,NIFTY BANK,options_atm,14,1.0,14,2.0,7,3.0,one_red,mid,none,25,182,31.3,1.15,9.71,0.49,11.31,1.38,16.66,53,34.0,0.69,-6.95,-1.08,8.01,,,,,
sterling_kite_engine,NIFTY BANK,delta1,14,1.0,14,2.0,7,3.0,one_red,mid,18,25,182,37.4,0.95,-6.29,-0.24,15.57,0.98,-1.78,53,43.4,0.9,-4.51,-0.3,9.32,,,,,
sterling_kite_engine,NIFTY BANK,options_atm,14,1.0,14,2.0,7,3.0,one_red,mid,18,25,182,33.0,1.15,9.95,0.61,5.91,1.25,10.86,53,37.7,0.96,-0.91,-0.12,4.41,,,,,
sterling_kite_engine,NIFTY BANK,delta1,14,1.0,14,2.0,7,3.0,one_red,mid,30,25,182,35.7,0.94,-8.23,-0.28,23.25,1.05,4.79,53,41.5,0.72,-13.02,-0.99,15.31,,,,,
sterling_kite_engine,NIFTY BANK,options_atm,14,1.0,14,2.0,7,3.0,one_red,mid,30,25,182,31.3,1.15,10.2,0.52,10.61,1.4,17.73,53,34.0,0.67,-7.52,-1.19,8.58,,,,,
sterling_kite_engine,NIFTY BANK,delta1,14,1.0,14,2.0,7,3.0,one_red,mid,48,25,182,35.7,0.95,-7.42,-0.25,23.76,1.05,4.56,53,41.5,0.74,-11.98,-0.89,14.28,,,,,
sterling_kite_engine,NIFTY BANK,options_atm,14,1.0,14,2.0,7,3.0,one_red,mid,48,25,182,31.3,1.15,10.19,0.52,11.38,1.39,17.3,53,34.0,0.69,-7.11,-1.11,8.17,,,,,
sterling_kite_engine,NIFTY BANK,delta1,14,1.0,14,2.0,7,3.0,two_red,fast,none,none,552,41.1,1.16,48.51,0.83,14.53,1.23,43.78,165,41.2,1.04,4.72,0.18,20.14,,,,,
sterling_kite_engine,NIFTY BANK,options_atm,14,1.0,14,2.0,7,3.0,two_red,fast,none,none,552,39.1,1.37,53.52,1.54,6.76,1.47,41.93,165,38.2,1.22,11.59,0.72,9.39,,,,,
sterling_kite_engine,NIFTY BANK,delta1,14,1.0,14,2.0,7,3.0,two_red,fast,18,none,552,41.3,1.12,35.22,0.64,15.57,1.17,32.31,165,41.2,1.03,2.91,0.12,19.94,,,,,
sterling_kite_engine,NIFTY BANK,options_atm,14,1.0,14,2.0,7,3.0,two_red,fast,18,none,552,38.9,1.31,43.67,1.38,6.28,1.38,34.21,165,37.6,1.18,9.46,0.68,8.26,,,,,
sterling_kite_engine,NIFTY BANK,delta1,14,1.0,14,2.0,7,3.0,two_red,fast,30,none,552,41.1,1.15,46.36,0.8,14.69,1.22,42.07,165,41.2,1.04,4.29,0.16,20.14,,,,,
sterling_kite_engine,NIFTY BANK,options_atm,14,1.0,14,2.0,7,3.0,two_red,fast,30,none,552,39.1,1.36,52.04,1.51,6.81,1.45,40.62,165,38.2,1.21,11.42,0.72,9.39,,,,,
sterling_kite_engine,NIFTY BANK,delta1,14,1.0,14,2.0,7,3.0,two_red,fast,48,none,552,41.1,1.16,48.51,0.83,14.53,1.23,43.78,165,41.2,1.04,4.72,0.18,20.14,,,,,
sterling_kite_engine,NIFTY BANK,options_atm,14,1.0,14,2.0,7,3.0,two_red,fast,48,none,552,39.1,1.37,53.52,1.54,6.76,1.47,41.93,165,38.2,1.22,11.59,0.72,9.39,,,,,
sterling_kite_engine,NIFTY BANK,delta1,14,1.0,14,2.0,7,3.0,two_red,fast,none,15,510,39.8,1.1,29.77,0.55,17.58,1.16,28.79,152,39.5,1.01,0.99,0.04,21.75,,,,,
sterling_kite_engine,NIFTY BANK,options_atm,14,1.0,14,2.0,7,3.0,two_red,fast,none,15,510,38.2,1.31,42.12,1.3,7.64,1.38,32.19,152,37.5,1.19,9.93,0.62,9.95,,,,,
sterling_kite_engine,NIFTY BANK,delta1,14,1.0,14,2.0,7,3.0,two_red,fast,18,15,510,40.0,1.06,17.57,0.34,19.15,1.11,19.27,152,39.5,0.98,-1.7,-0.07,22.4,,,,,
sterling_kite_engine,NIFTY BANK,options_atm,14,1.0,14,2.0,7,3.0,two_red,fast,18,15,510,38.0,1.24,33.31,1.13,7.73,1.31,26.03,152,36.8,1.14,7.28,0.53,9.42,,,,,
sterling_kite_engine,NIFTY BANK,delta1,14,1.0,14,2.0,7,3.0,two_red,fast,30,15,510,39.8,1.1,27.63,0.51,17.88,1.15,27.07,152,39.5,1.01,0.55,0.02,21.75,,,,,
sterling_kite_engine,NIFTY BANK,options_atm,14,1.0,14,2.0,7,3.0,two_red,fast,30,15,510,38.2,1.3,40.65,1.27,7.71,1.36,30.88,152,37.5,1.19,9.77,0.62,9.95,,,,,
sterling_kite_engine,NIFTY BANK,delta1,14,1.0,14,2.0,7,3.0,two_red,fast,48,15,510,39.8,1.1,29.77,0.55,17.58,1.16,28.79,152,39.5,1.01,0.99,0.04,21.75,,,,,
sterling_kite_engine,NIFTY BANK,options_atm,14,1.0,14,2.0,7,3.0,two_red,fast,48,15,510,38.2,1.31,42.12,1.3,7.64,1.38,32.19,152,37.5,1.19,9.93,0.62,9.95,,,,,
sterling_kite_engine,NIFTY BANK,delta1,14,1.0,14,2.0,7,3.0,two_red,fast,none,20,337,38.3,1.1,19.18,0.53,19.09,1.23,26.56,102,37.3,0.9,-7.38,-0.35,23.41,,,,,
sterling_kite_engine,NIFTY BANK,options_atm,14,1.0,14,2.0,7,3.0,two_red,fast,none,20,337,37.4,1.31,28.16,1.27,9.48,1.48,26.82,102,36.3,1.04,1.34,0.11,11.73,,,,,
sterling_kite_engine,NIFTY BANK,delta1,14,1.0,14,2.0,7,3.0,two_red,fast,18,20,337,38.6,1.09,17.1,0.49,17.78,1.2,23.18,102,37.3,0.92,-6.08,-0.31,21.34,,,,,
sterling_kite_engine,NIFTY BANK,options_atm,14,1.0,14,2.0,7,3.0,two_red,fast,18,20,337,37.1,1.28,25.85,1.28,8.29,1.44,24.49,102,35.3,1.04,1.36,0.13,10.11,,,,,
sterling_kite_engine,NIFTY BANK,delta1,14,1.0,14,2.0,7,3.0,two_red,fast,30,20,337,38.3,1.1,19.52,0.54,19.04,1.23,27.07,102,37.3,0.9,-7.55,-0.36,23.45,,,,,
sterling_kite_engine,NIFTY BANK,options_atm,14,1.0,14,2.0,7,3.0,two_red,fast,30,20,337,37.4,1.31,28.43,1.28,9.46,1.49,27.2,102,36.3,1.03,1.23,0.1,11.74,,,,,
sterling_kite_engine,NIFTY BANK,delta1,14,1.0,14,2.0,7,3.0,two_red,fast,48,20,337,38.3,1.1,19.18,0.53,19.09,1.23,26.56,102,37.3,0.9,-7.38,-0.35,23.41,,,,,
sterling_kite_engine,NIFTY BANK,options_atm,14,1.0,14,2.0,7,3.0,two_red,fast,48,20,337,37.4,1.31,28.16,1.27,9.48,1.48,26.82,102,36.3,1.04,1.34,0.11,11.73,,,,,
sterling_kite_engine,NIFTY BANK,delta1,14,1.0,14,2.0,7,3.0,two_red,fast,none,25,182,36.8,1.01,1.53,0.07,12.24,1.08,6.06,53,39.6,0.88,-4.54,-0.36,12.93,,,,,
sterling_kite_engine,NIFTY BANK,options_atm,14,1.0,14,2.0,7,3.0,two_red,fast,none,25,182,35.7,1.19,9.89,0.75,5.74,1.34,11.96,53,37.7,0.89,-2.07,-0.33,6.41,,,,,
sterling_kite_engine,NIFTY BANK,delta1,14,1.0,14,2.0,7,3.0,two_red,fast,18,25,182,37.4,1.06,6.66,0.28,12.14,1.08,6.1,53,39.6,1.02,0.57,0.04,10.6,,,,,
sterling_kite_engine,NIFTY BANK,options_atm,14,1.0,14,2.0,7,3.0,two_red,fast,18,25,182,35.2,1.27,14.14,1.01,4.9,1.36,12.39,53,35.8,1.1,1.75,0.23,5.32,,,,,
sterling_kite_engine,NIFTY BANK,delta1,14,1.0,14,2.0,7,3.0,two_red,fast,30,25,182,36.8,1.02,2.18,0.1,12.16,1.09,6.72,53,39.6,0.88,-4.54,-0.36,12.93,,,,,
sterling_kite_engine,NIFTY BANK,options_atm,14,1.0,14,2.0,7,3.0,two_red,fast,30,25,182,35.7,1.2,10.46,0.78,5.71,1.36,12.52,53,37.7,0.89,-2.07,-0.33,6.41,,,,,
sterling_kite_engine,NIFTY BANK,delta1,14,1.0,14,2.0,7,3.0,two_red,fast,48,25,182,36.8,1.01,1.53,0.07,12.24,1.08,6.06,53,39.6,0.88,-4.54,-0.36,12.93,,,,,
sterling_kite_engine,NIFTY BANK,options_atm,14,1.0,14,2.0,7,3.0,two_red,fast,48,25,182,35.7,1.19,9.89,0.75,5.74,1.34,11.96,53,37.7,0.89,-2.07,-0.33,6.41,,,,,
sterling_kite_engine,NIFTY BANK,delta1,14,1.0,14,2.0,7,3.0,two_red,mid,none,none,444,39.9,1.1,36.75,0.52,22.69,1.24,52.7,138,39.9,0.88,-15.95,-0.5,33.35,,,,,
sterling_kite_engine,NIFTY BANK,options_atm,14,1.0,14,2.0,7,3.0,two_red,mid,none,none,444,33.3,1.32,56.03,1.21,11.78,1.55,59.1,138,28.3,0.95,-3.07,-0.16,18.34,,,,,
sterling_kite_engine,NIFTY BANK,delta1,14,1.0,14,2.0,7,3.0,two_red,mid,18,none,498,43.6,0.99,-5.4,-0.09,32.16,1.07,17.14,151,40.4,0.84,-22.54,-0.83,37.05,,,,,
sterling_kite_engine,NIFTY BANK,options_atm,14,1.0,14,2.0,7,3.0,two_red,mid,18,none,498,38.6,1.15,26.27,0.73,13.2,1.29,31.57,151,34.4,0.92,-5.3,-0.36,17.08,,,,,
sterling_kite_engine,NIFTY BANK,delta1,14,1.0,14,2.0,7,3.0,two_red,mid,30,none,462,40.9,1.12,45.81,0.63,20.46,1.31,70.64,144,41.0,0.83,-24.83,-0.8,33.64,,,,,
sterling_kite_engine,NIFTY BANK,options_atm,14,1.0,14,2.0,7,3.0,two_red,mid,30,none,462,35.5,1.39,70.63,1.45,8.13,1.68,75.68,144,30.6,0.93,-5.05,-0.27,14.01,,,,,
sterling_kite_engine,NIFTY BANK,delta1,14,1.0,14,2.0,7,3.0,two_red,mid,48,none,450,40.2,1.1,35.59,0.51,21.08,1.25,56.8,140,40.7,0.84,-21.21,-0.71,31.95,,,,,
sterling_kite_engine,NIFTY BANK,options_atm,14,1.0,14,2.0,7,3.0,two_red,mid,48,none,450,33.8,1.32,55.7,1.22,10.96,1.57,62.03,140,29.3,0.9,-6.33,-0.36,16.02,,,,,
sterling_kite_engine,NIFTY BANK,delta1,14,1.0,14,2.0,7,3.0,two_red,mid,none,15,413,38.3,1.04,12.17,0.19,27.93,1.18,38.26,129,38.0,0.8,-26.09,-0.91,37.46,,,,,
sterling_kite_engine,NIFTY BANK,options_atm,14,1.0,14,2.0,7,3.0,two_red,mid,none,15,413,32.2,1.24,40.63,0.95,13.08,1.49,51.42,129,27.9,0.83,-10.79,-0.66,19.42,,,,,
sterling_kite_engine,NIFTY BANK,delta1,14,1.0,14,2.0,7,3.0,two_red,mid,18,15,463,41.9,0.94,-23.18,-0.4,37.61,1.0,0.32,140,37.9,0.83,-23.5,-0.88,37.72,,,,,
sterling_kite_engine,NIFTY BANK,options_atm,14,1.0,14,2.0,7,3.0,two_red,mid,18,15,463,37.4,1.09,16.03,0.48,14.4,1.2,21.54,140,33.6,0.92,-5.51,-0.38,17.29,,,,,
sterling_kite_engine,NIFTY BANK,delta1,14,1.0,14,2.0,7,3.0,two_red,mid,30,15,429,39.2,1.07,27.1,0.39,23.27,1.24,53.19,133,38.3,0.81,-26.1,-0.85,34.59,,,,,
sterling_kite_engine,NIFTY BANK,options_atm,14,1.0,14,2.0,7,3.0,two_red,mid,30,15,429,34.3,1.35,60.36,1.3,8.73,1.61,65.55,133,30.8,0.92,-5.19,-0.28,14.2,,,,,
sterling_kite_engine,NIFTY BANK,delta1,14,1.0,14,2.0,7,3.0,two_red,mid,48,15,418,38.5,1.04,14.77,0.23,26.21,1.19,41.68,130,38.5,0.8,-26.91,-0.94,36.13,,,,,
sterling_kite_engine,NIFTY BANK,options_atm,14,1.0,14,2.0,7,3.0,two_red,mid,48,15,418,32.8,1.26,43.83,1.01,12.2,1.51,53.84,130,29.2,0.84,-10.01,-0.6,17.11,,,,,
sterling_kite_engine,NIFTY BANK,delta1,14,1.0,14,2.0,7,3.0,two_red,mid,none,20,285,40.0,1.14,32.99,0.72,19.59,1.34,49.8,88,40.9,0.8,-16.81,-0.74,28.02,,,,,
sterling_kite_engine,NIFTY BANK,options_atm,14,1.0,14,2.0,7,3.0,two_red,mid,none,20,285,34.0,1.38,43.32,1.39,11.73,1.74,52.33,88,29.5,0.79,-9.01,-0.71,17.31,,,,,
sterling_kite_engine,NIFTY BANK,delta1,14,1.0,14,2.0,7,3.0,two_red,mid,18,20,320,42.8,1.05,11.35,0.27,19.62,1.17,26.17,96,39.6,0.83,-14.82,-0.7,24.19,,,,,
sterling_kite_engine,NIFTY BANK,options_atm,14,1.0,14,2.0,7,3.0,two_red,mid,18,20,320,37.8,1.25,29.7,1.18,8.78,1.46,33.87,96,34.4,0.9,-4.17,-0.38,11.53,,,,,
sterling_kite_engine,NIFTY BANK,delta1,14,1.0,14,2.0,7,3.0,two_red,mid,30,20,295,41.0,1.19,44.29,0.91,17.54,1.41,60.7,90,41.1,0.81,-16.41,-0.71,26.86,,,,,
sterling_kite_engine,NIFTY BANK,options_atm,14,1.0,14,2.0,7,3.0,two_red,mid,30,20,295,36.3,1.5,57.16,1.69,9.93,1.88,62.75,90,33.3,0.87,-5.59,-0.41,15.51,,,,,
sterling_kite_engine,NIFTY BANK,delta1,14,1.0,14,2.0,7,3.0,two_red,mid,48,20,289,40.1,1.15,35.0,0.74,18.54,1.34,50.57,89,41.6,0.82,-15.57,-0.68,26.69,,,,,
sterling_kite_engine,NIFTY BANK,options_atm,14,1.0,14,2.0,7,3.0,two_red,mid,48,20,289,34.6,1.42,48.01,1.49,10.99,1.76,54.74,89,31.5,0.84,-6.74,-0.5,16.38,,,,,
sterling_kite_engine,NIFTY BANK,delta1,14,1.0,14,2.0,7,3.0,two_red,mid,none,25,163,34.4,0.85,-22.51,-0.68,34.43,1.02,2.03,51,39.2,0.54,-24.54,-1.85,26.6,,,,,
sterling_kite_engine,NIFTY BANK,options_atm,14,1.0,14,2.0,7,3.0,two_red,mid,none,25,163,30.1,1.06,4.23,0.18,17.05,1.42,19.96,51,31.4,0.42,-15.73,-2.61,16.73,,,,,
sterling_kite_engine,NIFTY BANK,delta1,14,1.0,14,2.0,7,3.0,two_red,mid,18,25,177,37.3,0.86,-20.84,-0.72,22.75,0.93,-6.97,52,38.5,0.73,-13.87,-0.92,15.4,,,,,
sterling_kite_engine,NIFTY BANK,options_atm,14,1.0,14,2.0,7,3.0,two_red,mid,18,25,177,32.8,1.07,5.24,0.29,7.16,1.24,11.22,52,34.6,0.76,-5.98,-0.77,6.75,,,,,
sterling_kite_engine,NIFTY BANK,delta1,14,1.0,14,2.0,7,3.0,two_red,mid,30,25,170,35.3,0.87,-20.57,-0.6,34.18,1.02,2.14,51,39.2,0.56,-22.71,-1.76,24.82,,,,,
sterling_kite_engine,NIFTY BANK,options_atm,14,1.0,14,2.0,7,3.0,two_red,mid,30,25,170,31.2,1.12,8.78,0.35,15.77,1.46,22.24,51,33.3,0.47,-13.46,-2.29,14.49,,,,,
sterling_kite_engine,NIFTY BANK,delta1,14,1.0,14,2.0,7,3.0,two_red,mid,48,25,166,34.3,0.87,-21.2,-0.63,34.07,1.01,1.46,51,39.2,0.58,-22.67,-1.67,24.77,,,,,
sterling_kite_engine,NIFTY BANK,options_atm,14,1.0,14,2.0,7,3.0,two_red,mid,48,25,166,30.7,1.1,7.44,0.32,16.21,1.43,21.32,51,33.3,0.47,-13.87,-2.24,14.9,,,,,
sterling_kite_engine,NIFTY BANK,delta1,14,1.0,14,2.0,7,3.0,three_red,fast,none,none,552,41.1,1.16,48.51,0.83,14.53,1.23,43.78,165,41.2,1.04,4.72,0.18,20.14,,,,,
sterling_kite_engine,NIFTY BANK,options_atm,14,1.0,14,2.0,7,3.0,three_red,fast,none,none,552,39.1,1.37,53.52,1.54,6.76,1.47,41.93,165,38.2,1.22,11.59,0.72,9.39,,,,,
sterling_kite_engine,NIFTY BANK,delta1,14,1.0,14,2.0,7,3.0,three_red,fast,18,none,552,41.3,1.12,35.22,0.64,15.57,1.17,32.31,165,41.2,1.03,2.91,0.12,19.94,,,,,
sterling_kite_engine,NIFTY BANK,options_atm,14,1.0,14,2.0,7,3.0,three_red,fast,18,none,552,38.9,1.31,43.67,1.38,6.28,1.38,34.21,165,37.6,1.18,9.46,0.68,8.26,,,,,
sterling_kite_engine,NIFTY BANK,delta1,14,1.0,14,2.0,7,3.0,three_red,fast,30,none,552,41.1,1.15,46.36,0.8,14.69,1.22,42.07,165,41.2,1.04,4.29,0.16,20.14,,,,,
sterling_kite_engine,NIFTY BANK,options_atm,14,1.0,14,2.0,7,3.0,three_red,fast,30,none,552,39.1,1.36,52.04,1.51,6.81,1.45,40.62,165,38.2,1.21,11.42,0.72,9.39,,,,,
sterling_kite_engine,NIFTY BANK,delta1,14,1.0,14,2.0,7,3.0,three_red,fast,48,none,552,41.1,1.16,48.51,0.83,14.53,1.23,43.78,165,41.2,1.04,4.72,0.18,20.14,,,,,
sterling_kite_engine,NIFTY BANK,options_atm,14,1.0,14,2.0,7,3.0,three_red,fast,48,none,552,39.1,1.37,53.52,1.54,6.76,1.47,41.93,165,38.2,1.22,11.59,0.72,9.39,,,,,
sterling_kite_engine,NIFTY BANK,delta1,14,1.0,14,2.0,7,3.0,three_red,fast,none,15,510,39.8,1.1,29.77,0.55,17.58,1.16,28.79,152,39.5,1.01,0.99,0.04,21.75,,,,,
sterling_kite_engine,NIFTY BANK,options_atm,14,1.0,14,2.0,7,3.0,three_red,fast,none,15,510,38.2,1.31,42.12,1.3,7.64,1.38,32.19,152,37.5,1.19,9.93,0.62,9.95,,,,,
sterling_kite_engine,NIFTY BANK,delta1,14,1.0,14,2.0,7,3.0,three_red,fast,18,15,510,40.0,1.06,17.57,0.34,19.15,1.11,19.27,152,39.5,0.98,-1.7,-0.07,22.4,,,,,
sterling_kite_engine,NIFTY BANK,options_atm,14,1.0,14,2.0,7,3.0,three_red,fast,18,15,510,38.0,1.24,33.31,1.13,7.73,1.31,26.03,152,36.8,1.14,7.28,0.53,9.42,,,,,
sterling_kite_engine,NIFTY BANK,delta1,14,1.0,14,2.0,7,3.0,three_red,fast,30,15,510,39.8,1.1,27.63,0.51,17.88,1.15,27.07,152,39.5,1.01,0.55,0.02,21.75,,,,,
sterling_kite_engine,NIFTY BANK,options_atm,14,1.0,14,2.0,7,3.0,three_red,fast,30,15,510,38.2,1.3,40.65,1.27,7.71,1.36,30.88,152,37.5,1.19,9.77,0.62,9.95,,,,,
sterling_kite_engine,NIFTY BANK,delta1,14,1.0,14,2.0,7,3.0,three_red,fast,48,15,510,39.8,1.1,29.77,0.55,17.58,1.16,28.79,152,39.5,1.01,0.99,0.04,21.75,,,,,
sterling_kite_engine,NIFTY BANK,options_atm,14,1.0,14,2.0,7,3.0,three_red,fast,48,15,510,38.2,1.31,42.12,1.3,7.64,1.38,32.19,152,37.5,1.19,9.93,0.62,9.95,,,,,
sterling_kite_engine,NIFTY BANK,delta1,14,1.0,14,2.0,7,3.0,three_red,fast,none,20,337,38.3,1.1,19.18,0.53,19.09,1.23,26.56,102,37.3,0.9,-7.38,-0.35,23.41,,,,,
sterling_kite_engine,NIFTY BANK,options_atm,14,1.0,14,2.0,7,3.0,three_red,fast,none,20,337,37.4,1.31,28.16,1.27,9.48,1.48,26.82,102,36.3,1.04,1.34,0.11,11.73,,,,,
sterling_kite_engine,NIFTY BANK,delta1,14,1.0,14,2.0,7,3.0,three_red,fast,18,20,337,38.6,1.09,17.1,0.49,17.78,1.2,23.18,102,37.3,0.92,-6.08,-0.31,21.34,,,,,
sterling_kite_engine,NIFTY BANK,options_atm,14,1.0,14,2.0,7,3.0,three_red,fast,18,20,337,37.1,1.28,25.85,1.28,8.29,1.44,24.49,102,35.3,1.04,1.36,0.13,10.11,,,,,
sterling_kite_engine,NIFTY BANK,delta1,14,1.0,14,2.0,7,3.0,three_red,fast,30,20,337,38.3,1.1,19.52,0.54,19.04,1.23,27.07,102,37.3,0.9,-7.55,-0.36,23.45,,,,,
sterling_kite_engine,NIFTY BANK,options_atm,14,1.0,14,2.0,7,3.0,three_red,fast,30,20,337,37.4,1.31,28.43,1.28,9.46,1.49,27.2,102,36.3,1.03,1.23,0.1,11.74,,,,,
sterling_kite_engine,NIFTY BANK,delta1,14,1.0,14,2.0,7,3.0,three_red,fast,48,20,337,38.3,1.1,19.18,0.53,19.09,1.23,26.56,102,37.3,0.9,-7.38,-0.35,23.41,,,,,
sterling_kite_engine,NIFTY BANK,options_atm,14,1.0,14,2.0,7,3.0,three_red,fast,48,20,337,37.4,1.31,28.16,1.27,9.48,1.48,26.82,102,36.3,1.04,1.34,0.11,11.73,,,,,
sterling_kite_engine,NIFTY BANK,delta1,14,1.0,14,2.0,7,3.0,three_red,fast,none,25,182,36.8,1.01,1.53,0.07,12.24,1.08,6.06,53,39.6,0.88,-4.54,-0.36,12.93,,,,,
sterling_kite_engine,NIFTY BANK,options_atm,14,1.0,14,2.0,7,3.0,three_red,fast,none,25,182,35.7,1.19,9.89,0.75,5.74,1.34,11.96,53,37.7,0.89,-2.07,-0.33,6.41,,,,,
sterling_kite_engine,NIFTY BANK,delta1,14,1.0,14,2.0,7,3.0,three_red,fast,18,25,182,37.4,1.06,6.66,0.28,12.14,1.08,6.1,53,39.6,1.02,0.57,0.04,10.6,,,,,
sterling_kite_engine,NIFTY BANK,options_atm,14,1.0,14,2.0,7,3.0,three_red,fast,18,25,182,35.2,1.27,14.14,1.01,4.9,1.36,12.39,53,35.8,1.1,1.75,0.23,5.32,,,,,
sterling_kite_engine,NIFTY BANK,delta1,14,1.0,14,2.0,7,3.0,three_red,fast,30,25,182,36.8,1.02,2.18,0.1,12.16,1.09,6.72,53,39.6,0.88,-4.54,-0.36,12.93,,,,,
sterling_kite_engine,NIFTY BANK,options_atm,14,1.0,14,2.0,7,3.0,three_red,fast,30,25,182,35.7,1.2,10.46,0.78,5.71,1.36,12.52,53,37.7,0.89,-2.07,-0.33,6.41,,,,,
sterling_kite_engine,NIFTY BANK,delta1,14,1.0,14,2.0,7,3.0,three_red,fast,48,25,182,36.8,1.01,1.53,0.07,12.24,1.08,6.06,53,39.6,0.88,-4.54,-0.36,12.93,,,,,
sterling_kite_engine,NIFTY BANK,options_atm,14,1.0,14,2.0,7,3.0,three_red,fast,48,25,182,35.7,1.19,9.89,0.75,5.74,1.34,11.96,53,37.7,0.89,-2.07,-0.33,6.41,,,,,
sterling_kite_engine,NIFTY BANK,delta1,14,1.0,14,2.0,7,3.0,three_red,mid,none,none,444,39.9,1.1,36.75,0.52,22.69,1.24,52.7,138,39.9,0.88,-15.95,-0.5,33.35,,,,,
sterling_kite_engine,NIFTY BANK,options_atm,14,1.0,14,2.0,7,3.0,three_red,mid,none,none,444,33.3,1.32,56.03,1.21,11.78,1.55,59.1,138,28.3,0.95,-3.07,-0.16,18.34,,,,,
sterling_kite_engine,NIFTY BANK,delta1,14,1.0,14,2.0,7,3.0,three_red,mid,18,none,498,43.6,0.99,-5.4,-0.09,32.16,1.07,17.14,151,40.4,0.84,-22.54,-0.83,37.05,,,,,
sterling_kite_engine,NIFTY BANK,options_atm,14,1.0,14,2.0,7,3.0,three_red,mid,18,none,498,38.6,1.15,26.27,0.73,13.2,1.29,31.57,151,34.4,0.92,-5.3,-0.36,17.08,,,,,
sterling_kite_engine,NIFTY BANK,delta1,14,1.0,14,2.0,7,3.0,three_red,mid,30,none,462,40.9,1.12,45.81,0.63,20.46,1.31,70.64,144,41.0,0.83,-24.83,-0.8,33.64,,,,,
sterling_kite_engine,NIFTY BANK,options_atm,14,1.0,14,2.0,7,3.0,three_red,mid,30,none,462,35.5,1.39,70.63,1.45,8.13,1.68,75.68,144,30.6,0.93,-5.05,-0.27,14.01,,,,,
sterling_kite_engine,NIFTY BANK,delta1,14,1.0,14,2.0,7,3.0,three_red,mid,48,none,450,40.2,1.1,35.59,0.51,21.08,1.25,56.8,140,40.7,0.84,-21.21,-0.71,31.95,,,,,
sterling_kite_engine,NIFTY BANK,options_atm,14,1.0,14,2.0,7,3.0,three_red,mid,48,none,450,33.8,1.32,55.7,1.22,10.96,1.57,62.03,140,29.3,0.9,-6.33,-0.36,16.02,,,,,
sterling_kite_engine,NIFTY BANK,delta1,14,1.0,14,2.0,7,3.0,three_red,mid,none,15,413,38.3,1.04,12.17,0.19,27.93,1.18,38.26,129,38.0,0.8,-26.09,-0.91,37.46,,,,,
sterling_kite_engine,NIFTY BANK,options_atm,14,1.0,14,2.0,7,3.0,three_red,mid,none,15,413,32.2,1.24,40.63,0.95,13.08,1.49,51.42,129,27.9,0.83,-10.79,-0.66,19.42,,,,,
sterling_kite_engine,NIFTY BANK,delta1,14,1.0,14,2.0,7,3.0,three_red,mid,18,15,463,41.9,0.94,-23.18,-0.4,37.61,1.0,0.32,140,37.9,0.83,-23.5,-0.88,37.72,,,,,
sterling_kite_engine,NIFTY BANK,options_atm,14,1.0,14,2.0,7,3.0,three_red,mid,18,15,463,37.4,1.09,16.03,0.48,14.4,1.2,21.54,140,33.6,0.92,-5.51,-0.38,17.29,,,,,
sterling_kite_engine,NIFTY BANK,delta1,14,1.0,14,2.0,7,3.0,three_red,mid,30,15,429,39.2,1.07,27.1,0.39,23.27,1.24,53.19,133,38.3,0.81,-26.1,-0.85,34.59,,,,,
sterling_kite_engine,NIFTY BANK,options_atm,14,1.0,14,2.0,7,3.0,three_red,mid,30,15,429,34.3,1.35,60.36,1.3,8.73,1.61,65.55,133,30.8,0.92,-5.19,-0.28,14.2,,,,,
sterling_kite_engine,NIFTY BANK,delta1,14,1.0,14,2.0,7,3.0,three_red,mid,48,15,418,38.5,1.04,14.77,0.23,26.21,1.19,41.68,130,38.5,0.8,-26.91,-0.94,36.13,,,,,
sterling_kite_engine,NIFTY BANK,options_atm,14,1.0,14,2.0,7,3.0,three_red,mid,48,15,418,32.8,1.26,43.83,1.01,12.2,1.51,53.84,130,29.2,0.84,-10.01,-0.6,17.11,,,,,
sterling_kite_engine,NIFTY BANK,delta1,14,1.0,14,2.0,7,3.0,three_red,mid,none,20,285,40.0,1.14,32.99,0.72,19.59,1.34,49.8,88,40.9,0.8,-16.81,-0.74,28.02,,,,,
sterling_kite_engine,NIFTY BANK,options_atm,14,1.0,14,2.0,7,3.0,three_red,mid,none,20,285,34.0,1.38,43.32,1.39,11.73,1.74,52.33,88,29.5,0.79,-9.01,-0.71,17.31,,,,,
sterling_kite_engine,NIFTY BANK,delta1,14,1.0,14,2.0,7,3.0,three_red,mid,18,20,320,42.8,1.05,11.35,0.27,19.62,1.17,26.17,96,39.6,0.83,-14.82,-0.7,24.19,,,,,
sterling_kite_engine,NIFTY BANK,options_atm,14,1.0,14,2.0,7,3.0,three_red,mid,18,20,320,37.8,1.25,29.7,1.18,8.78,1.46,33.87,96,34.4,0.9,-4.17,-0.38,11.53,,,,,
sterling_kite_engine,NIFTY BANK,delta1,14,1.0,14,2.0,7,3.0,three_red,mid,30,20,295,41.0,1.19,44.29,0.91,17.54,1.41,60.7,90,41.1,0.81,-16.41,-0.71,26.86,,,,,
sterling_kite_engine,NIFTY BANK,options_atm,14,1.0,14,2.0,7,3.0,three_red,mid,30,20,295,36.3,1.5,57.16,1.69,9.93,1.88,62.75,90,33.3,0.87,-5.59,-0.41,15.51,,,,,
sterling_kite_engine,NIFTY BANK,delta1,14,1.0,14,2.0,7,3.0,three_red,mid,48,20,289,40.1,1.15,35.0,0.74,18.54,1.34,50.57,89,41.6,0.82,-15.57,-0.68,26.69,,,,,
sterling_kite_engine,NIFTY BANK,options_atm,14,1.0,14,2.0,7,3.0,three_red,mid,48,20,289,34.6,1.42,48.01,1.49,10.99,1.76,54.74,89,31.5,0.84,-6.74,-0.5,16.38,,,,,
sterling_kite_engine,NIFTY BANK,delta1,14,1.0,14,2.0,7,3.0,three_red,mid,none,25,163,34.4,0.85,-22.51,-0.68,34.43,1.02,2.03,51,39.2,0.54,-24.54,-1.85,26.6,,,,,
sterling_kite_engine,NIFTY BANK,options_atm,14,1.0,14,2.0,7,3.0,three_red,mid,none,25,163,30.1,1.06,4.23,0.18,17.05,1.42,19.96,51,31.4,0.42,-15.73,-2.61,16.73,,,,,
sterling_kite_engine,NIFTY BANK,delta1,14,1.0,14,2.0,7,3.0,three_red,mid,18,25,177,37.3,0.86,-20.84,-0.72,22.75,0.93,-6.97,52,38.5,0.73,-13.87,-0.92,15.4,,,,,
sterling_kite_engine,NIFTY BANK,options_atm,14,1.0,14,2.0,7,3.0,three_red,mid,18,25,177,32.8,1.07,5.24,0.29,7.16,1.24,11.22,52,34.6,0.76,-5.98,-0.77,6.75,,,,,
sterling_kite_engine,NIFTY BANK,delta1,14,1.0,14,2.0,7,3.0,three_red,mid,30,25,170,35.3,0.87,-20.57,-0.6,34.18,1.02,2.14,51,39.2,0.56,-22.71,-1.76,24.82,,,,,
sterling_kite_engine,NIFTY BANK,options_atm,14,1.0,14,2.0,7,3.0,three_red,mid,30,25,170,31.2,1.12,8.78,0.35,15.77,1.46,22.24,51,33.3,0.47,-13.46,-2.29,14.49,,,,,
sterling_kite_engine,NIFTY BANK,delta1,14,1.0,14,2.0,7,3.0,three_red,mid,48,25,166,34.3,0.87,-21.2,-0.63,34.07,1.01,1.46,51,39.2,0.58,-22.67,-1.67,24.77,,,,,
sterling_kite_engine,NIFTY BANK,options_atm,14,1.0,14,2.0,7,3.0,three_red,mid,48,25,166,30.7,1.1,7.44,0.32,16.21,1.43,21.32,51,33.3,0.47,-13.87,-2.24,14.9,,,,,
sterling_kite_engine,NIFTY BANK,delta1,14,1.0,14,2.0,7,3.0,three_red_signal,fast,none,none,552,41.1,1.16,48.51,0.83,14.53,1.23,43.78,165,41.2,1.04,4.72,0.18,20.14,,,,,
sterling_kite_engine,NIFTY BANK,options_atm,14,1.0,14,2.0,7,3.0,three_red_signal,fast,none,none,552,39.1,1.37,53.52,1.54,6.76,1.47,41.93,165,38.2,1.22,11.59,0.72,9.39,,,,,
sterling_kite_engine,NIFTY BANK,delta1,14,1.0,14,2.0,7,3.0,three_red_signal,fast,18,none,552,41.3,1.12,35.22,0.64,15.57,1.17,32.31,165,41.2,1.03,2.91,0.12,19.94,,,,,
sterling_kite_engine,NIFTY BANK,options_atm,14,1.0,14,2.0,7,3.0,three_red_signal,fast,18,none,552,38.9,1.31,43.67,1.38,6.28,1.38,34.21,165,37.6,1.18,9.46,0.68,8.26,,,,,
sterling_kite_engine,NIFTY BANK,delta1,14,1.0,14,2.0,7,3.0,three_red_signal,fast,30,none,552,41.1,1.15,46.36,0.8,14.69,1.22,42.07,165,41.2,1.04,4.29,0.16,20.14,,,,,
sterling_kite_engine,NIFTY BANK,options_atm,14,1.0,14,2.0,7,3.0,three_red_signal,fast,30,none,552,39.1,1.36,52.04,1.51,6.81,1.45,40.62,165,38.2,1.21,11.42,0.72,9.39,,,,,
sterling_kite_engine,NIFTY BANK,delta1,14,1.0,14,2.0,7,3.0,three_red_signal,fast,48,none,552,41.1,1.16,48.51,0.83,14.53,1.23,43.78,165,41.2,1.04,4.72,0.18,20.14,,,,,
sterling_kite_engine,NIFTY BANK,options_atm,14,1.0,14,2.0,7,3.0,three_red_signal,fast,48,none,552,39.1,1.37,53.52,1.54,6.76,1.47,41.93,165,38.2,1.22,11.59,0.72,9.39,,,,,
sterling_kite_engine,NIFTY BANK,delta1,14,1.0,14,2.0,7,3.0,three_red_signal,fast,none,15,510,39.8,1.1,29.77,0.55,17.58,1.16,28.79,152,39.5,1.01,0.99,0.04,21.75,,,,,
sterling_kite_engine,NIFTY BANK,options_atm,14,1.0,14,2.0,7,3.0,three_red_signal,fast,none,15,510,38.2,1.31,42.12,1.3,7.64,1.38,32.19,152,37.5,1.19,9.93,0.62,9.95,,,,,
sterling_kite_engine,NIFTY BANK,delta1,14,1.0,14,2.0,7,3.0,three_red_signal,fast,18,15,510,40.0,1.06,17.57,0.34,19.15,1.11,19.27,152,39.5,0.98,-1.7,-0.07,22.4,,,,,
sterling_kite_engine,NIFTY BANK,options_atm,14,1.0,14,2.0,7,3.0,three_red_signal,fast,18,15,510,38.0,1.24,33.31,1.13,7.73,1.31,26.03,152,36.8,1.14,7.28,0.53,9.42,,,,,
sterling_kite_engine,NIFTY BANK,delta1,14,1.0,14,2.0,7,3.0,three_red_signal,fast,30,15,510,39.8,1.1,27.63,0.51,17.88,1.15,27.07,152,39.5,1.01,0.55,0.02,21.75,,,,,
sterling_kite_engine,NIFTY BANK,options_atm,14,1.0,14,2.0,7,3.0,three_red_signal,fast,30,15,510,38.2,1.3,40.65,1.27,7.71,1.36,30.88,152,37.5,1.19,9.77,0.62,9.95,,,,,
sterling_kite_engine,NIFTY BANK,delta1,14,1.0,14,2.0,7,3.0,three_red_signal,fast,48,15,510,39.8,1.1,29.77,0.55,17.58,1.16,28.79,152,39.5,1.01,0.99,0.04,21.75,,,,,
sterling_kite_engine,NIFTY BANK,options_atm,14,1.0,14,2.0,7,3.0,three_red_signal,fast,48,15,510,38.2,1.31,42.12,1.3,7.64,1.38,32.19,152,37.5,1.19,9.93,0.62,9.95,,,,,
sterling_kite_engine,NIFTY BANK,delta1,14,1.0,14,2.0,7,3.0,three_red_signal,fast,none,20,337,38.3,1.1,19.18,0.53,19.09,1.23,26.56,102,37.3,0.9,-7.38,-0.35,23.41,,,,,
sterling_kite_engine,NIFTY BANK,options_atm,14,1.0,14,2.0,7,3.0,three_red_signal,fast,none,20,337,37.4,1.31,28.16,1.27,9.48,1.48,26.82,102,36.3,1.04,1.34,0.11,11.73,,,,,
sterling_kite_engine,NIFTY BANK,delta1,14,1.0,14,2.0,7,3.0,three_red_signal,fast,18,20,337,38.6,1.09,17.1,0.49,17.78,1.2,23.18,102,37.3,0.92,-6.08,-0.31,21.34,,,,,
sterling_kite_engine,NIFTY BANK,options_atm,14,1.0,14,2.0,7,3.0,three_red_signal,fast,18,20,337,37.1,1.28,25.85,1.28,8.29,1.44,24.49,102,35.3,1.04,1.36,0.13,10.11,,,,,
sterling_kite_engine,NIFTY BANK,delta1,14,1.0,14,2.0,7,3.0,three_red_signal,fast,30,20,337,38.3,1.1,19.52,0.54,19.04,1.23,27.07,102,37.3,0.9,-7.55,-0.36,23.45,,,,,
sterling_kite_engine,NIFTY BANK,options_atm,14,1.0,14,2.0,7,3.0,three_red_signal,fast,30,20,337,37.4,1.31,28.43,1.28,9.46,1.49,27.2,102,36.3,1.03,1.23,0.1,11.74,,,,,
sterling_kite_engine,NIFTY BANK,delta1,14,1.0,14,2.0,7,3.0,three_red_signal,fast,48,20,337,38.3,1.1,19.18,0.53,19.09,1.23,26.56,102,37.3,0.9,-7.38,-0.35,23.41,,,,,
sterling_kite_engine,NIFTY BANK,options_atm,14,1.0,14,2.0,7,3.0,three_red_signal,fast,48,20,337,37.4,1.31,28.16,1.27,9.48,1.48,26.82,102,36.3,1.04,1.34,0.11,11.73,,,,,
sterling_kite_engine,NIFTY BANK,delta1,14,1.0,14,2.0,7,3.0,three_red_signal,fast,none,25,182,36.8,1.01,1.53,0.07,12.24,1.08,6.06,53,39.6,0.88,-4.54,-0.36,12.93,,,,,
sterling_kite_engine,NIFTY BANK,options_atm,14,1.0,14,2.0,7,3.0,three_red_signal,fast,none,25,182,35.7,1.19,9.89,0.75,5.74,1.34,11.96,53,37.7,0.89,-2.07,-0.33,6.41,,,,,
sterling_kite_engine,NIFTY BANK,delta1,14,1.0,14,2.0,7,3.0,three_red_signal,fast,18,25,182,37.4,1.06,6.66,0.28,12.14,1.08,6.1,53,39.6,1.02,0.57,0.04,10.6,,,,,
sterling_kite_engine,NIFTY BANK,options_atm,14,1.0,14,2.0,7,3.0,three_red_signal,fast,18,25,182,35.2,1.27,14.14,1.01,4.9,1.36,12.39,53,35.8,1.1,1.75,0.23,5.32,,,,,
sterling_kite_engine,NIFTY BANK,delta1,14,1.0,14,2.0,7,3.0,three_red_signal,fast,30,25,182,36.8,1.02,2.18,0.1,12.16,1.09,6.72,53,39.6,0.88,-4.54,-0.36,12.93,,,,,
sterling_kite_engine,NIFTY BANK,options_atm,14,1.0,14,2.0,7,3.0,three_red_signal,fast,30,25,182,35.7,1.2,10.46,0.78,5.71,1.36,12.52,53,37.7,0.89,-2.07,-0.33,6.41,,,,,
sterling_kite_engine,NIFTY BANK,delta1,14,1.0,14,2.0,7,3.0,three_red_signal,fast,48,25,182,36.8,1.01,1.53,0.07,12.24,1.08,6.06,53,39.6,0.88,-4.54,-0.36,12.93,,,,,
sterling_kite_engine,NIFTY BANK,options_atm,14,1.0,14,2.0,7,3.0,three_red_signal,fast,48,25,182,35.7,1.19,9.89,0.75,5.74,1.34,11.96,53,37.7,0.89,-2.07,-0.33,6.41,,,,,
sterling_kite_engine,NIFTY BANK,delta1,14,1.0,14,2.0,7,3.0,three_red_signal,mid,none,none,444,39.9,1.1,36.75,0.52,22.69,1.24,52.7,138,39.9,0.88,-15.95,-0.5,33.35,,,,,
sterling_kite_engine,NIFTY BANK,options_atm,14,1.0,14,2.0,7,3.0,three_red_signal,mid,none,none,444,33.3,1.32,56.03,1.21,11.78,1.55,59.1,138,28.3,0.95,-3.07,-0.16,18.34,,,,,
sterling_kite_engine,NIFTY BANK,delta1,14,1.0,14,2.0,7,3.0,three_red_signal,mid,18,none,498,43.6,0.99,-5.4,-0.09,32.16,1.07,17.14,151,40.4,0.84,-22.54,-0.83,37.05,,,,,
sterling_kite_engine,NIFTY BANK,options_atm,14,1.0,14,2.0,7,3.0,three_red_signal,mid,18,none,498,38.6,1.15,26.27,0.73,13.2,1.29,31.57,151,34.4,0.92,-5.3,-0.36,17.08,,,,,
sterling_kite_engine,NIFTY BANK,delta1,14,1.0,14,2.0,7,3.0,three_red_signal,mid,30,none,462,40.9,1.12,45.81,0.63,20.46,1.31,70.64,144,41.0,0.83,-24.83,-0.8,33.64,,,,,
sterling_kite_engine,NIFTY BANK,options_atm,14,1.0,14,2.0,7,3.0,three_red_signal,mid,30,none,462,35.5,1.39,70.63,1.45,8.13,1.68,75.68,144,30.6,0.93,-5.05,-0.27,14.01,,,,,
sterling_kite_engine,NIFTY BANK,delta1,14,1.0,14,2.0,7,3.0,three_red_signal,mid,48,none,450,40.2,1.1,35.59,0.51,21.08,1.25,56.8,140,40.7,0.84,-21.21,-0.71,31.95,,,,,
sterling_kite_engine,NIFTY BANK,options_atm,14,1.0,14,2.0,7,3.0,three_red_signal,mid,48,none,450,33.8,1.32,55.7,1.22,10.96,1.57,62.03,140,29.3,0.9,-6.33,-0.36,16.02,,,,,
sterling_kite_engine,NIFTY BANK,delta1,14,1.0,14,2.0,7,3.0,three_red_signal,mid,none,15,413,38.3,1.04,12.17,0.19,27.93,1.18,38.26,129,38.0,0.8,-26.09,-0.91,37.46,,,,,
sterling_kite_engine,NIFTY BANK,options_atm,14,1.0,14,2.0,7,3.0,three_red_signal,mid,none,15,413,32.2,1.24,40.63,0.95,13.08,1.49,51.42,129,27.9,0.83,-10.79,-0.66,19.42,,,,,
sterling_kite_engine,NIFTY BANK,delta1,14,1.0,14,2.0,7,3.0,three_red_signal,mid,18,15,463,41.9,0.94,-23.18,-0.4,37.61,1.0,0.32,140,37.9,0.83,-23.5,-0.88,37.72,,,,,
sterling_kite_engine,NIFTY BANK,options_atm,14,1.0,14,2.0,7,3.0,three_red_signal,mid,18,15,463,37.4,1.09,16.03,0.48,14.4,1.2,21.54,140,33.6,0.92,-5.51,-0.38,17.29,,,,,
sterling_kite_engine,NIFTY BANK,delta1,14,1.0,14,2.0,7,3.0,three_red_signal,mid,30,15,429,39.2,1.07,27.1,0.39,23.27,1.24,53.19,133,38.3,0.81,-26.1,-0.85,34.59,,,,,
sterling_kite_engine,NIFTY BANK,options_atm,14,1.0,14,2.0,7,3.0,three_red_signal,mid,30,15,429,34.3,1.35,60.36,1.3,8.73,1.61,65.55,133,30.8,0.92,-5.19,-0.28,14.2,,,,,
sterling_kite_engine,NIFTY BANK,delta1,14,1.0,14,2.0,7,3.0,three_red_signal,mid,48,15,418,38.5,1.04,14.77,0.23,26.21,1.19,41.68,130,38.5,0.8,-26.91,-0.94,36.13,,,,,
sterling_kite_engine,NIFTY BANK,options_atm,14,1.0,14,2.0,7,3.0,three_red_signal,mid,48,15,418,32.8,1.26,43.83,1.01,12.2,1.51,53.84,130,29.2,0.84,-10.01,-0.6,17.11,,,,,
sterling_kite_engine,NIFTY BANK,delta1,14,1.0,14,2.0,7,3.0,three_red_signal,mid,none,20,285,40.0,1.14,32.99,0.72,19.59,1.34,49.8,88,40.9,0.8,-16.81,-0.74,28.02,,,,,
sterling_kite_engine,NIFTY BANK,options_atm,14,1.0,14,2.0,7,3.0,three_red_signal,mid,none,20,285,34.0,1.38,43.32,1.39,11.73,1.74,52.33,88,29.5,0.79,-9.01,-0.71,17.31,,,,,
sterling_kite_engine,NIFTY BANK,delta1,14,1.0,14,2.0,7,3.0,three_red_signal,mid,18,20,320,42.8,1.05,11.35,0.27,19.62,1.17,26.17,96,39.6,0.83,-14.82,-0.7,24.19,,,,,
sterling_kite_engine,NIFTY BANK,options_atm,14,1.0,14,2.0,7,3.0,three_red_signal,mid,18,20,320,37.8,1.25,29.7,1.18,8.78,1.46,33.87,96,34.4,0.9,-4.17,-0.38,11.53,,,,,
sterling_kite_engine,NIFTY BANK,delta1,14,1.0,14,2.0,7,3.0,three_red_signal,mid,30,20,295,41.0,1.19,44.29,0.91,17.54,1.41,60.7,90,41.1,0.81,-16.41,-0.71,26.86,,,,,
sterling_kite_engine,NIFTY BANK,options_atm,14,1.0,14,2.0,7,3.0,three_red_signal,mid,30,20,295,36.3,1.5,57.16,1.69,9.93,1.88,62.75,90,33.3,0.87,-5.59,-0.41,15.51,,,,,
sterling_kite_engine,NIFTY BANK,delta1,14,1.0,14,2.0,7,3.0,three_red_signal,mid,48,20,289,40.1,1.15,35.0,0.74,18.54,1.34,50.57,89,41.6,0.82,-15.57,-0.68,26.69,,,,,
sterling_kite_engine,NIFTY BANK,options_atm,14,1.0,14,2.0,7,3.0,three_red_signal,mid,48,20,289,34.6,1.42,48.01,1.49,10.99,1.76,54.74,89,31.5,0.84,-6.74,-0.5,16.38,,,,,
sterling_kite_engine,NIFTY BANK,delta1,14,1.0,14,2.0,7,3.0,three_red_signal,mid,none,25,163,34.4,0.85,-22.51,-0.68,34.43,1.02,2.03,51,39.2,0.54,-24.54,-1.85,26.6,,,,,
sterling_kite_engine,NIFTY BANK,options_atm,14,1.0,14,2.0,7,3.0,three_red_signal,mid,none,25,163,30.1,1.06,4.23,0.18,17.05,1.42,19.96,51,31.4,0.42,-15.73,-2.61,16.73,,,,,
sterling_kite_engine,NIFTY BANK,delta1,14,1.0,14,2.0,7,3.0,three_red_signal,mid,18,25,177,37.3,0.86,-20.84,-0.72,22.75,0.93,-6.97,52,38.5,0.73,-13.87,-0.92,15.4,,,,,
sterling_kite_engine,NIFTY BANK,options_atm,14,1.0,14,2.0,7,3.0,three_red_signal,mid,18,25,177,32.8,1.07,5.24,0.29,7.16,1.24,11.22,52,34.6,0.76,-5.98,-0.77,6.75,,,,,
sterling_kite_engine,NIFTY BANK,delta1,14,1.0,14,2.0,7,3.0,three_red_signal,mid,30,25,170,35.3,0.87,-20.57,-0.6,34.18,1.02,2.14,51,39.2,0.56,-22.71,-1.76,24.82,,,,,
sterling_kite_engine,NIFTY BANK,options_atm,14,1.0,14,2.0,7,3.0,three_red_signal,mid,30,25,170,31.2,1.12,8.78,0.35,15.77,1.46,22.24,51,33.3,0.47,-13.46,-2.29,14.49,,,,,
sterling_kite_engine,NIFTY BANK,delta1,14,1.0,14,2.0,7,3.0,three_red_signal,mid,48,25,166,34.3,0.87,-21.2,-0.63,34.07,1.01,1.46,51,39.2,0.58,-22.67,-1.67,24.77,,,,,
sterling_kite_engine,NIFTY BANK,options_atm,14,1.0,14,2.0,7,3.0,three_red_signal,mid,48,25,166,30.7,1.1,7.44,0.32,16.21,1.43,21.32,51,33.3,0.47,-13.87,-2.24,14.9,,,,,
sterling_kite_engine,NIFTY BANK,delta1,21,1.0,14,2.0,7,3.0,one_red,fast,none,none,561,40.6,1.14,43.08,0.72,13.56,1.17,33.99,168,41.1,1.08,9.09,0.34,17.56,,,,,
sterling_kite_engine,NIFTY BANK,options_atm,21,1.0,14,2.0,7,3.0,one_red,fast,none,none,561,39.0,1.36,53.35,1.47,6.63,1.42,39.65,168,39.3,1.26,13.7,0.84,8.91,,,,,
sterling_kite_engine,NIFTY BANK,delta1,21,1.0,14,2.0,7,3.0,one_red,fast,18,none,561,40.8,1.07,23.02,0.41,17.5,1.1,19.54,168,41.1,1.03,3.48,0.14,20.52,,,,,
sterling_kite_engine,NIFTY BANK,options_atm,21,1.0,14,2.0,7,3.0,one_red,fast,18,none,561,38.7,1.26,38.76,1.2,7.28,1.32,29.78,168,38.1,1.17,8.99,0.65,9.28,,,,,
sterling_kite_engine,NIFTY BANK,delta1,21,1.0,14,2.0,7,3.0,one_red,fast,30,none,561,40.6,1.12,38.6,0.65,13.94,1.16,32.27,168,41.1,1.06,6.33,0.24,17.93,,,,,
sterling_kite_engine,NIFTY BANK,options_atm,21,1.0,14,2.0,7,3.0,one_red,fast,30,none,561,39.0,1.34,50.22,1.41,6.77,1.41,38.34,168,39.3,1.22,11.88,0.74,9.04,,,,,
sterling_kite_engine,NIFTY BANK,delta1,21,1.0,14,2.0,7,3.0,one_red,fast,48,none,561,40.6,1.14,43.08,0.72,13.56,1.17,33.99,168,41.1,1.08,9.09,0.34,17.56,,,,,
sterling_kite_engine,NIFTY BANK,options_atm,21,1.0,14,2.0,7,3.0,one_red,fast,48,none,561,39.0,1.36,53.35,1.47,6.63,1.42,39.65,168,39.3,1.26,13.7,0.84,8.91,,,,,
sterling_kite_engine,NIFTY BANK,delta1,21,1.0,14,2.0,7,3.0,one_red,fast,none,15,519,39.3,1.06,18.69,0.34,18.11,1.08,15.99,156,39.7,1.03,2.7,0.1,20.74,,,,,
sterling_kite_engine,NIFTY BANK,options_atm,21,1.0,14,2.0,7,3.0,one_red,fast,none,15,519,38.0,1.27,38.45,1.15,7.63,1.32,28.31,156,38.5,1.2,10.14,0.64,9.68,,,,,
sterling_kite_engine,NIFTY BANK,delta1,21,1.0,14,2.0,7,3.0,one_red,fast,18,15,519,39.5,1.01,3.25,0.06,22.58,1.02,4.13,156,39.7,0.99,-0.87,-0.04,23.41,,,,,
sterling_kite_engine,NIFTY BANK,options_atm,21,1.0,14,2.0,7,3.0,one_red,fast,18,15,519,37.6,1.19,27.24,0.9,8.41,1.23,20.35,156,37.2,1.13,6.89,0.51,10.02,,,,,
sterling_kite_engine,NIFTY BANK,delta1,21,1.0,14,2.0,7,3.0,one_red,fast,30,15,519,39.3,1.06,16.55,0.3,18.36,1.08,14.28,156,39.7,1.02,2.27,0.09,20.74,,,,,
sterling_kite_engine,NIFTY BANK,options_atm,21,1.0,14,2.0,7,3.0,one_red,fast,30,15,519,38.0,1.26,36.98,1.12,7.71,1.3,27.0,156,38.5,1.19,9.98,0.63,9.68,,,,,
sterling_kite_engine,NIFTY BANK,delta1,21,1.0,14,2.0,7,3.0,one_red,fast,48,15,519,39.3,1.06,18.69,0.34,18.11,1.08,15.99,156,39.7,1.03,2.7,0.1,20.74,,,,,
sterling_kite_engine,NIFTY BANK,options_atm,21,1.0,14,2.0,7,3.0,one_red,fast,48,15,519,38.0,1.27,38.45,1.15,7.63,1.32,28.31,156,38.5,1.2,10.14,0.64,9.68,,,,,
sterling_kite_engine,NIFTY BANK,delta1,21,1.0,14,2.0,7,3.0,one_red,fast,none,20,348,37.6,1.07,13.32,0.35,17.44,1.14,17.5,107,38.3,0.94,-4.18,-0.2,20.07,,,,,
sterling_kite_engine,NIFTY BANK,options_atm,21,1.0,14,2.0,7,3.0,one_red,fast,none,20,348,36.8,1.28,27.07,1.17,8.12,1.41,24.56,107,38.3,1.07,2.52,0.2,9.9,,,,,
sterling_kite_engine,NIFTY BANK,delta1,21,1.0,14,2.0,7,3.0,one_red,fast,18,20,348,37.9,1.04,7.73,0.22,16.43,1.09,11.5,107,38.3,0.95,-3.77,-0.2,18.07,,,,,
sterling_kite_engine,NIFTY BANK,options_atm,21,1.0,14,2.0,7,3.0,one_red,fast,18,20,348,36.2,1.23,22.12,1.06,6.99,1.34,20.18,107,36.4,1.05,1.94,0.19,8.28,,,,,
sterling_kite_engine,NIFTY BANK,delta1,21,1.0,14,2.0,7,3.0,one_red,fast,30,20,348,37.6,1.07,13.66,0.36,17.4,1.14,18.02,107,38.3,0.94,-4.35,-0.21,20.1,,,,,
sterling_kite_engine,NIFTY BANK,options_atm,21,1.0,14,2.0,7,3.0,one_red,fast,30,20,348,36.8,1.29,27.35,1.18,8.1,1.42,24.94,107,38.3,1.07,2.41,0.19,9.91,,,,,
sterling_kite_engine,NIFTY BANK,delta1,21,1.0,14,2.0,7,3.0,one_red,fast,48,20,348,37.6,1.07,13.32,0.35,17.44,1.14,17.5,107,38.3,0.94,-4.18,-0.2,20.07,,,,,
sterling_kite_engine,NIFTY BANK,options_atm,21,1.0,14,2.0,7,3.0,one_red,fast,48,20,348,36.8,1.28,27.07,1.17,8.12,1.41,24.56,107,38.3,1.07,2.52,0.2,9.9,,,,,
sterling_kite_engine,NIFTY BANK,delta1,21,1.0,14,2.0,7,3.0,one_red,fast,none,25,190,36.3,0.98,-1.97,-0.08,15.48,0.94,-5.26,56,41.1,1.09,3.29,0.25,10.3,,,,,
sterling_kite_engine,NIFTY BANK,options_atm,21,1.0,14,2.0,7,3.0,one_red,fast,none,25,190,35.3,1.17,9.43,0.69,5.24,1.2,7.39,56,41.1,1.12,2.03,0.3,5.24,,,,,
sterling_kite_engine,NIFTY BANK,delta1,21,1.0,14,2.0,7,3.0,one_red,fast,18,25,190,36.8,1.03,3.84,0.16,16.92,0.94,-4.56,56,41.1,1.24,8.4,0.57,10.15,,,,,
sterling_kite_engine,NIFTY BANK,options_atm,21,1.0,14,2.0,7,3.0,one_red,fast,18,25,190,34.7,1.26,14.23,0.97,5.45,1.22,8.37,56,39.3,1.34,5.85,0.73,5.2,,,,,
sterling_kite_engine,NIFTY BANK,delta1,21,1.0,14,2.0,7,3.0,one_red,fast,30,25,190,36.3,0.99,-1.31,-0.06,14.87,0.94,-4.61,56,41.1,1.09,3.29,0.25,10.3,,,,,
sterling_kite_engine,NIFTY BANK,options_atm,21,1.0,14,2.0,7,3.0,one_red,fast,30,25,190,35.3,1.18,9.99,0.72,5.21,1.21,7.96,56,41.1,1.12,2.03,0.3,5.24,,,,,
sterling_kite_engine,NIFTY BANK,delta1,21,1.0,14,2.0,7,3.0,one_red,fast,48,25,190,36.3,0.98,-1.97,-0.08,15.48,0.94,-5.26,56,41.1,1.09,3.29,0.25,10.3,,,,,
sterling_kite_engine,NIFTY BANK,options_atm,21,1.0,14,2.0,7,3.0,one_red,fast,48,25,190,35.3,1.17,9.43,0.69,5.24,1.2,7.39,56,41.1,1.12,2.03,0.3,5.24,,,,,
sterling_kite_engine,NIFTY BANK,delta1,21,1.0,14,2.0,7,3.0,one_red,mid,none,none,556,39.7,1.13,50.41,0.68,15.47,1.26,61.55,167,38.9,0.92,-11.14,-0.38,23.88,,,,,
sterling_kite_engine,NIFTY BANK,options_atm,21,1.0,14,2.0,7,3.0,one_red,mid,none,none,556,36.0,1.35,64.73,1.36,7.23,1.56,64.03,167,32.9,1.01,0.69,0.04,11.51,,,,,
sterling_kite_engine,NIFTY BANK,delta1,21,1.0,14,2.0,7,3.0,one_red,mid,18,none,558,41.9,1.04,15.46,0.24,23.0,1.12,28.75,167,41.3,0.91,-13.28,-0.49,28.84,,,,,
sterling_kite_engine,NIFTY BANK,options_atm,21,1.0,14,2.0,7,3.0,one_red,mid,18,none,558,37.5,1.22,38.64,1.02,9.88,1.34,38.1,167,34.7,1.01,0.53,0.04,13.41,,,,,
sterling_kite_engine,NIFTY BANK,delta1,21,1.0,14,2.0,7,3.0,one_red,mid,30,none,556,39.7,1.11,43.4,0.6,15.06,1.23,55.48,167,38.9,0.91,-12.08,-0.41,22.62,,,,,
sterling_kite_engine,NIFTY BANK,options_atm,21,1.0,14,2.0,7,3.0,one_red,mid,30,none,556,36.0,1.33,59.8,1.32,6.76,1.51,58.55,167,32.9,1.02,1.24,0.07,10.44,,,,,
sterling_kite_engine,NIFTY BANK,delta1,21,1.0,14,2.0,7,3.0,one_red,mid,48,none,556,39.7,1.13,48.71,0.66,15.84,1.25,60.15,167,38.9,0.92,-11.44,-0.39,24.24,,,,,
sterling_kite_engine,NIFTY BANK,options_atm,21,1.0,14,2.0,7,3.0,one_red,mid,48,none,556,36.0,1.35,63.59,1.35,7.37,1.55,62.66,167,32.9,1.01,0.93,0.05,11.62,,,,,
sterling_kite_engine,NIFTY BANK,delta1,21,1.0,14,2.0,7,3.0,one_red,mid,none,15,514,37.7,1.06,21.15,0.31,20.12,1.18,41.41,155,36.1,0.85,-20.26,-0.72,27.91,,,,,
sterling_kite_engine,NIFTY BANK,options_atm,21,1.0,14,2.0,7,3.0,one_red,mid,none,15,514,34.8,1.27,47.44,1.07,9.34,1.47,51.74,155,31.6,0.93,-4.3,-0.26,11.42,,,,,
sterling_kite_engine,NIFTY BANK,delta1,21,1.0,14,2.0,7,3.0,one_red,mid,18,15,516,40.1,0.99,-3.44,-0.06,26.77,1.06,12.56,155,38.7,0.88,-16.01,-0.6,29.81,,,,,
sterling_kite_engine,NIFTY BANK,options_atm,21,1.0,14,2.0,7,3.0,one_red,mid,18,15,516,36.6,1.16,27.79,0.79,10.58,1.27,28.3,155,33.5,0.99,-0.51,-0.03,13.42,,,,,
sterling_kite_engine,NIFTY BANK,delta1,21,1.0,14,2.0,7,3.0,one_red,mid,30,15,514,37.7,1.05,18.18,0.27,21.57,1.15,35.35,155,36.1,0.87,-17.17,-0.6,25.38,,,,,
sterling_kite_engine,NIFTY BANK,options_atm,21,1.0,14,2.0,7,3.0,one_red,mid,30,15,514,34.8,1.26,45.16,1.06,9.87,1.42,46.13,155,31.6,0.99,-0.98,-0.06,10.36,,,,,
sterling_kite_engine,NIFTY BANK,delta1,21,1.0,14,2.0,7,3.0,one_red,mid,48,15,514,37.7,1.05,18.62,0.27,20.71,1.17,39.32,155,36.1,0.85,-20.71,-0.73,28.32,,,,,
sterling_kite_engine,NIFTY BANK,options_atm,21,1.0,14,2.0,7,3.0,one_red,mid,48,15,514,34.8,1.26,45.39,1.03,9.54,1.45,49.85,155,31.6,0.93,-4.45,-0.27,11.42,,,,,
sterling_kite_engine,NIFTY BANK,delta1,21,1.0,14,2.0,7,3.0,one_red,mid,none,20,347,36.9,1.12,29.86,0.62,17.56,1.3,45.7,107,36.4,0.83,-15.84,-0.71,24.85,,,,,
sterling_kite_engine,NIFTY BANK,options_atm,21,1.0,14,2.0,7,3.0,one_red,mid,none,20,347,34.0,1.37,43.79,1.36,8.99,1.68,49.62,107,32.7,0.87,-5.82,-0.45,13.14,,,,,
sterling_kite_engine,NIFTY BANK,delta1,21,1.0,14,2.0,7,3.0,one_red,mid,18,20,348,39.7,1.1,24.69,0.58,15.5,1.22,32.64,107,39.3,0.91,-7.95,-0.37,19.97,,,,,
sterling_kite_engine,NIFTY BANK,options_atm,21,1.0,14,2.0,7,3.0,one_red,mid,18,20,348,35.9,1.32,36.57,1.43,6.93,1.52,36.4,107,34.6,1.0,0.17,0.01,9.23,,,,,
sterling_kite_engine,NIFTY BANK,delta1,21,1.0,14,2.0,7,3.0,one_red,mid,30,20,347,36.9,1.11,27.17,0.58,18.54,1.28,42.16,107,36.4,0.84,-14.98,-0.67,25.5,,,,,
sterling_kite_engine,NIFTY BANK,options_atm,21,1.0,14,2.0,7,3.0,one_red,mid,30,20,347,34.0,1.35,41.6,1.36,9.35,1.63,46.07,107,32.7,0.9,-4.47,-0.34,13.29,,,,,
sterling_kite_engine,NIFTY BANK,delta1,21,1.0,14,2.0,7,3.0,one_red,mid,48,20,347,36.9,1.12,29.74,0.62,17.81,1.31,46.02,107,36.4,0.82,-16.28,-0.73,25.25,,,,,
sterling_kite_engine,NIFTY BANK,options_atm,21,1.0,14,2.0,7,3.0,one_red,mid,48,20,347,34.0,1.37,43.94,1.36,9.08,1.68,49.92,107,32.7,0.87,-5.98,-0.46,13.29,,,,,
sterling_kite_engine,NIFTY BANK,delta1,21,1.0,14,2.0,7,3.0,one_red,mid,none,25,190,35.8,1.0,-0.14,-0.0,21.57,1.07,6.64,56,41.1,0.86,-6.78,-0.47,12.15,,,,,
sterling_kite_engine,NIFTY BANK,options_atm,21,1.0,14,2.0,7,3.0,one_red,mid,none,25,190,32.1,1.24,16.21,0.79,9.1,1.44,20.27,56,33.9,0.82,-4.05,-0.57,6.56,,,,,
sterling_kite_engine,NIFTY BANK,delta1,21,1.0,14,2.0,7,3.0,one_red,mid,18,25,190,37.4,1.02,2.65,0.09,15.54,1.03,2.54,56,42.9,1.0,0.1,0.01,9.28,,,,,
sterling_kite_engine,NIFTY BANK,options_atm,21,1.0,14,2.0,7,3.0,one_red,mid,18,25,190,33.2,1.27,17.99,1.0,5.64,1.36,16.19,56,37.5,1.08,1.8,0.22,4.4,,,,,
sterling_kite_engine,NIFTY BANK,delta1,21,1.0,14,2.0,7,3.0,one_red,mid,30,25,190,35.8,0.99,-0.99,-0.03,19.74,1.08,7.45,56,41.1,0.82,-8.44,-0.6,11.74,,,,,
sterling_kite_engine,NIFTY BANK,options_atm,21,1.0,14,2.0,7,3.0,one_red,mid,30,25,190,32.1,1.24,16.51,0.81,8.39,1.46,21.25,56,33.9,0.79,-4.74,-0.68,6.92,,,,,
sterling_kite_engine,NIFTY BANK,delta1,21,1.0,14,2.0,7,3.0,one_red,mid,48,25,190,35.8,1.0,-0.0,-0.0,21.46,1.07,7.22,56,41.1,0.85,-7.23,-0.51,12.15,,,,,
sterling_kite_engine,NIFTY BANK,options_atm,21,1.0,14,2.0,7,3.0,one_red,mid,48,25,190,32.1,1.24,16.61,0.81,9.06,1.45,20.82,56,33.9,0.81,-4.21,-0.6,6.56,,,,,
sterling_kite_engine,NIFTY BANK,delta1,21,1.0,14,2.0,7,3.0,two_red,fast,none,none,561,40.6,1.14,43.08,0.72,13.56,1.17,33.99,168,41.1,1.08,9.09,0.34,17.56,,,,,
sterling_kite_engine,NIFTY BANK,options_atm,21,1.0,14,2.0,7,3.0,two_red,fast,none,none,561,39.0,1.36,53.35,1.47,6.63,1.42,39.65,168,39.3,1.26,13.7,0.84,8.91,,,,,
sterling_kite_engine,NIFTY BANK,delta1,21,1.0,14,2.0,7,3.0,two_red,fast,18,none,561,40.8,1.07,23.02,0.41,17.5,1.1,19.54,168,41.1,1.03,3.48,0.14,20.52,,,,,
sterling_kite_engine,NIFTY BANK,options_atm,21,1.0,14,2.0,7,3.0,two_red,fast,18,none,561,38.7,1.26,38.76,1.2,7.28,1.32,29.78,168,38.1,1.17,8.99,0.65,9.28,,,,,
sterling_kite_engine,NIFTY BANK,delta1,21,1.0,14,2.0,7,3.0,two_red,fast,30,none,561,40.6,1.12,38.6,0.65,13.94,1.16,32.27,168,41.1,1.06,6.33,0.24,17.93,,,,,
sterling_kite_engine,NIFTY BANK,options_atm,21,1.0,14,2.0,7,3.0,two_red,fast,30,none,561,39.0,1.34,50.22,1.41,6.77,1.41,38.34,168,39.3,1.22,11.88,0.74,9.04,,,,,
sterling_kite_engine,NIFTY BANK,delta1,21,1.0,14,2.0,7,3.0,two_red,fast,48,none,561,40.6,1.14,43.08,0.72,13.56,1.17,33.99,168,41.1,1.08,9.09,0.34,17.56,,,,,
sterling_kite_engine,NIFTY BANK,options_atm,21,1.0,14,2.0,7,3.0,two_red,fast,48,none,561,39.0,1.36,53.35,1.47,6.63,1.42,39.65,168,39.3,1.26,13.7,0.84,8.91,,,,,
sterling_kite_engine,NIFTY BANK,delta1,21,1.0,14,2.0,7,3.0,two_red,fast,none,15,519,39.3,1.06,18.69,0.34,18.11,1.08,15.99,156,39.7,1.03,2.7,0.1,20.74,,,,,
sterling_kite_engine,NIFTY BANK,options_atm,21,1.0,14,2.0,7,3.0,two_red,fast,none,15,519,38.0,1.27,38.45,1.15,7.63,1.32,28.31,156,38.5,1.2,10.14,0.64,9.68,,,,,
sterling_kite_engine,NIFTY BANK,delta1,21,1.0,14,2.0,7,3.0,two_red,fast,18,15,519,39.5,1.01,3.25,0.06,22.58,1.02,4.13,156,39.7,0.99,-0.87,-0.04,23.41,,,,,
sterling_kite_engine,NIFTY BANK,options_atm,21,1.0,14,2.0,7,3.0,two_red,fast,18,15,519,37.6,1.19,27.24,0.9,8.41,1.23,20.35,156,37.2,1.13,6.89,0.51,10.02,,,,,
sterling_kite_engine,NIFTY BANK,delta1,21,1.0,14,2.0,7,3.0,two_red,fast,30,15,519,39.3,1.06,16.55,0.3,18.36,1.08,14.28,156,39.7,1.02,2.27,0.09,20.74,,,,,
sterling_kite_engine,NIFTY BANK,options_atm,21,1.0,14,2.0,7,3.0,two_red,fast,30,15,519,38.0,1.26,36.98,1.12,7.71,1.3,27.0,156,38.5,1.19,9.98,0.63,9.68,,,,,
sterling_kite_engine,NIFTY BANK,delta1,21,1.0,14,2.0,7,3.0,two_red,fast,48,15,519,39.3,1.06,18.69,0.34,18.11,1.08,15.99,156,39.7,1.03,2.7,0.1,20.74,,,,,
sterling_kite_engine,NIFTY BANK,options_atm,21,1.0,14,2.0,7,3.0,two_red,fast,48,15,519,38.0,1.27,38.45,1.15,7.63,1.32,28.31,156,38.5,1.2,10.14,0.64,9.68,,,,,
sterling_kite_engine,NIFTY BANK,delta1,21,1.0,14,2.0,7,3.0,two_red,fast,none,20,348,37.6,1.07,13.32,0.35,17.44,1.14,17.5,107,38.3,0.94,-4.18,-0.2,20.07,,,,,
sterling_kite_engine,NIFTY BANK,options_atm,21,1.0,14,2.0,7,3.0,two_red,fast,none,20,348,36.8,1.28,27.07,1.17,8.12,1.41,24.56,107,38.3,1.07,2.52,0.2,9.9,,,,,
sterling_kite_engine,NIFTY BANK,delta1,21,1.0,14,2.0,7,3.0,two_red,fast,18,20,348,37.9,1.04,7.73,0.22,16.43,1.09,11.5,107,38.3,0.95,-3.77,-0.2,18.07,,,,,
sterling_kite_engine,NIFTY BANK,options_atm,21,1.0,14,2.0,7,3.0,two_red,fast,18,20,348,36.2,1.23,22.12,1.06,6.99,1.34,20.18,107,36.4,1.05,1.94,0.19,8.28,,,,,
sterling_kite_engine,NIFTY BANK,delta1,21,1.0,14,2.0,7,3.0,two_red,fast,30,20,348,37.6,1.07,13.66,0.36,17.4,1.14,18.02,107,38.3,0.94,-4.35,-0.21,20.1,,,,,
sterling_kite_engine,NIFTY BANK,options_atm,21,1.0,14,2.0,7,3.0,two_red,fast,30,20,348,36.8,1.29,27.35,1.18,8.1,1.42,24.94,107,38.3,1.07,2.41,0.19,9.91,,,,,
sterling_kite_engine,NIFTY BANK,delta1,21,1.0,14,2.0,7,3.0,two_red,fast,48,20,348,37.6,1.07,13.32,0.35,17.44,1.14,17.5,107,38.3,0.94,-4.18,-0.2,20.07,,,,,
sterling_kite_engine,NIFTY BANK,options_atm,21,1.0,14,2.0,7,3.0,two_red,fast,48,20,348,36.8,1.28,27.07,1.17,8.12,1.41,24.56,107,38.3,1.07,2.52,0.2,9.9,,,,,
sterling_kite_engine,NIFTY BANK,delta1,21,1.0,14,2.0,7,3.0,two_red,fast,none,25,190,36.3,0.98,-1.97,-0.08,15.48,0.94,-5.26,56,41.1,1.09,3.29,0.25,10.3,,,,,
sterling_kite_engine,NIFTY BANK,options_atm,21,1.0,14,2.0,7,3.0,two_red,fast,none,25,190,35.3,1.17,9.43,0.69,5.24,1.2,7.39,56,41.1,1.12,2.03,0.3,5.24,,,,,
sterling_kite_engine,NIFTY BANK,delta1,21,1.0,14,2.0,7,3.0,two_red,fast,18,25,190,36.8,1.03,3.84,0.16,16.92,0.94,-4.56,56,41.1,1.24,8.4,0.57,10.15,,,,,
sterling_kite_engine,NIFTY BANK,options_atm,21,1.0,14,2.0,7,3.0,two_red,fast,18,25,190,34.7,1.26,14.23,0.97,5.45,1.22,8.37,56,39.3,1.34,5.85,0.73,5.2,,,,,
sterling_kite_engine,NIFTY BANK,delta1,21,1.0,14,2.0,7,3.0,two_red,fast,30,25,190,36.3,0.99,-1.31,-0.06,14.87,0.94,-4.61,56,41.1,1.09,3.29,0.25,10.3,,,,,
sterling_kite_engine,NIFTY BANK,options_atm,21,1.0,14,2.0,7,3.0,two_red,fast,30,25,190,35.3,1.18,9.99,0.72,5.21,1.21,7.96,56,41.1,1.12,2.03,0.3,5.24,,,,,
sterling_kite_engine,NIFTY BANK,delta1,21,1.0,14,2.0,7,3.0,two_red,fast,48,25,190,36.3,0.98,-1.97,-0.08,15.48,0.94,-5.26,56,41.1,1.09,3.29,0.25,10.3,,,,,
sterling_kite_engine,NIFTY BANK,options_atm,21,1.0,14,2.0,7,3.0,two_red,fast,48,25,190,35.3,1.17,9.43,0.69,5.24,1.2,7.39,56,41.1,1.12,2.03,0.3,5.24,,,,,
sterling_kite_engine,NIFTY BANK,delta1,21,1.0,14,2.0,7,3.0,two_red,mid,none,none,448,38.8,1.08,27.97,0.4,26.04,1.22,50.04,140,37.1,0.84,-22.07,-0.7,37.84,,,,,
sterling_kite_engine,NIFTY BANK,options_atm,21,1.0,14,2.0,7,3.0,two_red,mid,none,none,448,32.8,1.29,51.74,1.11,14.34,1.53,57.96,140,27.1,0.91,-6.22,-0.33,20.51,,,,,
sterling_kite_engine,NIFTY BANK,delta1,21,1.0,14,2.0,7,3.0,two_red,mid,18,none,502,43.2,0.97,-10.18,-0.17,34.95,1.07,15.63,153,39.9,0.82,-25.81,-0.95,39.8,,,,,
sterling_kite_engine,NIFTY BANK,options_atm,21,1.0,14,2.0,7,3.0,two_red,mid,18,none,502,38.0,1.13,23.31,0.65,14.81,1.28,30.71,153,33.3,0.89,-7.4,-0.5,19.06,,,,,
sterling_kite_engine,NIFTY BANK,delta1,21,1.0,14,2.0,7,3.0,two_red,mid,30,none,468,40.0,1.11,42.59,0.57,21.2,1.29,67.88,147,38.8,0.83,-25.3,-0.8,34.55,,,,,
sterling_kite_engine,NIFTY BANK,options_atm,21,1.0,14,2.0,7,3.0,two_red,mid,30,none,468,35.0,1.38,69.32,1.41,8.89,1.66,74.39,147,29.9,0.93,-5.06,-0.27,15.28,,,,,
sterling_kite_engine,NIFTY BANK,delta1,21,1.0,14,2.0,7,3.0,two_red,mid,48,none,454,39.2,1.07,26.81,0.38,24.7,1.24,54.14,142,38.0,0.81,-27.33,-0.91,36.49,,,,,
sterling_kite_engine,NIFTY BANK,options_atm,21,1.0,14,2.0,7,3.0,two_red,mid,48,none,454,33.3,1.29,51.41,1.11,13.0,1.55,60.9,142,28.2,0.86,-9.49,-0.54,18.19,,,,,
sterling_kite_engine,NIFTY BANK,delta1,21,1.0,14,2.0,7,3.0,two_red,mid,none,15,418,37.1,1.01,4.95,0.08,28.67,1.14,31.46,132,35.6,0.8,-26.51,-0.9,36.84,,,,,
sterling_kite_engine,NIFTY BANK,options_atm,21,1.0,14,2.0,7,3.0,two_red,mid,none,15,418,31.6,1.22,37.75,0.87,13.08,1.46,48.52,132,27.3,0.84,-10.77,-0.64,19.12,,,,,
sterling_kite_engine,NIFTY BANK,delta1,21,1.0,14,2.0,7,3.0,two_red,mid,18,15,467,41.3,0.91,-31.41,-0.54,42.22,0.98,-4.88,142,37.3,0.81,-26.53,-0.99,40.39,,,,,
sterling_kite_engine,NIFTY BANK,options_atm,21,1.0,14,2.0,7,3.0,two_red,mid,18,15,467,36.8,1.07,11.71,0.35,16.08,1.18,19.19,142,33.1,0.89,-7.48,-0.51,18.96,,,,,
sterling_kite_engine,NIFTY BANK,delta1,21,1.0,14,2.0,7,3.0,two_red,mid,30,15,435,37.9,1.05,19.78,0.28,23.7,1.2,46.3,136,36.0,0.82,-26.51,-0.85,33.91,,,,,
sterling_kite_engine,NIFTY BANK,options_atm,21,1.0,14,2.0,7,3.0,two_red,mid,30,15,435,33.6,1.32,57.33,1.22,8.64,1.57,62.5,136,30.1,0.93,-5.17,-0.28,13.84,,,,,
sterling_kite_engine,NIFTY BANK,delta1,21,1.0,14,2.0,7,3.0,two_red,mid,48,15,423,37.4,1.02,7.55,0.11,27.24,1.16,34.88,133,36.1,0.8,-27.33,-0.93,35.47,,,,,
sterling_kite_engine,NIFTY BANK,options_atm,21,1.0,14,2.0,7,3.0,two_red,mid,48,15,423,32.2,1.23,40.95,0.94,12.77,1.48,50.95,133,28.6,0.85,-9.99,-0.59,16.78,,,,,
sterling_kite_engine,NIFTY BANK,delta1,21,1.0,14,2.0,7,3.0,two_red,mid,none,20,293,39.2,1.11,27.56,0.58,18.38,1.3,44.85,93,39.8,0.81,-17.3,-0.73,25.78,,,,,
sterling_kite_engine,NIFTY BANK,options_atm,21,1.0,14,2.0,7,3.0,two_red,mid,none,20,293,33.4,1.35,42.04,1.31,10.2,1.7,50.97,93,29.0,0.8,-8.94,-0.68,15.06,,,,,
sterling_kite_engine,NIFTY BANK,delta1,21,1.0,14,2.0,7,3.0,two_red,mid,18,20,327,42.2,1.01,2.94,0.07,22.14,1.14,22.27,100,39.0,0.79,-19.33,-0.91,26.62,,,,,
sterling_kite_engine,NIFTY BANK,options_atm,21,1.0,14,2.0,7,3.0,two_red,mid,18,20,327,37.0,1.21,25.92,1.0,9.38,1.43,32.75,100,33.0,0.85,-6.83,-0.61,12.27,,,,,
sterling_kite_engine,NIFTY BANK,delta1,21,1.0,14,2.0,7,3.0,two_red,mid,30,20,304,40.1,1.16,39.05,0.78,15.48,1.36,55.96,95,40.0,0.82,-16.9,-0.7,23.46,,,,,
sterling_kite_engine,NIFTY BANK,options_atm,21,1.0,14,2.0,7,3.0,two_red,mid,30,20,304,35.5,1.47,55.84,1.61,8.47,1.83,61.35,95,32.6,0.88,-5.51,-0.39,13.24,,,,,
sterling_kite_engine,NIFTY BANK,delta1,21,1.0,14,2.0,7,3.0,two_red,mid,48,20,297,39.4,1.12,29.67,0.61,16.47,1.3,45.73,94,40.4,0.83,-16.06,-0.67,23.34,,,,,
sterling_kite_engine,NIFTY BANK,options_atm,21,1.0,14,2.0,7,3.0,two_red,mid,48,20,297,34.0,1.39,46.86,1.41,9.47,1.72,53.52,94,30.9,0.85,-6.66,-0.48,14.14,,,,,
sterling_kite_engine,NIFTY BANK,delta1,21,1.0,14,2.0,7,3.0,two_red,mid,none,25,168,33.9,0.87,-20.53,-0.6,32.02,1.0,-0.42,53,39.6,0.63,-20.11,-1.37,22.28,,,,,
sterling_kite_engine,NIFTY BANK,options_atm,21,1.0,14,2.0,7,3.0,two_red,mid,none,25,168,29.8,1.09,6.93,0.29,14.48,1.39,19.44,53,32.1,0.54,-12.52,-1.83,13.56,,,,,
sterling_kite_engine,NIFTY BANK,delta1,21,1.0,14,2.0,7,3.0,two_red,mid,18,25,180,37.2,0.86,-22.23,-0.75,24.34,0.93,-7.6,53,39.6,0.72,-14.63,-0.96,17.19,,,,,
sterling_kite_engine,NIFTY BANK,options_atm,21,1.0,14,2.0,7,3.0,two_red,mid,18,25,180,32.8,1.07,5.22,0.28,7.13,1.23,11.35,53,35.8,0.76,-6.13,-0.78,7.54,,,,,
sterling_kite_engine,NIFTY BANK,delta1,21,1.0,14,2.0,7,3.0,two_red,mid,30,25,175,34.9,0.87,-20.72,-0.59,33.6,1.0,-0.21,53,39.6,0.63,-20.51,-1.42,22.68,,,,,
sterling_kite_engine,NIFTY BANK,options_atm,21,1.0,14,2.0,7,3.0,two_red,mid,30,25,175,30.9,1.14,10.39,0.41,14.11,1.43,21.78,53,34.0,0.57,-11.38,-1.66,12.44,,,,,
sterling_kite_engine,NIFTY BANK,delta1,21,1.0,14,2.0,7,3.0,two_red,mid,48,25,171,33.9,0.88,-19.11,-0.55,32.13,0.99,-0.88,53,39.6,0.67,-18.23,-1.23,21.07,,,,,
sterling_kite_engine,NIFTY BANK,options_atm,21,1.0,14,2.0,7,3.0,two_red,mid,48,25,171,30.4,1.13,10.27,0.43,13.55,1.41,20.94,53,34.0,0.6,-10.67,-1.54,11.73,,,,,
sterling_kite_engine,NIFTY BANK,delta1,21,1.0,14,2.0,7,3.0,three_red,fast,none,none,561,40.6,1.14,43.08,0.72,13.56,1.17,33.99,168,41.1,1.08,9.09,0.34,17.56,,,,,
sterling_kite_engine,NIFTY BANK,options_atm,21,1.0,14,2.0,7,3.0,three_red,fast,none,none,561,39.0,1.36,53.35,1.47,6.63,1.42,39.65,168,39.3,1.26,13.7,0.84,8.91,,,,,
sterling_kite_engine,NIFTY BANK,delta1,21,1.0,14,2.0,7,3.0,three_red,fast,18,none,561,40.8,1.07,23.02,0.41,17.5,1.1,19.54,168,41.1,1.03,3.48,0.14,20.52,,,,,
sterling_kite_engine,NIFTY BANK,options_atm,21,1.0,14,2.0,7,3.0,three_red,fast,18,none,561,38.7,1.26,38.76,1.2,7.28,1.32,29.78,168,38.1,1.17,8.99,0.65,9.28,,,,,
sterling_kite_engine,NIFTY BANK,delta1,21,1.0,14,2.0,7,3.0,three_red,fast,30,none,561,40.6,1.12,38.6,0.65,13.94,1.16,32.27,168,41.1,1.06,6.33,0.24,17.93,,,,,
sterling_kite_engine,NIFTY BANK,options_atm,21,1.0,14,2.0,7,3.0,three_red,fast,30,none,561,39.0,1.34,50.22,1.41,6.77,1.41,38.34,168,39.3,1.22,11.88,0.74,9.04,,,,,
sterling_kite_engine,NIFTY BANK,delta1,21,1.0,14,2.0,7,3.0,three_red,fast,48,none,561,40.6,1.14,43.08,0.72,13.56,1.17,33.99,168,41.1,1.08,9.09,0.34,17.56,,,,,
sterling_kite_engine,NIFTY BANK,options_atm,21,1.0,14,2.0,7,3.0,three_red,fast,48,none,561,39.0,1.36,53.35,1.47,6.63,1.42,39.65,168,39.3,1.26,13.7,0.84,8.91,,,,,
sterling_kite_engine,NIFTY BANK,delta1,21,1.0,14,2.0,7,3.0,three_red,fast,none,15,519,39.3,1.06,18.69,0.34,18.11,1.08,15.99,156,39.7,1.03,2.7,0.1,20.74,,,,,
sterling_kite_engine,NIFTY BANK,options_atm,21,1.0,14,2.0,7,3.0,three_red,fast,none,15,519,38.0,1.27,38.45,1.15,7.63,1.32,28.31,156,38.5,1.2,10.14,0.64,9.68,,,,,
sterling_kite_engine,NIFTY BANK,delta1,21,1.0,14,2.0,7,3.0,three_red,fast,18,15,519,39.5,1.01,3.25,0.06,22.58,1.02,4.13,156,39.7,0.99,-0.87,-0.04,23.41,,,,,
sterling_kite_engine,NIFTY BANK,options_atm,21,1.0,14,2.0,7,3.0,three_red,fast,18,15,519,37.6,1.19,27.24,0.9,8.41,1.23,20.35,156,37.2,1.13,6.89,0.51,10.02,,,,,
sterling_kite_engine,NIFTY BANK,delta1,21,1.0,14,2.0,7,3.0,three_red,fast,30,15,519,39.3,1.06,16.55,0.3,18.36,1.08,14.28,156,39.7,1.02,2.27,0.09,20.74,,,,,
sterling_kite_engine,NIFTY BANK,options_atm,21,1.0,14,2.0,7,3.0,three_red,fast,30,15,519,38.0,1.26,36.98,1.12,7.71,1.3,27.0,156,38.5,1.19,9.98,0.63,9.68,,,,,
sterling_kite_engine,NIFTY BANK,delta1,21,1.0,14,2.0,7,3.0,three_red,fast,48,15,519,39.3,1.06,18.69,0.34,18.11,1.08,15.99,156,39.7,1.03,2.7,0.1,20.74,,,,,
sterling_kite_engine,NIFTY BANK,options_atm,21,1.0,14,2.0,7,3.0,three_red,fast,48,15,519,38.0,1.27,38.45,1.15,7.63,1.32,28.31,156,38.5,1.2,10.14,0.64,9.68,,,,,
sterling_kite_engine,NIFTY BANK,delta1,21,1.0,14,2.0,7,3.0,three_red,fast,none,20,348,37.6,1.07,13.32,0.35,17.44,1.14,17.5,107,38.3,0.94,-4.18,-0.2,20.07,,,,,
sterling_kite_engine,NIFTY BANK,options_atm,21,1.0,14,2.0,7,3.0,three_red,fast,none,20,348,36.8,1.28,27.07,1.17,8.12,1.41,24.56,107,38.3,1.07,2.52,0.2,9.9,,,,,
sterling_kite_engine,NIFTY BANK,delta1,21,1.0,14,2.0,7,3.0,three_red,fast,18,20,348,37.9,1.04,7.73,0.22,16.43,1.09,11.5,107,38.3,0.95,-3.77,-0.2,18.07,,,,,
sterling_kite_engine,NIFTY BANK,options_atm,21,1.0,14,2.0,7,3.0,three_red,fast,18,20,348,36.2,1.23,22.12,1.06,6.99,1.34,20.18,107,36.4,1.05,1.94,0.19,8.28,,,,,
sterling_kite_engine,NIFTY BANK,delta1,21,1.0,14,2.0,7,3.0,three_red,fast,30,20,348,37.6,1.07,13.66,0.36,17.4,1.14,18.02,107,38.3,0.94,-4.35,-0.21,20.1,,,,,
sterling_kite_engine,NIFTY BANK,options_atm,21,1.0,14,2.0,7,3.0,three_red,fast,30,20,348,36.8,1.29,27.35,1.18,8.1,1.42,24.94,107,38.3,1.07,2.41,0.19,9.91,,,,,
sterling_kite_engine,NIFTY BANK,delta1,21,1.0,14,2.0,7,3.0,three_red,fast,48,20,348,37.6,1.07,13.32,0.35,17.44,1.14,17.5,107,38.3,0.94,-4.18,-0.2,20.07,,,,,
sterling_kite_engine,NIFTY BANK,options_atm,21,1.0,14,2.0,7,3.0,three_red,fast,48,20,348,36.8,1.28,27.07,1.17,8.12,1.41,24.56,107,38.3,1.07,2.52,0.2,9.9,,,,,
sterling_kite_engine,NIFTY BANK,delta1,21,1.0,14,2.0,7,3.0,three_red,fast,none,25,190,36.3,0.98,-1.97,-0.08,15.48,0.94,-5.26,56,41.1,1.09,3.29,0.25,10.3,,,,,
sterling_kite_engine,NIFTY BANK,options_atm,21,1.0,14,2.0,7,3.0,three_red,fast,none,25,190,35.3,1.17,9.43,0.69,5.24,1.2,7.39,56,41.1,1.12,2.03,0.3,5.24,,,,,
sterling_kite_engine,NIFTY BANK,delta1,21,1.0,14,2.0,7,3.0,three_red,fast,18,25,190,36.8,1.03,3.84,0.16,16.92,0.94,-4.56,56,41.1,1.24,8.4,0.57,10.15,,,,,
sterling_kite_engine,NIFTY BANK,options_atm,21,1.0,14,2.0,7,3.0,three_red,fast,18,25,190,34.7,1.26,14.23,0.97,5.45,1.22,8.37,56,39.3,1.34,5.85,0.73,5.2,,,,,
sterling_kite_engine,NIFTY BANK,delta1,21,1.0,14,2.0,7,3.0,three_red,fast,30,25,190,36.3,0.99,-1.31,-0.06,14.87,0.94,-4.61,56,41.1,1.09,3.29,0.25,10.3,,,,,
sterling_kite_engine,NIFTY BANK,options_atm,21,1.0,14,2.0,7,3.0,three_red,fast,30,25,190,35.3,1.18,9.99,0.72,5.21,1.21,7.96,56,41.1,1.12,2.03,0.3,5.24,,,,,
sterling_kite_engine,NIFTY BANK,delta1,21,1.0,14,2.0,7,3.0,three_red,fast,48,25,190,36.3,0.98,-1.97,-0.08,15.48,0.94,-5.26,56,41.1,1.09,3.29,0.25,10.3,,,,,
sterling_kite_engine,NIFTY BANK,options_atm,21,1.0,14,2.0,7,3.0,three_red,fast,48,25,190,35.3,1.17,9.43,0.69,5.24,1.2,7.39,56,41.1,1.12,2.03,0.3,5.24,,,,,
sterling_kite_engine,NIFTY BANK,delta1,21,1.0,14,2.0,7,3.0,three_red,mid,none,none,448,38.8,1.08,27.97,0.4,26.04,1.22,50.04,140,37.1,0.84,-22.07,-0.7,37.84,,,,,
sterling_kite_engine,NIFTY BANK,options_atm,21,1.0,14,2.0,7,3.0,three_red,mid,none,none,448,32.8,1.29,51.74,1.11,14.34,1.53,57.96,140,27.1,0.91,-6.22,-0.33,20.51,,,,,
sterling_kite_engine,NIFTY BANK,delta1,21,1.0,14,2.0,7,3.0,three_red,mid,18,none,502,43.2,0.97,-10.18,-0.17,34.95,1.07,15.63,153,39.9,0.82,-25.81,-0.95,39.8,,,,,
sterling_kite_engine,NIFTY BANK,options_atm,21,1.0,14,2.0,7,3.0,three_red,mid,18,none,502,38.0,1.13,23.31,0.65,14.81,1.28,30.71,153,33.3,0.89,-7.4,-0.5,19.06,,,,,
sterling_kite_engine,NIFTY BANK,delta1,21,1.0,14,2.0,7,3.0,three_red,mid,30,none,468,40.0,1.11,42.59,0.57,21.2,1.29,67.88,147,38.8,0.83,-25.3,-0.8,34.55,,,,,
sterling_kite_engine,NIFTY BANK,options_atm,21,1.0,14,2.0,7,3.0,three_red,mid,30,none,468,35.0,1.38,69.32,1.41,8.89,1.66,74.39,147,29.9,0.93,-5.06,-0.27,15.28,,,,,
sterling_kite_engine,NIFTY BANK,delta1,21,1.0,14,2.0,7,3.0,three_red,mid,48,none,454,39.2,1.07,26.81,0.38,24.7,1.24,54.14,142,38.0,0.81,-27.33,-0.91,36.49,,,,,
sterling_kite_engine,NIFTY BANK,options_atm,21,1.0,14,2.0,7,3.0,three_red,mid,48,none,454,33.3,1.29,51.41,1.11,13.0,1.55,60.9,142,28.2,0.86,-9.49,-0.54,18.19,,,,,
sterling_kite_engine,NIFTY BANK,delta1,21,1.0,14,2.0,7,3.0,three_red,mid,none,15,418,37.1,1.01,4.95,0.08,28.67,1.14,31.46,132,35.6,0.8,-26.51,-0.9,36.84,,,,,
sterling_kite_engine,NIFTY BANK,options_atm,21,1.0,14,2.0,7,3.0,three_red,mid,none,15,418,31.6,1.22,37.75,0.87,13.08,1.46,48.52,132,27.3,0.84,-10.77,-0.64,19.12,,,,,
sterling_kite_engine,NIFTY BANK,delta1,21,1.0,14,2.0,7,3.0,three_red,mid,18,15,467,41.3,0.91,-31.41,-0.54,42.22,0.98,-4.88,142,37.3,0.81,-26.53,-0.99,40.39,,,,,
sterling_kite_engine,NIFTY BANK,options_atm,21,1.0,14,2.0,7,3.0,three_red,mid,18,15,467,36.8,1.07,11.71,0.35,16.08,1.18,19.19,142,33.1,0.89,-7.48,-0.51,18.96,,,,,
sterling_kite_engine,NIFTY BANK,delta1,21,1.0,14,2.0,7,3.0,three_red,mid,30,15,435,37.9,1.05,19.78,0.28,23.7,1.2,46.3,136,36.0,0.82,-26.51,-0.85,33.91,,,,,
sterling_kite_engine,NIFTY BANK,options_atm,21,1.0,14,2.0,7,3.0,three_red,mid,30,15,435,33.6,1.32,57.33,1.22,8.64,1.57,62.5,136,30.1,0.93,-5.17,-0.28,13.84,,,,,
sterling_kite_engine,NIFTY BANK,delta1,21,1.0,14,2.0,7,3.0,three_red,mid,48,15,423,37.4,1.02,7.55,0.11,27.24,1.16,34.88,133,36.1,0.8,-27.33,-0.93,35.47,,,,,
sterling_kite_engine,NIFTY BANK,options_atm,21,1.0,14,2.0,7,3.0,three_red,mid,48,15,423,32.2,1.23,40.95,0.94,12.77,1.48,50.95,133,28.6,0.85,-9.99,-0.59,16.78,,,,,
sterling_kite_engine,NIFTY BANK,delta1,21,1.0,14,2.0,7,3.0,three_red,mid,none,20,293,39.2,1.11,27.56,0.58,18.38,1.3,44.85,93,39.8,0.81,-17.3,-0.73,25.78,,,,,
sterling_kite_engine,NIFTY BANK,options_atm,21,1.0,14,2.0,7,3.0,three_red,mid,none,20,293,33.4,1.35,42.04,1.31,10.2,1.7,50.97,93,29.0,0.8,-8.94,-0.68,15.06,,,,,
sterling_kite_engine,NIFTY BANK,delta1,21,1.0,14,2.0,7,3.0,three_red,mid,18,20,327,42.2,1.01,2.94,0.07,22.14,1.14,22.27,100,39.0,0.79,-19.33,-0.91,26.62,,,,,
sterling_kite_engine,NIFTY BANK,options_atm,21,1.0,14,2.0,7,3.0,three_red,mid,18,20,327,37.0,1.21,25.92,1.0,9.38,1.43,32.75,100,33.0,0.85,-6.83,-0.61,12.27,,,,,
sterling_kite_engine,NIFTY BANK,delta1,21,1.0,14,2.0,7,3.0,three_red,mid,30,20,304,40.1,1.16,39.05,0.78,15.48,1.36,55.96,95,40.0,0.82,-16.9,-0.7,23.46,,,,,
sterling_kite_engine,NIFTY BANK,options_atm,21,1.0,14,2.0,7,3.0,three_red,mid,30,20,304,35.5,1.47,55.84,1.61,8.47,1.83,61.35,95,32.6,0.88,-5.51,-0.39,13.24,,,,,
sterling_kite_engine,NIFTY BANK,delta1,21,1.0,14,2.0,7,3.0,three_red,mid,48,20,297,39.4,1.12,29.67,0.61,16.47,1.3,45.73,94,40.4,0.83,-16.06,-0.67,23.34,,,,,
sterling_kite_engine,NIFTY BANK,options_atm,21,1.0,14,2.0,7,3.0,three_red,mid,48,20,297,34.0,1.39,46.86,1.41,9.47,1.72,53.52,94,30.9,0.85,-6.66,-0.48,14.14,,,,,
sterling_kite_engine,NIFTY BANK,delta1,21,1.0,14,2.0,7,3.0,three_red,mid,none,25,168,33.9,0.87,-20.53,-0.6,32.02,1.0,-0.42,53,39.6,0.63,-20.11,-1.37,22.28,,,,,
sterling_kite_engine,NIFTY BANK,options_atm,21,1.0,14,2.0,7,3.0,three_red,mid,none,25,168,29.8,1.09,6.93,0.29,14.48,1.39,19.44,53,32.1,0.54,-12.52,-1.83,13.56,,,,,
sterling_kite_engine,NIFTY BANK,delta1,21,1.0,14,2.0,7,3.0,three_red,mid,18,25,180,37.2,0.86,-22.23,-0.75,24.34,0.93,-7.6,53,39.6,0.72,-14.63,-0.96,17.19,,,,,
sterling_kite_engine,NIFTY BANK,options_atm,21,1.0,14,2.0,7,3.0,three_red,mid,18,25,180,32.8,1.07,5.22,0.28,7.13,1.23,11.35,53,35.8,0.76,-6.13,-0.78,7.54,,,,,
sterling_kite_engine,NIFTY BANK,delta1,21,1.0,14,2.0,7,3.0,three_red,mid,30,25,175,34.9,0.87,-20.72,-0.59,33.6,1.0,-0.21,53,39.6,0.63,-20.51,-1.42,22.68,,,,,
sterling_kite_engine,NIFTY BANK,options_atm,21,1.0,14,2.0,7,3.0,three_red,mid,30,25,175,30.9,1.14,10.39,0.41,14.11,1.43,21.78,53,34.0,0.57,-11.38,-1.66,12.44,,,,,
sterling_kite_engine,NIFTY BANK,delta1,21,1.0,14,2.0,7,3.0,three_red,mid,48,25,171,33.9,0.88,-19.11,-0.55,32.13,0.99,-0.88,53,39.6,0.67,-18.23,-1.23,21.07,,,,,
sterling_kite_engine,NIFTY BANK,options_atm,21,1.0,14,2.0,7,3.0,three_red,mid,48,25,171,30.4,1.13,10.27,0.43,13.55,1.41,20.94,53,34.0,0.6,-10.67,-1.54,11.73,,,,,
sterling_kite_engine,NIFTY BANK,delta1,21,1.0,14,2.0,7,3.0,three_red_signal,fast,none,none,561,40.6,1.14,43.08,0.72,13.56,1.17,33.99,168,41.1,1.08,9.09,0.34,17.56,,,,,
sterling_kite_engine,NIFTY BANK,options_atm,21,1.0,14,2.0,7,3.0,three_red_signal,fast,none,none,561,39.0,1.36,53.35,1.47,6.63,1.42,39.65,168,39.3,1.26,13.7,0.84,8.91,,,,,
sterling_kite_engine,NIFTY BANK,delta1,21,1.0,14,2.0,7,3.0,three_red_signal,fast,18,none,561,40.8,1.07,23.02,0.41,17.5,1.1,19.54,168,41.1,1.03,3.48,0.14,20.52,,,,,
sterling_kite_engine,NIFTY BANK,options_atm,21,1.0,14,2.0,7,3.0,three_red_signal,fast,18,none,561,38.7,1.26,38.76,1.2,7.28,1.32,29.78,168,38.1,1.17,8.99,0.65,9.28,,,,,
sterling_kite_engine,NIFTY BANK,delta1,21,1.0,14,2.0,7,3.0,three_red_signal,fast,30,none,561,40.6,1.12,38.6,0.65,13.94,1.16,32.27,168,41.1,1.06,6.33,0.24,17.93,,,,,
sterling_kite_engine,NIFTY BANK,options_atm,21,1.0,14,2.0,7,3.0,three_red_signal,fast,30,none,561,39.0,1.34,50.22,1.41,6.77,1.41,38.34,168,39.3,1.22,11.88,0.74,9.04,,,,,
sterling_kite_engine,NIFTY BANK,delta1,21,1.0,14,2.0,7,3.0,three_red_signal,fast,48,none,561,40.6,1.14,43.08,0.72,13.56,1.17,33.99,168,41.1,1.08,9.09,0.34,17.56,,,,,
sterling_kite_engine,NIFTY BANK,options_atm,21,1.0,14,2.0,7,3.0,three_red_signal,fast,48,none,561,39.0,1.36,53.35,1.47,6.63,1.42,39.65,168,39.3,1.26,13.7,0.84,8.91,,,,,
sterling_kite_engine,NIFTY BANK,delta1,21,1.0,14,2.0,7,3.0,three_red_signal,fast,none,15,519,39.3,1.06,18.69,0.34,18.11,1.08,15.99,156,39.7,1.03,2.7,0.1,20.74,,,,,
sterling_kite_engine,NIFTY BANK,options_atm,21,1.0,14,2.0,7,3.0,three_red_signal,fast,none,15,519,38.0,1.27,38.45,1.15,7.63,1.32,28.31,156,38.5,1.2,10.14,0.64,9.68,,,,,
sterling_kite_engine,NIFTY BANK,delta1,21,1.0,14,2.0,7,3.0,three_red_signal,fast,18,15,519,39.5,1.01,3.25,0.06,22.58,1.02,4.13,156,39.7,0.99,-0.87,-0.04,23.41,,,,,
sterling_kite_engine,NIFTY BANK,options_atm,21,1.0,14,2.0,7,3.0,three_red_signal,fast,18,15,519,37.6,1.19,27.24,0.9,8.41,1.23,20.35,156,37.2,1.13,6.89,0.51,10.02,,,,,
sterling_kite_engine,NIFTY BANK,delta1,21,1.0,14,2.0,7,3.0,three_red_signal,fast,30,15,519,39.3,1.06,16.55,0.3,18.36,1.08,14.28,156,39.7,1.02,2.27,0.09,20.74,,,,,
sterling_kite_engine,NIFTY BANK,options_atm,21,1.0,14,2.0,7,3.0,three_red_signal,fast,30,15,519,38.0,1.26,36.98,1.12,7.71,1.3,27.0,156,38.5,1.19,9.98,0.63,9.68,,,,,
sterling_kite_engine,NIFTY BANK,delta1,21,1.0,14,2.0,7,3.0,three_red_signal,fast,48,15,519,39.3,1.06,18.69,0.34,18.11,1.08,15.99,156,39.7,1.03,2.7,0.1,20.74,,,,,
sterling_kite_engine,NIFTY BANK,options_atm,21,1.0,14,2.0,7,3.0,three_red_signal,fast,48,15,519,38.0,1.27,38.45,1.15,7.63,1.32,28.31,156,38.5,1.2,10.14,0.64,9.68,,,,,
sterling_kite_engine,NIFTY BANK,delta1,21,1.0,14,2.0,7,3.0,three_red_signal,fast,none,20,348,37.6,1.07,13.32,0.35,17.44,1.14,17.5,107,38.3,0.94,-4.18,-0.2,20.07,,,,,
sterling_kite_engine,NIFTY BANK,options_atm,21,1.0,14,2.0,7,3.0,three_red_signal,fast,none,20,348,36.8,1.28,27.07,1.17,8.12,1.41,24.56,107,38.3,1.07,2.52,0.2,9.9,,,,,
sterling_kite_engine,NIFTY BANK,delta1,21,1.0,14,2.0,7,3.0,three_red_signal,fast,18,20,348,37.9,1.04,7.73,0.22,16.43,1.09,11.5,107,38.3,0.95,-3.77,-0.2,18.07,,,,,
sterling_kite_engine,NIFTY BANK,options_atm,21,1.0,14,2.0,7,3.0,three_red_signal,fast,18,20,348,36.2,1.23,22.12,1.06,6.99,1.34,20.18,107,36.4,1.05,1.94,0.19,8.28,,,,,
sterling_kite_engine,NIFTY BANK,delta1,21,1.0,14,2.0,7,3.0,three_red_signal,fast,30,20,348,37.6,1.07,13.66,0.36,17.4,1.14,18.02,107,38.3,0.94,-4.35,-0.21,20.1,,,,,
sterling_kite_engine,NIFTY BANK,options_atm,21,1.0,14,2.0,7,3.0,three_red_signal,fast,30,20,348,36.8,1.29,27.35,1.18,8.1,1.42,24.94,107,38.3,1.07,2.41,0.19,9.91,,,,,
sterling_kite_engine,NIFTY BANK,delta1,21,1.0,14,2.0,7,3.0,three_red_signal,fast,48,20,348,37.6,1.07,13.32,0.35,17.44,1.14,17.5,107,38.3,0.94,-4.18,-0.2,20.07,,,,,
sterling_kite_engine,NIFTY BANK,options_atm,21,1.0,14,2.0,7,3.0,three_red_signal,fast,48,20,348,36.8,1.28,27.07,1.17,8.12,1.41,24.56,107,38.3,1.07,2.52,0.2,9.9,,,,,
sterling_kite_engine,NIFTY BANK,delta1,21,1.0,14,2.0,7,3.0,three_red_signal,fast,none,25,190,36.3,0.98,-1.97,-0.08,15.48,0.94,-5.26,56,41.1,1.09,3.29,0.25,10.3,,,,,
sterling_kite_engine,NIFTY BANK,options_atm,21,1.0,14,2.0,7,3.0,three_red_signal,fast,none,25,190,35.3,1.17,9.43,0.69,5.24,1.2,7.39,56,41.1,1.12,2.03,0.3,5.24,,,,,
sterling_kite_engine,NIFTY BANK,delta1,21,1.0,14,2.0,7,3.0,three_red_signal,fast,18,25,190,36.8,1.03,3.84,0.16,16.92,0.94,-4.56,56,41.1,1.24,8.4,0.57,10.15,,,,,
sterling_kite_engine,NIFTY BANK,options_atm,21,1.0,14,2.0,7,3.0,three_red_signal,fast,18,25,190,34.7,1.26,14.23,0.97,5.45,1.22,8.37,56,39.3,1.34,5.85,0.73,5.2,,,,,
sterling_kite_engine,NIFTY BANK,delta1,21,1.0,14,2.0,7,3.0,three_red_signal,fast,30,25,190,36.3,0.99,-1.31,-0.06,14.87,0.94,-4.61,56,41.1,1.09,3.29,0.25,10.3,,,,,
sterling_kite_engine,NIFTY BANK,options_atm,21,1.0,14,2.0,7,3.0,three_red_signal,fast,30,25,190,35.3,1.18,9.99,0.72,5.21,1.21,7.96,56,41.1,1.12,2.03,0.3,5.24,,,,,
sterling_kite_engine,NIFTY BANK,delta1,21,1.0,14,2.0,7,3.0,three_red_signal,fast,48,25,190,36.3,0.98,-1.97,-0.08,15.48,0.94,-5.26,56,41.1,1.09,3.29,0.25,10.3,,,,,
sterling_kite_engine,NIFTY BANK,options_atm,21,1.0,14,2.0,7,3.0,three_red_signal,fast,48,25,190,35.3,1.17,9.43,0.69,5.24,1.2,7.39,56,41.1,1.12,2.03,0.3,5.24,,,,,
sterling_kite_engine,NIFTY BANK,delta1,21,1.0,14,2.0,7,3.0,three_red_signal,mid,none,none,448,38.8,1.08,27.97,0.4,26.04,1.22,50.04,140,37.1,0.84,-22.07,-0.7,37.84,,,,,
sterling_kite_engine,NIFTY BANK,options_atm,21,1.0,14,2.0,7,3.0,three_red_signal,mid,none,none,448,32.8,1.29,51.74,1.11,14.34,1.53,57.96,140,27.1,0.91,-6.22,-0.33,20.51,,,,,
sterling_kite_engine,NIFTY BANK,delta1,21,1.0,14,2.0,7,3.0,three_red_signal,mid,18,none,502,43.2,0.97,-10.18,-0.17,34.95,1.07,15.63,153,39.9,0.82,-25.81,-0.95,39.8,,,,,
sterling_kite_engine,NIFTY BANK,options_atm,21,1.0,14,2.0,7,3.0,three_red_signal,mid,18,none,502,38.0,1.13,23.31,0.65,14.81,1.28,30.71,153,33.3,0.89,-7.4,-0.5,19.06,,,,,
sterling_kite_engine,NIFTY BANK,delta1,21,1.0,14,2.0,7,3.0,three_red_signal,mid,30,none,468,40.0,1.11,42.59,0.57,21.2,1.29,67.88,147,38.8,0.83,-25.3,-0.8,34.55,,,,,
sterling_kite_engine,NIFTY BANK,options_atm,21,1.0,14,2.0,7,3.0,three_red_signal,mid,30,none,468,35.0,1.38,69.32,1.41,8.89,1.66,74.39,147,29.9,0.93,-5.06,-0.27,15.28,,,,,
sterling_kite_engine,NIFTY BANK,delta1,21,1.0,14,2.0,7,3.0,three_red_signal,mid,48,none,454,39.2,1.07,26.81,0.38,24.7,1.24,54.14,142,38.0,0.81,-27.33,-0.91,36.49,,,,,
sterling_kite_engine,NIFTY BANK,options_atm,21,1.0,14,2.0,7,3.0,three_red_signal,mid,48,none,454,33.3,1.29,51.41,1.11,13.0,1.55,60.9,142,28.2,0.86,-9.49,-0.54,18.19,,,,,
sterling_kite_engine,NIFTY BANK,delta1,21,1.0,14,2.0,7,3.0,three_red_signal,mid,none,15,418,37.1,1.01,4.95,0.08,28.67,1.14,31.46,132,35.6,0.8,-26.51,-0.9,36.84,,,,,
sterling_kite_engine,NIFTY BANK,options_atm,21,1.0,14,2.0,7,3.0,three_red_signal,mid,none,15,418,31.6,1.22,37.75,0.87,13.08,1.46,48.52,132,27.3,0.84,-10.77,-0.64,19.12,,,,,
sterling_kite_engine,NIFTY BANK,delta1,21,1.0,14,2.0,7,3.0,three_red_signal,mid,18,15,467,41.3,0.91,-31.41,-0.54,42.22,0.98,-4.88,142,37.3,0.81,-26.53,-0.99,40.39,,,,,
sterling_kite_engine,NIFTY BANK,options_atm,21,1.0,14,2.0,7,3.0,three_red_signal,mid,18,15,467,36.8,1.07,11.71,0.35,16.08,1.18,19.19,142,33.1,0.89,-7.48,-0.51,18.96,,,,,
sterling_kite_engine,NIFTY BANK,delta1,21,1.0,14,2.0,7,3.0,three_red_signal,mid,30,15,435,37.9,1.05,19.78,0.28,23.7,1.2,46.3,136,36.0,0.82,-26.51,-0.85,33.91,,,,,
sterling_kite_engine,NIFTY BANK,options_atm,21,1.0,14,2.0,7,3.0,three_red_signal,mid,30,15,435,33.6,1.32,57.33,1.22,8.64,1.57,62.5,136,30.1,0.93,-5.17,-0.28,13.84,,,,,
sterling_kite_engine,NIFTY BANK,delta1,21,1.0,14,2.0,7,3.0,three_red_signal,mid,48,15,423,37.4,1.02,7.55,0.11,27.24,1.16,34.88,133,36.1,0.8,-27.33,-0.93,35.47,,,,,
sterling_kite_engine,NIFTY BANK,options_atm,21,1.0,14,2.0,7,3.0,three_red_signal,mid,48,15,423,32.2,1.23,40.95,0.94,12.77,1.48,50.95,133,28.6,0.85,-9.99,-0.59,16.78,,,,,
sterling_kite_engine,NIFTY BANK,delta1,21,1.0,14,2.0,7,3.0,three_red_signal,mid,none,20,293,39.2,1.11,27.56,0.58,18.38,1.3,44.85,93,39.8,0.81,-17.3,-0.73,25.78,,,,,
sterling_kite_engine,NIFTY BANK,options_atm,21,1.0,14,2.0,7,3.0,three_red_signal,mid,none,20,293,33.4,1.35,42.04,1.31,10.2,1.7,50.97,93,29.0,0.8,-8.94,-0.68,15.06,,,,,
sterling_kite_engine,NIFTY BANK,delta1,21,1.0,14,2.0,7,3.0,three_red_signal,mid,18,20,327,42.2,1.01,2.94,0.07,22.14,1.14,22.27,100,39.0,0.79,-19.33,-0.91,26.62,,,,,
sterling_kite_engine,NIFTY BANK,options_atm,21,1.0,14,2.0,7,3.0,three_red_signal,mid,18,20,327,37.0,1.21,25.92,1.0,9.38,1.43,32.75,100,33.0,0.85,-6.83,-0.61,12.27,,,,,
sterling_kite_engine,NIFTY BANK,delta1,21,1.0,14,2.0,7,3.0,three_red_signal,mid,30,20,304,40.1,1.16,39.05,0.78,15.48,1.36,55.96,95,40.0,0.82,-16.9,-0.7,23.46,,,,,
sterling_kite_engine,NIFTY BANK,options_atm,21,1.0,14,2.0,7,3.0,three_red_signal,mid,30,20,304,35.5,1.47,55.84,1.61,8.47,1.83,61.35,95,32.6,0.88,-5.51,-0.39,13.24,,,,,
sterling_kite_engine,NIFTY BANK,delta1,21,1.0,14,2.0,7,3.0,three_red_signal,mid,48,20,297,39.4,1.12,29.67,0.61,16.47,1.3,45.73,94,40.4,0.83,-16.06,-0.67,23.34,,,,,
sterling_kite_engine,NIFTY BANK,options_atm,21,1.0,14,2.0,7,3.0,three_red_signal,mid,48,20,297,34.0,1.39,46.86,1.41,9.47,1.72,53.52,94,30.9,0.85,-6.66,-0.48,14.14,,,,,
sterling_kite_engine,NIFTY BANK,delta1,21,1.0,14,2.0,7,3.0,three_red_signal,mid,none,25,168,33.9,0.87,-20.53,-0.6,32.02,1.0,-0.42,53,39.6,0.63,-20.11,-1.37,22.28,,,,,
sterling_kite_engine,NIFTY BANK,options_atm,21,1.0,14,2.0,7,3.0,three_red_signal,mid,none,25,168,29.8,1.09,6.93,0.29,14.48,1.39,19.44,53,32.1,0.54,-12.52,-1.83,13.56,,,,,
sterling_kite_engine,NIFTY BANK,delta1,21,1.0,14,2.0,7,3.0,three_red_signal,mid,18,25,180,37.2,0.86,-22.23,-0.75,24.34,0.93,-7.6,53,39.6,0.72,-14.63,-0.96,17.19,,,,,
sterling_kite_engine,NIFTY BANK,options_atm,21,1.0,14,2.0,7,3.0,three_red_signal,mid,18,25,180,32.8,1.07,5.22,0.28,7.13,1.23,11.35,53,35.8,0.76,-6.13,-0.78,7.54,,,,,
sterling_kite_engine,NIFTY BANK,delta1,21,1.0,14,2.0,7,3.0,three_red_signal,mid,30,25,175,34.9,0.87,-20.72,-0.59,33.6,1.0,-0.21,53,39.6,0.63,-20.51,-1.42,22.68,,,,,
sterling_kite_engine,NIFTY BANK,options_atm,21,1.0,14,2.0,7,3.0,three_red_signal,mid,30,25,175,30.9,1.14,10.39,0.41,14.11,1.43,21.78,53,34.0,0.57,-11.38,-1.66,12.44,,,,,
sterling_kite_engine,NIFTY BANK,delta1,21,1.0,14,2.0,7,3.0,three_red_signal,mid,48,25,171,33.9,0.88,-19.11,-0.55,32.13,0.99,-0.88,53,39.6,0.67,-18.23,-1.23,21.07,,,,,
sterling_kite_engine,NIFTY BANK,options_atm,21,1.0,14,2.0,7,3.0,three_red_signal,mid,48,25,171,30.4,1.13,10.27,0.43,13.55,1.41,20.94,53,34.0,0.6,-10.67,-1.54,11.73,,,,,
sterling_kite_engine,NIFTY BANK,delta1,21,1.25,14,2.0,7,3.0,one_red,fast,none,none,489,40.3,1.12,37.21,0.64,13.3,1.17,33.45,146,40.4,1.03,3.76,0.14,17.14,,,,,
sterling_kite_engine,NIFTY BANK,options_atm,21,1.25,14,2.0,7,3.0,one_red,fast,none,none,489,37.2,1.32,47.93,1.35,5.8,1.4,38.71,146,35.6,1.18,9.21,0.58,7.87,,,,,
sterling_kite_engine,NIFTY BANK,delta1,21,1.25,14,2.0,7,3.0,one_red,fast,18,none,489,41.5,1.04,11.5,0.22,15.81,1.08,15.24,146,41.8,0.97,-3.75,-0.16,16.06,,,,,
sterling_kite_engine,NIFTY BANK,options_atm,21,1.25,14,2.0,7,3.0,one_red,fast,18,none,489,38.2,1.19,27.49,0.96,6.91,1.25,23.5,146,36.3,1.08,3.99,0.3,7.42,,,,,
sterling_kite_engine,NIFTY BANK,delta1,21,1.25,14,2.0,7,3.0,one_red,fast,30,none,489,40.3,1.11,32.92,0.57,13.59,1.16,32.65,146,40.4,1.0,0.27,0.01,17.5,,,,,
sterling_kite_engine,NIFTY BANK,options_atm,21,1.25,14,2.0,7,3.0,one_red,fast,30,none,489,37.2,1.3,45.19,1.3,5.91,1.39,37.82,146,35.6,1.14,7.36,0.47,8.0,,,,,
sterling_kite_engine,NIFTY BANK,delta1,21,1.25,14,2.0,7,3.0,one_red,fast,48,none,489,40.3,1.11,34.79,0.6,13.47,1.16,31.63,146,40.4,1.03,3.15,0.12,17.14,,,,,
sterling_kite_engine,NIFTY BANK,options_atm,21,1.25,14,2.0,7,3.0,one_red,fast,48,none,489,37.2,1.31,45.92,1.31,6.06,1.39,37.04,146,35.6,1.17,8.88,0.56,7.98,,,,,
sterling_kite_engine,NIFTY BANK,delta1,21,1.25,14,2.0,7,3.0,one_red,fast,none,15,451,38.6,1.04,11.07,0.21,17.86,1.06,12.13,135,38.5,0.99,-1.06,-0.04,19.25,,,,,
sterling_kite_engine,NIFTY BANK,options_atm,21,1.25,14,2.0,7,3.0,one_red,fast,none,15,451,36.1,1.22,31.84,0.97,7.75,1.28,25.71,135,34.1,1.12,6.13,0.4,8.6,,,,,
sterling_kite_engine,NIFTY BANK,delta1,21,1.25,14,2.0,7,3.0,one_red,fast,18,15,451,39.9,0.96,-11.18,-0.24,23.96,0.98,-4.64,135,40.0,0.94,-6.54,-0.28,18.15,,,,,
sterling_kite_engine,NIFTY BANK,options_atm,21,1.25,14,2.0,7,3.0,one_red,fast,18,15,451,37.3,1.1,14.03,0.53,9.4,1.13,11.66,135,34.8,1.05,2.37,0.18,7.77,,,,,
sterling_kite_engine,NIFTY BANK,delta1,21,1.25,14,2.0,7,3.0,one_red,fast,30,15,451,38.6,1.03,8.17,0.15,18.72,1.05,10.38,135,38.5,0.98,-2.22,-0.09,19.25,,,,,
sterling_kite_engine,NIFTY BANK,options_atm,21,1.25,14,2.0,7,3.0,one_red,fast,30,15,451,36.1,1.21,29.91,0.93,8.06,1.26,23.97,135,34.1,1.12,5.94,0.38,8.6,,,,,
sterling_kite_engine,NIFTY BANK,delta1,21,1.25,14,2.0,7,3.0,one_red,fast,48,15,451,38.6,1.03,8.65,0.16,18.13,1.05,10.32,135,38.5,0.98,-1.67,-0.07,19.25,,,,,
sterling_kite_engine,NIFTY BANK,options_atm,21,1.25,14,2.0,7,3.0,one_red,fast,48,15,451,36.1,1.21,29.84,0.92,7.85,1.26,24.04,135,34.1,1.12,5.8,0.38,8.6,,,,,
sterling_kite_engine,NIFTY BANK,delta1,21,1.25,14,2.0,7,3.0,one_red,fast,none,20,298,38.9,1.12,22.72,0.62,18.64,1.24,28.88,93,37.6,0.91,-6.17,-0.3,23.19,,,,,
sterling_kite_engine,NIFTY BANK,options_atm,21,1.25,14,2.0,7,3.0,one_red,fast,none,20,298,36.2,1.33,30.36,1.33,9.95,1.52,30.06,93,33.3,1.01,0.3,0.02,12.59,,,,,
sterling_kite_engine,NIFTY BANK,delta1,21,1.25,14,2.0,7,3.0,one_red,fast,18,20,298,40.6,1.06,11.83,0.36,19.78,1.17,19.81,93,38.7,0.89,-7.98,-0.42,23.16,,,,,
sterling_kite_engine,NIFTY BANK,options_atm,21,1.25,14,2.0,7,3.0,one_red,fast,18,20,298,37.2,1.23,20.49,1.12,9.91,1.38,21.36,93,33.3,0.97,-0.87,-0.09,11.83,,,,,
sterling_kite_engine,NIFTY BANK,delta1,21,1.25,14,2.0,7,3.0,one_red,fast,30,20,298,38.9,1.11,21.29,0.59,20.07,1.25,29.55,93,37.6,0.89,-8.26,-0.4,25.07,,,,,
sterling_kite_engine,NIFTY BANK,options_atm,21,1.25,14,2.0,7,3.0,one_red,fast,30,20,298,36.2,1.32,29.82,1.31,10.73,1.53,30.47,93,33.3,0.98,-0.65,-0.05,13.62,,,,,
sterling_kite_engine,NIFTY BANK,delta1,21,1.25,14,2.0,7,3.0,one_red,fast,48,20,298,38.9,1.12,22.11,0.61,19.05,1.24,28.88,93,37.6,0.91,-6.78,-0.33,23.7,,,,,
sterling_kite_engine,NIFTY BANK,options_atm,21,1.25,14,2.0,7,3.0,one_red,fast,48,20,298,36.2,1.32,30.03,1.32,10.18,1.52,30.06,93,33.3,1.0,-0.03,-0.0,12.89,,,,,
sterling_kite_engine,NIFTY BANK,delta1,21,1.25,14,2.0,7,3.0,one_red,fast,none,25,157,37.6,1.04,3.99,0.16,14.24,1.09,6.3,47,40.4,0.93,-2.31,-0.19,12.76,,,,,
sterling_kite_engine,NIFTY BANK,options_atm,21,1.25,14,2.0,7,3.0,one_red,fast,none,25,157,35.0,1.24,12.4,0.82,6.95,1.39,13.79,47,36.2,0.92,-1.39,-0.23,6.62,,,,,
sterling_kite_engine,NIFTY BANK,delta1,21,1.25,14,2.0,7,3.0,one_red,fast,18,25,157,40.1,1.03,3.25,0.14,13.68,1.04,2.86,47,42.6,1.01,0.39,0.03,12.28,,,,,
sterling_kite_engine,NIFTY BANK,options_atm,21,1.25,14,2.0,7,3.0,one_red,fast,18,25,157,35.7,1.22,11.06,0.84,5.79,1.28,9.74,47,36.2,1.08,1.32,0.19,5.63,,,,,
sterling_kite_engine,NIFTY BANK,delta1,21,1.25,14,2.0,7,3.0,one_red,fast,30,25,157,37.6,1.02,1.96,0.08,16.14,1.09,6.54,47,40.4,0.87,-4.58,-0.38,14.86,,,,,
sterling_kite_engine,NIFTY BANK,options_atm,21,1.25,14,2.0,7,3.0,one_red,fast,30,25,157,35.0,1.22,11.61,0.76,7.92,1.4,14.2,47,36.2,0.85,-2.59,-0.45,7.76,,,,,
sterling_kite_engine,NIFTY BANK,delta1,21,1.25,14,2.0,7,3.0,one_red,fast,48,25,157,37.6,1.03,3.38,0.14,14.76,1.09,6.3,47,40.4,0.92,-2.91,-0.24,13.32,,,,,
sterling_kite_engine,NIFTY BANK,options_atm,21,1.25,14,2.0,7,3.0,one_red,fast,48,25,157,35.0,1.23,12.06,0.8,7.22,1.39,13.79,47,36.2,0.9,-1.72,-0.29,6.93,,,,,
sterling_kite_engine,NIFTY BANK,delta1,21,1.25,14,2.0,7,3.0,one_red,mid,none,none,483,39.3,1.14,49.84,0.69,16.46,1.25,58.55,144,38.9,0.93,-8.71,-0.28,25.15,,,,,
sterling_kite_engine,NIFTY BANK,options_atm,21,1.25,14,2.0,7,3.0,one_red,mid,none,none,483,36.0,1.38,66.52,1.39,7.57,1.57,63.9,144,31.9,1.04,2.62,0.14,12.17,,,,,
sterling_kite_engine,NIFTY BANK,delta1,21,1.25,14,2.0,7,3.0,one_red,mid,18,none,485,41.9,0.97,-10.36,-0.17,30.61,1.07,16.44,144,40.3,0.8,-26.79,-1.02,35.07,,,,,
sterling_kite_engine,NIFTY BANK,options_atm,21,1.25,14,2.0,7,3.0,one_red,mid,18,none,485,38.8,1.14,24.63,0.71,9.82,1.29,31.43,144,34.7,0.89,-6.8,-0.48,12.71,,,,,
sterling_kite_engine,NIFTY BANK,delta1,21,1.25,14,2.0,7,3.0,one_red,mid,30,none,483,39.1,1.13,47.17,0.65,16.53,1.28,65.78,144,38.2,0.86,-18.61,-0.61,24.82,,,,,
sterling_kite_engine,NIFTY BANK,options_atm,21,1.25,14,2.0,7,3.0,one_red,mid,30,none,483,36.4,1.4,71.64,1.46,8.22,1.64,71.46,144,31.9,1.0,0.18,0.01,12.18,,,,,
sterling_kite_engine,NIFTY BANK,delta1,21,1.25,14,2.0,7,3.0,one_red,mid,48,none,483,39.3,1.14,52.47,0.71,17.11,1.24,56.36,144,38.9,0.97,-3.89,-0.12,24.78,,,,,
sterling_kite_engine,NIFTY BANK,options_atm,21,1.25,14,2.0,7,3.0,one_red,mid,48,none,483,36.0,1.4,70.68,1.43,8.26,1.56,62.98,144,31.9,1.12,7.71,0.37,11.83,,,,,
sterling_kite_engine,NIFTY BANK,delta1,21,1.25,14,2.0,7,3.0,one_red,mid,none,15,445,36.9,1.03,10.06,0.15,24.32,1.16,34.91,133,36.1,0.8,-24.85,-0.9,31.92,,,,,
sterling_kite_engine,NIFTY BANK,options_atm,21,1.25,14,2.0,7,3.0,one_red,mid,none,15,445,34.4,1.25,41.76,0.96,11.07,1.47,50.77,133,31.6,0.85,-9.01,-0.55,15.45,,,,,
sterling_kite_engine,NIFTY BANK,delta1,21,1.25,14,2.0,7,3.0,one_red,mid,18,15,447,39.6,0.89,-37.15,-0.68,43.29,0.97,-7.3,133,37.6,0.77,-29.85,-1.17,36.71,,,,,
sterling_kite_engine,NIFTY BANK,options_atm,21,1.25,14,2.0,7,3.0,one_red,mid,18,15,447,37.1,1.06,9.14,0.28,11.79,1.17,17.66,133,33.8,0.86,-8.53,-0.62,13.59,,,,,
sterling_kite_engine,NIFTY BANK,delta1,21,1.25,14,2.0,7,3.0,one_red,mid,30,15,445,36.6,1.04,14.96,0.22,23.0,1.18,39.5,133,35.3,0.81,-24.53,-0.83,30.29,,,,,
sterling_kite_engine,NIFTY BANK,options_atm,21,1.25,14,2.0,7,3.0,one_red,mid,30,15,445,34.8,1.31,52.64,1.15,10.15,1.52,56.08,133,31.6,0.95,-3.44,-0.19,14.28,,,,,
sterling_kite_engine,NIFTY BANK,delta1,21,1.25,14,2.0,7,3.0,one_red,mid,48,15,445,36.9,1.03,9.63,0.15,25.84,1.15,32.72,133,36.1,0.82,-23.09,-0.83,30.96,,,,,
sterling_kite_engine,NIFTY BANK,options_atm,21,1.25,14,2.0,7,3.0,one_red,mid,48,15,445,34.4,1.25,42.76,0.98,12.15,1.46,49.85,133,31.6,0.88,-7.1,-0.43,15.05,,,,,
sterling_kite_engine,NIFTY BANK,delta1,21,1.25,14,2.0,7,3.0,one_red,mid,none,20,296,38.2,1.12,27.18,0.6,21.29,1.4,55.38,92,37.0,0.68,-28.2,-1.32,32.39,,,,,
sterling_kite_engine,NIFTY BANK,options_atm,21,1.25,14,2.0,7,3.0,one_red,mid,none,20,296,35.5,1.39,42.6,1.36,10.54,1.81,55.31,92,32.6,0.7,-12.72,-1.03,16.14,,,,,
sterling_kite_engine,NIFTY BANK,delta1,21,1.25,14,2.0,7,3.0,one_red,mid,18,20,296,41.2,1.05,10.08,0.26,22.91,1.24,32.07,92,38.0,0.75,-21.99,-1.06,29.54,,,,,
sterling_kite_engine,NIFTY BANK,options_atm,21,1.25,14,2.0,7,3.0,one_red,mid,18,20,296,38.2,1.27,28.2,1.2,9.73,1.55,35.03,92,33.7,0.84,-6.83,-0.64,12.92,,,,,
sterling_kite_engine,NIFTY BANK,delta1,21,1.25,14,2.0,7,3.0,one_red,mid,30,20,296,38.2,1.15,33.8,0.72,20.21,1.44,60.75,92,37.0,0.7,-26.95,-1.25,31.69,,,,,
sterling_kite_engine,NIFTY BANK,options_atm,21,1.25,14,2.0,7,3.0,one_red,mid,30,20,296,36.1,1.46,50.75,1.55,9.6,1.9,60.95,92,32.6,0.76,-10.2,-0.81,15.13,,,,,
sterling_kite_engine,NIFTY BANK,delta1,21,1.25,14,2.0,7,3.0,one_red,mid,48,20,296,38.2,1.12,27.06,0.59,20.8,1.39,54.23,92,37.0,0.69,-27.17,-1.26,31.42,,,,,
sterling_kite_engine,NIFTY BANK,options_atm,21,1.25,14,2.0,7,3.0,one_red,mid,48,20,296,35.5,1.4,43.76,1.38,10.03,1.81,55.3,92,32.6,0.72,-11.54,-0.93,15.34,,,,,
sterling_kite_engine,NIFTY BANK,delta1,21,1.25,14,2.0,7,3.0,one_red,mid,none,25,157,36.3,1.0,-0.34,-0.01,22.83,1.25,20.43,47,40.4,0.57,-20.77,-1.6,22.93,,,,,
sterling_kite_engine,NIFTY BANK,options_atm,21,1.25,14,2.0,7,3.0,one_red,mid,none,25,157,32.5,1.24,15.03,0.68,12.27,1.68,26.99,47,31.9,0.47,-11.97,-2.09,13.02,,,,,
sterling_kite_engine,NIFTY BANK,delta1,21,1.25,14,2.0,7,3.0,one_red,mid,18,25,157,38.9,0.94,-6.93,-0.25,18.95,1.12,9.05,47,40.4,0.66,-15.98,-1.1,18.49,,,,,
sterling_kite_engine,NIFTY BANK,options_atm,21,1.25,14,2.0,7,3.0,one_red,mid,18,25,157,34.4,1.18,10.83,0.61,7.32,1.46,17.45,47,34.0,0.7,-6.62,-0.9,7.92,,,,,
sterling_kite_engine,NIFTY BANK,delta1,21,1.25,14,2.0,7,3.0,one_red,mid,30,25,157,36.3,1.01,1.01,0.03,23.91,1.29,23.49,47,40.4,0.53,-22.49,-1.77,24.6,,,,,
sterling_kite_engine,NIFTY BANK,options_atm,21,1.25,14,2.0,7,3.0,one_red,mid,30,25,157,33.1,1.32,19.8,0.8,11.45,1.8,31.7,47,31.9,0.47,-11.9,-2.09,12.95,,,,,
sterling_kite_engine,NIFTY BANK,delta1,21,1.25,14,2.0,7,3.0,one_red,mid,48,25,157,36.3,0.99,-1.23,-0.04,24.71,1.23,18.92,47,40.4,0.58,-20.16,-1.54,22.33,,,,,
sterling_kite_engine,NIFTY BANK,options_atm,21,1.25,14,2.0,7,3.0,one_red,mid,48,25,157,32.5,1.25,15.54,0.69,13.13,1.67,26.64,47,31.9,0.51,-11.1,-1.9,12.16,,,,,
sterling_kite_engine,NIFTY BANK,delta1,21,1.25,14,2.0,7,3.0,two_red,fast,none,none,489,40.3,1.12,37.21,0.64,13.3,1.17,33.45,146,40.4,1.03,3.76,0.14,17.14,,,,,
sterling_kite_engine,NIFTY BANK,options_atm,21,1.25,14,2.0,7,3.0,two_red,fast,none,none,489,37.2,1.32,47.93,1.35,5.8,1.4,38.71,146,35.6,1.18,9.21,0.58,7.87,,,,,
sterling_kite_engine,NIFTY BANK,delta1,21,1.25,14,2.0,7,3.0,two_red,fast,18,none,489,41.5,1.04,11.5,0.22,15.81,1.08,15.24,146,41.8,0.97,-3.75,-0.16,16.06,,,,,
sterling_kite_engine,NIFTY BANK,options_atm,21,1.25,14,2.0,7,3.0,two_red,fast,18,none,489,38.2,1.19,27.49,0.96,6.91,1.25,23.5,146,36.3,1.08,3.99,0.3,7.42,,,,,
sterling_kite_engine,NIFTY BANK,delta1,21,1.25,14,2.0,7,3.0,two_red,fast,30,none,489,40.3,1.11,32.92,0.57,13.59,1.16,32.65,146,40.4,1.0,0.27,0.01,17.5,,,,,
sterling_kite_engine,NIFTY BANK,options_atm,21,1.25,14,2.0,7,3.0,two_red,fast,30,none,489,37.2,1.3,45.19,1.3,5.91,1.39,37.82,146,35.6,1.14,7.36,0.47,8.0,,,,,
sterling_kite_engine,NIFTY BANK,delta1,21,1.25,14,2.0,7,3.0,two_red,fast,48,none,489,40.3,1.11,34.79,0.6,13.47,1.16,31.63,146,40.4,1.03,3.15,0.12,17.14,,,,,
sterling_kite_engine,NIFTY BANK,options_atm,21,1.25,14,2.0,7,3.0,two_red,fast,48,none,489,37.2,1.31,45.92,1.31,6.06,1.39,37.04,146,35.6,1.17,8.88,0.56,7.98,,,,,
sterling_kite_engine,NIFTY BANK,delta1,21,1.25,14,2.0,7,3.0,two_red,fast,none,15,451,38.6,1.04,11.07,0.21,17.86,1.06,12.13,135,38.5,0.99,-1.06,-0.04,19.25,,,,,
sterling_kite_engine,NIFTY BANK,options_atm,21,1.25,14,2.0,7,3.0,two_red,fast,none,15,451,36.1,1.22,31.84,0.97,7.75,1.28,25.71,135,34.1,1.12,6.13,0.4,8.6,,,,,
sterling_kite_engine,NIFTY BANK,delta1,21,1.25,14,2.0,7,3.0,two_red,fast,18,15,451,39.9,0.96,-11.18,-0.24,23.96,0.98,-4.64,135,40.0,0.94,-6.54,-0.28,18.15,,,,,
sterling_kite_engine,NIFTY BANK,options_atm,21,1.25,14,2.0,7,3.0,two_red,fast,18,15,451,37.3,1.1,14.03,0.53,9.4,1.13,11.66,135,34.8,1.05,2.37,0.18,7.77,,,,,
sterling_kite_engine,NIFTY BANK,delta1,21,1.25,14,2.0,7,3.0,two_red,fast,30,15,451,38.6,1.03,8.17,0.15,18.72,1.05,10.38,135,38.5,0.98,-2.22,-0.09,19.25,,,,,
sterling_kite_engine,NIFTY BANK,options_atm,21,1.25,14,2.0,7,3.0,two_red,fast,30,15,451,36.1,1.21,29.91,0.93,8.06,1.26,23.97,135,34.1,1.12,5.94,0.38,8.6,,,,,
sterling_kite_engine,NIFTY BANK,delta1,21,1.25,14,2.0,7,3.0,two_red,fast,48,15,451,38.6,1.03,8.65,0.16,18.13,1.05,10.32,135,38.5,0.98,-1.67,-0.07,19.25,,,,,
sterling_kite_engine,NIFTY BANK,options_atm,21,1.25,14,2.0,7,3.0,two_red,fast,48,15,451,36.1,1.21,29.84,0.92,7.85,1.26,24.04,135,34.1,1.12,5.8,0.38,8.6,,,,,
sterling_kite_engine,NIFTY BANK,delta1,21,1.25,14,2.0,7,3.0,two_red,fast,none,20,298,38.9,1.12,22.72,0.62,18.64,1.24,28.88,93,37.6,0.91,-6.17,-0.3,23.19,,,,,
sterling_kite_engine,NIFTY BANK,options_atm,21,1.25,14,2.0,7,3.0,two_red,fast,none,20,298,36.2,1.33,30.36,1.33,9.95,1.52,30.06,93,33.3,1.01,0.3,0.02,12.59,,,,,
sterling_kite_engine,NIFTY BANK,delta1,21,1.25,14,2.0,7,3.0,two_red,fast,18,20,298,40.6,1.06,11.83,0.36,19.78,1.17,19.81,93,38.7,0.89,-7.98,-0.42,23.16,,,,,
sterling_kite_engine,NIFTY BANK,options_atm,21,1.25,14,2.0,7,3.0,two_red,fast,18,20,298,37.2,1.23,20.49,1.12,9.91,1.38,21.36,93,33.3,0.97,-0.87,-0.09,11.83,,,,,
sterling_kite_engine,NIFTY BANK,delta1,21,1.25,14,2.0,7,3.0,two_red,fast,30,20,298,38.9,1.11,21.29,0.59,20.07,1.25,29.55,93,37.6,0.89,-8.26,-0.4,25.07,,,,,
sterling_kite_engine,NIFTY BANK,options_atm,21,1.25,14,2.0,7,3.0,two_red,fast,30,20,298,36.2,1.32,29.82,1.31,10.73,1.53,30.47,93,33.3,0.98,-0.65,-0.05,13.62,,,,,
sterling_kite_engine,NIFTY BANK,delta1,21,1.25,14,2.0,7,3.0,two_red,fast,48,20,298,38.9,1.12,22.11,0.61,19.05,1.24,28.88,93,37.6,0.91,-6.78,-0.33,23.7,,,,,
sterling_kite_engine,NIFTY BANK,options_atm,21,1.25,14,2.0,7,3.0,two_red,fast,48,20,298,36.2,1.32,30.03,1.32,10.18,1.52,30.06,93,33.3,1.0,-0.03,-0.0,12.89,,,,,
sterling_kite_engine,NIFTY BANK,delta1,21,1.25,14,2.0,7,3.0,two_red,fast,none,25,157,37.6,1.04,3.99,0.16,14.24,1.09,6.3,47,40.4,0.93,-2.31,-0.19,12.76,,,,,
sterling_kite_engine,NIFTY BANK,options_atm,21,1.25,14,2.0,7,3.0,two_red,fast,none,25,157,35.0,1.24,12.4,0.82,6.95,1.39,13.79,47,36.2,0.92,-1.39,-0.23,6.62,,,,,
sterling_kite_engine,NIFTY BANK,delta1,21,1.25,14,2.0,7,3.0,two_red,fast,18,25,157,40.1,1.03,3.25,0.14,13.68,1.04,2.86,47,42.6,1.01,0.39,0.03,12.28,,,,,
sterling_kite_engine,NIFTY BANK,options_atm,21,1.25,14,2.0,7,3.0,two_red,fast,18,25,157,35.7,1.22,11.06,0.84,5.79,1.28,9.74,47,36.2,1.08,1.32,0.19,5.63,,,,,
sterling_kite_engine,NIFTY BANK,delta1,21,1.25,14,2.0,7,3.0,two_red,fast,30,25,157,37.6,1.02,1.96,0.08,16.14,1.09,6.54,47,40.4,0.87,-4.58,-0.38,14.86,,,,,
sterling_kite_engine,NIFTY BANK,options_atm,21,1.25,14,2.0,7,3.0,two_red,fast,30,25,157,35.0,1.22,11.61,0.76,7.92,1.4,14.2,47,36.2,0.85,-2.59,-0.45,7.76,,,,,
sterling_kite_engine,NIFTY BANK,delta1,21,1.25,14,2.0,7,3.0,two_red,fast,48,25,157,37.6,1.03,3.38,0.14,14.76,1.09,6.3,47,40.4,0.92,-2.91,-0.24,13.32,,,,,
sterling_kite_engine,NIFTY BANK,options_atm,21,1.25,14,2.0,7,3.0,two_red,fast,48,25,157,35.0,1.23,12.06,0.8,7.22,1.39,13.79,47,36.2,0.9,-1.72,-0.29,6.93,,,,,
sterling_kite_engine,NIFTY BANK,delta1,21,1.25,14,2.0,7,3.0,two_red,mid,none,none,427,39.1,1.1,34.27,0.5,21.49,1.24,52.28,132,38.6,0.86,-18.01,-0.58,31.66,,,,,
sterling_kite_engine,NIFTY BANK,options_atm,21,1.25,14,2.0,7,3.0,two_red,mid,none,none,427,33.5,1.32,55.5,1.23,11.45,1.56,59.42,132,28.0,0.94,-3.92,-0.21,16.83,,,,,
sterling_kite_engine,NIFTY BANK,delta1,21,1.25,14,2.0,7,3.0,two_red,mid,18,none,459,44.0,0.99,-1.92,-0.03,29.07,1.12,25.95,137,40.1,0.79,-27.87,-1.05,35.78,,,,,
sterling_kite_engine,NIFTY BANK,options_atm,21,1.25,14,2.0,7,3.0,two_red,mid,18,none,459,39.9,1.17,28.08,0.84,10.54,1.34,35.31,137,34.3,0.89,-7.23,-0.51,14.02,,,,,
sterling_kite_engine,NIFTY BANK,delta1,21,1.25,14,2.0,7,3.0,two_red,mid,30,none,439,40.1,1.12,44.44,0.63,20.34,1.33,73.66,134,38.8,0.79,-29.22,-0.96,34.25,,,,,
sterling_kite_engine,NIFTY BANK,options_atm,21,1.25,14,2.0,7,3.0,two_red,mid,30,none,439,35.5,1.41,70.79,1.5,6.57,1.72,77.46,134,29.9,0.9,-6.67,-0.37,11.47,,,,,
sterling_kite_engine,NIFTY BANK,delta1,21,1.25,14,2.0,7,3.0,two_red,mid,48,none,432,39.6,1.12,41.11,0.59,20.21,1.26,56.76,134,39.6,0.88,-15.66,-0.48,30.23,,,,,
sterling_kite_engine,NIFTY BANK,options_atm,21,1.25,14,2.0,7,3.0,two_red,mid,48,none,432,34.0,1.36,61.91,1.32,10.46,1.58,62.1,134,29.1,1.0,-0.19,-0.01,14.49,,,,,
sterling_kite_engine,NIFTY BANK,delta1,21,1.25,14,2.0,7,3.0,two_red,mid,none,15,394,37.1,1.04,11.93,0.19,27.16,1.18,38.28,123,36.6,0.79,-26.35,-0.93,36.58,,,,,
sterling_kite_engine,NIFTY BANK,options_atm,21,1.25,14,2.0,7,3.0,two_red,mid,none,15,394,32.2,1.25,41.79,1.0,12.31,1.52,52.41,123,27.6,0.83,-10.62,-0.65,18.44,,,,,
sterling_kite_engine,NIFTY BANK,delta1,21,1.25,14,2.0,7,3.0,two_red,mid,18,15,424,42.0,0.92,-27.93,-0.52,36.59,1.01,1.36,127,37.8,0.77,-29.29,-1.13,37.04,,,,,
sterling_kite_engine,NIFTY BANK,options_atm,21,1.25,14,2.0,7,3.0,two_red,mid,18,15,424,38.2,1.08,13.1,0.42,12.4,1.21,21.19,127,33.9,0.87,-8.09,-0.58,14.86,,,,,
sterling_kite_engine,NIFTY BANK,delta1,21,1.25,14,2.0,7,3.0,two_red,mid,30,15,405,38.0,1.07,24.02,0.36,24.1,1.26,55.74,124,36.3,0.76,-31.73,-1.07,36.58,,,,,
sterling_kite_engine,NIFTY BANK,options_atm,21,1.25,14,2.0,7,3.0,two_red,mid,30,15,405,34.1,1.35,58.92,1.32,7.46,1.65,67.33,124,29.8,0.87,-8.42,-0.47,12.3,,,,,
sterling_kite_engine,NIFTY BANK,delta1,21,1.25,14,2.0,7,3.0,two_red,mid,48,15,398,37.4,1.05,15.49,0.24,25.65,1.2,42.76,124,37.1,0.79,-27.27,-0.96,35.24,,,,,
sterling_kite_engine,NIFTY BANK,options_atm,21,1.25,14,2.0,7,3.0,two_red,mid,48,15,398,32.9,1.27,45.14,1.07,11.94,1.54,55.09,124,29.0,0.84,-9.95,-0.6,16.12,,,,,
sterling_kite_engine,NIFTY BANK,delta1,21,1.25,14,2.0,7,3.0,two_red,mid,none,20,270,39.6,1.14,31.62,0.7,21.78,1.39,54.36,86,39.5,0.74,-22.74,-1.0,32.18,,,,,
sterling_kite_engine,NIFTY BANK,options_atm,21,1.25,14,2.0,7,3.0,two_red,mid,none,20,270,34.4,1.41,44.5,1.46,11.44,1.82,54.99,86,29.1,0.76,-10.5,-0.83,17.26,,,,,
sterling_kite_engine,NIFTY BANK,delta1,21,1.25,14,2.0,7,3.0,two_red,mid,18,20,287,43.2,1.05,10.77,0.28,22.22,1.22,30.22,89,39.3,0.78,-19.44,-0.93,28.2,,,,,
sterling_kite_engine,NIFTY BANK,options_atm,21,1.25,14,2.0,7,3.0,two_red,mid,18,20,287,39.0,1.27,29.08,1.25,8.84,1.53,34.66,89,33.7,0.86,-5.58,-0.52,11.71,,,,,
sterling_kite_engine,NIFTY BANK,delta1,21,1.25,14,2.0,7,3.0,two_red,mid,30,20,280,40.7,1.16,38.07,0.8,19.42,1.42,60.27,87,40.2,0.75,-22.2,-0.96,29.96,,,,,
sterling_kite_engine,NIFTY BANK,options_atm,21,1.25,14,2.0,7,3.0,two_red,mid,30,20,280,36.1,1.5,55.48,1.69,9.95,1.91,62.79,87,32.2,0.83,-7.31,-0.54,15.64,,,,,
sterling_kite_engine,NIFTY BANK,delta1,21,1.25,14,2.0,7,3.0,two_red,mid,48,20,273,39.9,1.15,34.82,0.76,19.9,1.4,56.43,87,40.2,0.76,-21.61,-0.93,29.94,,,,,
sterling_kite_engine,NIFTY BANK,options_atm,21,1.25,14,2.0,7,3.0,two_red,mid,48,20,273,35.2,1.45,49.93,1.6,10.67,1.86,58.27,87,31.0,0.8,-8.34,-0.62,16.34,,,,,
sterling_kite_engine,NIFTY BANK,delta1,21,1.25,14,2.0,7,3.0,two_red,mid,none,25,145,36.6,0.97,-4.31,-0.13,22.68,1.23,19.85,46,39.1,0.51,-24.16,-1.83,26.23,,,,,
sterling_kite_engine,NIFTY BANK,options_atm,21,1.25,14,2.0,7,3.0,two_red,mid,none,25,145,32.4,1.21,13.85,0.6,11.88,1.69,27.99,46,30.4,0.41,-14.14,-2.48,15.16,,,,,
sterling_kite_engine,NIFTY BANK,delta1,21,1.25,14,2.0,7,3.0,two_red,mid,18,25,154,39.6,0.92,-10.67,-0.38,19.4,1.07,5.71,46,39.1,0.66,-16.38,-1.1,18.89,,,,,
sterling_kite_engine,NIFTY BANK,options_atm,21,1.25,14,2.0,7,3.0,two_red,mid,18,25,154,35.1,1.15,9.43,0.53,7.37,1.41,16.01,46,34.8,0.71,-6.58,-0.89,7.92,,,,,
sterling_kite_engine,NIFTY BANK,delta1,21,1.25,14,2.0,7,3.0,two_red,mid,30,25,153,37.9,0.96,-5.99,-0.18,25.58,1.21,18.46,46,39.1,0.51,-24.45,-1.87,26.51,,,,,
sterling_kite_engine,NIFTY BANK,options_atm,21,1.25,14,2.0,7,3.0,two_red,mid,30,25,153,33.3,1.25,16.59,0.67,11.76,1.7,29.56,46,32.6,0.44,-12.97,-2.28,14.01,,,,,
sterling_kite_engine,NIFTY BANK,delta1,21,1.25,14,2.0,7,3.0,two_red,mid,48,25,147,36.7,0.99,-1.81,-0.05,21.93,1.23,20.59,46,39.1,0.55,-22.4,-1.67,24.51,,,,,
sterling_kite_engine,NIFTY BANK,options_atm,21,1.25,14,2.0,7,3.0,two_red,mid,48,25,147,33.3,1.27,17.81,0.76,10.64,1.72,30.21,46,32.6,0.47,-12.4,-2.14,13.45,,,,,
sterling_kite_engine,NIFTY BANK,delta1,21,1.25,14,2.0,7,3.0,three_red,fast,none,none,489,40.3,1.12,37.21,0.64,13.3,1.17,33.45,146,40.4,1.03,3.76,0.14,17.14,,,,,
sterling_kite_engine,NIFTY BANK,options_atm,21,1.25,14,2.0,7,3.0,three_red,fast,none,none,489,37.2,1.32,47.93,1.35,5.8,1.4,38.71,146,35.6,1.18,9.21,0.58,7.87,,,,,
sterling_kite_engine,NIFTY BANK,delta1,21,1.25,14,2.0,7,3.0,three_red,fast,18,none,489,41.5,1.04,11.5,0.22,15.81,1.08,15.24,146,41.8,0.97,-3.75,-0.16,16.06,,,,,
sterling_kite_engine,NIFTY BANK,options_atm,21,1.25,14,2.0,7,3.0,three_red,fast,18,none,489,38.2,1.19,27.49,0.96,6.91,1.25,23.5,146,36.3,1.08,3.99,0.3,7.42,,,,,
sterling_kite_engine,NIFTY BANK,delta1,21,1.25,14,2.0,7,3.0,three_red,fast,30,none,489,40.3,1.11,32.92,0.57,13.59,1.16,32.65,146,40.4,1.0,0.27,0.01,17.5,,,,,
sterling_kite_engine,NIFTY BANK,options_atm,21,1.25,14,2.0,7,3.0,three_red,fast,30,none,489,37.2,1.3,45.19,1.3,5.91,1.39,37.82,146,35.6,1.14,7.36,0.47,8.0,,,,,
sterling_kite_engine,NIFTY BANK,delta1,21,1.25,14,2.0,7,3.0,three_red,fast,48,none,489,40.3,1.11,34.79,0.6,13.47,1.16,31.63,146,40.4,1.03,3.15,0.12,17.14,,,,,
sterling_kite_engine,NIFTY BANK,options_atm,21,1.25,14,2.0,7,3.0,three_red,fast,48,none,489,37.2,1.31,45.92,1.31,6.06,1.39,37.04,146,35.6,1.17,8.88,0.56,7.98,,,,,
sterling_kite_engine,NIFTY BANK,delta1,21,1.25,14,2.0,7,3.0,three_red,fast,none,15,451,38.6,1.04,11.07,0.21,17.86,1.06,12.13,135,38.5,0.99,-1.06,-0.04,19.25,,,,,
sterling_kite_engine,NIFTY BANK,options_atm,21,1.25,14,2.0,7,3.0,three_red,fast,none,15,451,36.1,1.22,31.84,0.97,7.75,1.28,25.71,135,34.1,1.12,6.13,0.4,8.6,,,,,
sterling_kite_engine,NIFTY BANK,delta1,21,1.25,14,2.0,7,3.0,three_red,fast,18,15,451,39.9,0.96,-11.18,-0.24,23.96,0.98,-4.64,135,40.0,0.94,-6.54,-0.28,18.15,,,,,
sterling_kite_engine,NIFTY BANK,options_atm,21,1.25,14,2.0,7,3.0,three_red,fast,18,15,451,37.3,1.1,14.03,0.53,9.4,1.13,11.66,135,34.8,1.05,2.37,0.18,7.77,,,,,
sterling_kite_engine,NIFTY BANK,delta1,21,1.25,14,2.0,7,3.0,three_red,fast,30,15,451,38.6,1.03,8.17,0.15,18.72,1.05,10.38,135,38.5,0.98,-2.22,-0.09,19.25,,,,,
sterling_kite_engine,NIFTY BANK,options_atm,21,1.25,14,2.0,7,3.0,three_red,fast,30,15,451,36.1,1.21,29.91,0.93,8.06,1.26,23.97,135,34.1,1.12,5.94,0.38,8.6,,,,,
sterling_kite_engine,NIFTY BANK,delta1,21,1.25,14,2.0,7,3.0,three_red,fast,48,15,451,38.6,1.03,8.65,0.16,18.13,1.05,10.32,135,38.5,0.98,-1.67,-0.07,19.25,,,,,
sterling_kite_engine,NIFTY BANK,options_atm,21,1.25,14,2.0,7,3.0,three_red,fast,48,15,451,36.1,1.21,29.84,0.92,7.85,1.26,24.04,135,34.1,1.12,5.8,0.38,8.6,,,,,
sterling_kite_engine,NIFTY BANK,delta1,21,1.25,14,2.0,7,3.0,three_red,fast,none,20,298,38.9,1.12,22.72,0.62,18.64,1.24,28.88,93,37.6,0.91,-6.17,-0.3,23.19,,,,,
sterling_kite_engine,NIFTY BANK,options_atm,21,1.25,14,2.0,7,3.0,three_red,fast,none,20,298,36.2,1.33,30.36,1.33,9.95,1.52,30.06,93,33.3,1.01,0.3,0.02,12.59,,,,,
sterling_kite_engine,NIFTY BANK,delta1,21,1.25,14,2.0,7,3.0,three_red,fast,18,20,298,40.6,1.06,11.83,0.36,19.78,1.17,19.81,93,38.7,0.89,-7.98,-0.42,23.16,,,,,
sterling_kite_engine,NIFTY BANK,options_atm,21,1.25,14,2.0,7,3.0,three_red,fast,18,20,298,37.2,1.23,20.49,1.12,9.91,1.38,21.36,93,33.3,0.97,-0.87,-0.09,11.83,,,,,
sterling_kite_engine,NIFTY BANK,delta1,21,1.25,14,2.0,7,3.0,three_red,fast,30,20,298,38.9,1.11,21.29,0.59,20.07,1.25,29.55,93,37.6,0.89,-8.26,-0.4,25.07,,,,,
sterling_kite_engine,NIFTY BANK,options_atm,21,1.25,14,2.0,7,3.0,three_red,fast,30,20,298,36.2,1.32,29.82,1.31,10.73,1.53,30.47,93,33.3,0.98,-0.65,-0.05,13.62,,,,,
sterling_kite_engine,NIFTY BANK,delta1,21,1.25,14,2.0,7,3.0,three_red,fast,48,20,298,38.9,1.12,22.11,0.61,19.05,1.24,28.88,93,37.6,0.91,-6.78,-0.33,23.7,,,,,
sterling_kite_engine,NIFTY BANK,options_atm,21,1.25,14,2.0,7,3.0,three_red,fast,48,20,298,36.2,1.32,30.03,1.32,10.18,1.52,30.06,93,33.3,1.0,-0.03,-0.0,12.89,,,,,
sterling_kite_engine,NIFTY BANK,delta1,21,1.25,14,2.0,7,3.0,three_red,fast,none,25,157,37.6,1.04,3.99,0.16,14.24,1.09,6.3,47,40.4,0.93,-2.31,-0.19,12.76,,,,,
sterling_kite_engine,NIFTY BANK,options_atm,21,1.25,14,2.0,7,3.0,three_red,fast,none,25,157,35.0,1.24,12.4,0.82,6.95,1.39,13.79,47,36.2,0.92,-1.39,-0.23,6.62,,,,,
sterling_kite_engine,NIFTY BANK,delta1,21,1.25,14,2.0,7,3.0,three_red,fast,18,25,157,40.1,1.03,3.25,0.14,13.68,1.04,2.86,47,42.6,1.01,0.39,0.03,12.28,,,,,
sterling_kite_engine,NIFTY BANK,options_atm,21,1.25,14,2.0,7,3.0,three_red,fast,18,25,157,35.7,1.22,11.06,0.84,5.79,1.28,9.74,47,36.2,1.08,1.32,0.19,5.63,,,,,
sterling_kite_engine,NIFTY BANK,delta1,21,1.25,14,2.0,7,3.0,three_red,fast,30,25,157,37.6,1.02,1.96,0.08,16.14,1.09,6.54,47,40.4,0.87,-4.58,-0.38,14.86,,,,,
sterling_kite_engine,NIFTY BANK,options_atm,21,1.25,14,2.0,7,3.0,three_red,fast,30,25,157,35.0,1.22,11.61,0.76,7.92,1.4,14.2,47,36.2,0.85,-2.59,-0.45,7.76,,,,,
sterling_kite_engine,NIFTY BANK,delta1,21,1.25,14,2.0,7,3.0,three_red,fast,48,25,157,37.6,1.03,3.38,0.14,14.76,1.09,6.3,47,40.4,0.92,-2.91,-0.24,13.32,,,,,
sterling_kite_engine,NIFTY BANK,options_atm,21,1.25,14,2.0,7,3.0,three_red,fast,48,25,157,35.0,1.23,12.06,0.8,7.22,1.39,13.79,47,36.2,0.9,-1.72,-0.29,6.93,,,,,
sterling_kite_engine,NIFTY BANK,delta1,21,1.25,14,2.0,7,3.0,three_red,mid,none,none,427,39.1,1.1,34.27,0.5,21.49,1.24,52.28,132,38.6,0.86,-18.01,-0.58,31.66,,,,,
sterling_kite_engine,NIFTY BANK,options_atm,21,1.25,14,2.0,7,3.0,three_red,mid,none,none,427,33.5,1.32,55.5,1.23,11.45,1.56,59.42,132,28.0,0.94,-3.92,-0.21,16.83,,,,,
sterling_kite_engine,NIFTY BANK,delta1,21,1.25,14,2.0,7,3.0,three_red,mid,18,none,459,44.0,0.99,-1.92,-0.03,29.07,1.12,25.95,137,40.1,0.79,-27.87,-1.05,35.78,,,,,
sterling_kite_engine,NIFTY BANK,options_atm,21,1.25,14,2.0,7,3.0,three_red,mid,18,none,459,39.9,1.17,28.08,0.84,10.54,1.34,35.31,137,34.3,0.89,-7.23,-0.51,14.02,,,,,
sterling_kite_engine,NIFTY BANK,delta1,21,1.25,14,2.0,7,3.0,three_red,mid,30,none,439,40.1,1.12,44.44,0.63,20.34,1.33,73.66,134,38.8,0.79,-29.22,-0.96,34.25,,,,,
sterling_kite_engine,NIFTY BANK,options_atm,21,1.25,14,2.0,7,3.0,three_red,mid,30,none,439,35.5,1.41,70.79,1.5,6.57,1.72,77.46,134,29.9,0.9,-6.67,-0.37,11.47,,,,,
sterling_kite_engine,NIFTY BANK,delta1,21,1.25,14,2.0,7,3.0,three_red,mid,48,none,432,39.6,1.12,41.11,0.59,20.21,1.26,56.76,134,39.6,0.88,-15.66,-0.48,30.23,,,,,
sterling_kite_engine,NIFTY BANK,options_atm,21,1.25,14,2.0,7,3.0,three_red,mid,48,none,432,34.0,1.36,61.91,1.32,10.46,1.58,62.1,134,29.1,1.0,-0.19,-0.01,14.49,,,,,
sterling_kite_engine,NIFTY BANK,delta1,21,1.25,14,2.0,7,3.0,three_red,mid,none,15,394,37.1,1.04,11.93,0.19,27.16,1.18,38.28,123,36.6,0.79,-26.35,-0.93,36.58,,,,,
sterling_kite_engine,NIFTY BANK,options_atm,21,1.25,14,2.0,7,3.0,three_red,mid,none,15,394,32.2,1.25,41.79,1.0,12.31,1.52,52.41,123,27.6,0.83,-10.62,-0.65,18.44,,,,,
sterling_kite_engine,NIFTY BANK,delta1,21,1.25,14,2.0,7,3.0,three_red,mid,18,15,424,42.0,0.92,-27.93,-0.52,36.59,1.01,1.36,127,37.8,0.77,-29.29,-1.13,37.04,,,,,
sterling_kite_engine,NIFTY BANK,options_atm,21,1.25,14,2.0,7,3.0,three_red,mid,18,15,424,38.2,1.08,13.1,0.42,12.4,1.21,21.19,127,33.9,0.87,-8.09,-0.58,14.86,,,,,
sterling_kite_engine,NIFTY BANK,delta1,21,1.25,14,2.0,7,3.0,three_red,mid,30,15,405,38.0,1.07,24.02,0.36,24.1,1.26,55.74,124,36.3,0.76,-31.73,-1.07,36.58,,,,,
sterling_kite_engine,NIFTY BANK,options_atm,21,1.25,14,2.0,7,3.0,three_red,mid,30,15,405,34.1,1.35,58.92,1.32,7.46,1.65,67.33,124,29.8,0.87,-8.42,-0.47,12.3,,,,,
sterling_kite_engine,NIFTY BANK,delta1,21,1.25,14,2.0,7,3.0,three_red,mid,48,15,398,37.4,1.05,15.49,0.24,25.65,1.2,42.76,124,37.1,0.79,-27.27,-0.96,35.24,,,,,
sterling_kite_engine,NIFTY BANK,options_atm,21,1.25,14,2.0,7,3.0,three_red,mid,48,15,398,32.9,1.27,45.14,1.07,11.94,1.54,55.09,124,29.0,0.84,-9.95,-0.6,16.12,,,,,
sterling_kite_engine,NIFTY BANK,delta1,21,1.25,14,2.0,7,3.0,three_red,mid,none,20,270,39.6,1.14,31.62,0.7,21.78,1.39,54.36,86,39.5,0.74,-22.74,-1.0,32.18,,,,,
sterling_kite_engine,NIFTY BANK,options_atm,21,1.25,14,2.0,7,3.0,three_red,mid,none,20,270,34.4,1.41,44.5,1.46,11.44,1.82,54.99,86,29.1,0.76,-10.5,-0.83,17.26,,,,,
sterling_kite_engine,NIFTY BANK,delta1,21,1.25,14,2.0,7,3.0,three_red,mid,18,20,287,43.2,1.05,10.77,0.28,22.22,1.22,30.22,89,39.3,0.78,-19.44,-0.93,28.2,,,,,
sterling_kite_engine,NIFTY BANK,options_atm,21,1.25,14,2.0,7,3.0,three_red,mid,18,20,287,39.0,1.27,29.08,1.25,8.84,1.53,34.66,89,33.7,0.86,-5.58,-0.52,11.71,,,,,
sterling_kite_engine,NIFTY BANK,delta1,21,1.25,14,2.0,7,3.0,three_red,mid,30,20,280,40.7,1.16,38.07,0.8,19.42,1.42,60.27,87,40.2,0.75,-22.2,-0.96,29.96,,,,,
sterling_kite_engine,NIFTY BANK,options_atm,21,1.25,14,2.0,7,3.0,three_red,mid,30,20,280,36.1,1.5,55.48,1.69,9.95,1.91,62.79,87,32.2,0.83,-7.31,-0.54,15.64,,,,,
sterling_kite_engine,NIFTY BANK,delta1,21,1.25,14,2.0,7,3.0,three_red,mid,48,20,273,39.9,1.15,34.82,0.76,19.9,1.4,56.43,87,40.2,0.76,-21.61,-0.93,29.94,,,,,
sterling_kite_engine,NIFTY BANK,options_atm,21,1.25,14,2.0,7,3.0,three_red,mid,48,20,273,35.2,1.45,49.93,1.6,10.67,1.86,58.27,87,31.0,0.8,-8.34,-0.62,16.34,,,,,
sterling_kite_engine,NIFTY BANK,delta1,21,1.25,14,2.0,7,3.0,three_red,mid,none,25,145,36.6,0.97,-4.31,-0.13,22.68,1.23,19.85,46,39.1,0.51,-24.16,-1.83,26.23,,,,,
sterling_kite_engine,NIFTY BANK,options_atm,21,1.25,14,2.0,7,3.0,three_red,mid,none,25,145,32.4,1.21,13.85,0.6,11.88,1.69,27.99,46,30.4,0.41,-14.14,-2.48,15.16,,,,,
sterling_kite_engine,NIFTY BANK,delta1,21,1.25,14,2.0,7,3.0,three_red,mid,18,25,154,39.6,0.92,-10.67,-0.38,19.4,1.07,5.71,46,39.1,0.66,-16.38,-1.1,18.89,,,,,
sterling_kite_engine,NIFTY BANK,options_atm,21,1.25,14,2.0,7,3.0,three_red,mid,18,25,154,35.1,1.15,9.43,0.53,7.37,1.41,16.01,46,34.8,0.71,-6.58,-0.89,7.92,,,,,
sterling_kite_engine,NIFTY BANK,delta1,21,1.25,14,2.0,7,3.0,three_red,mid,30,25,153,37.9,0.96,-5.99,-0.18,25.58,1.21,18.46,46,39.1,0.51,-24.45,-1.87,26.51,,,,,
sterling_kite_engine,NIFTY BANK,options_atm,21,1.25,14,2.0,7,3.0,three_red,mid,30,25,153,33.3,1.25,16.59,0.67,11.76,1.7,29.56,46,32.6,0.44,-12.97,-2.28,14.01,,,,,
sterling_kite_engine,NIFTY BANK,delta1,21,1.25,14,2.0,7,3.0,three_red,mid,48,25,147,36.7,0.99,-1.81,-0.05,21.93,1.23,20.59,46,39.1,0.55,-22.4,-1.67,24.51,,,,,
sterling_kite_engine,NIFTY BANK,options_atm,21,1.25,14,2.0,7,3.0,three_red,mid,48,25,147,33.3,1.27,17.81,0.76,10.64,1.72,30.21,46,32.6,0.47,-12.4,-2.14,13.45,,,,,
sterling_kite_engine,NIFTY BANK,delta1,21,1.25,14,2.0,7,3.0,three_red_signal,fast,none,none,489,40.3,1.12,37.21,0.64,13.3,1.17,33.45,146,40.4,1.03,3.76,0.14,17.14,,,,,
sterling_kite_engine,NIFTY BANK,options_atm,21,1.25,14,2.0,7,3.0,three_red_signal,fast,none,none,489,37.2,1.32,47.93,1.35,5.8,1.4,38.71,146,35.6,1.18,9.21,0.58,7.87,,,,,
sterling_kite_engine,NIFTY BANK,delta1,21,1.25,14,2.0,7,3.0,three_red_signal,fast,18,none,489,41.5,1.04,11.5,0.22,15.81,1.08,15.24,146,41.8,0.97,-3.75,-0.16,16.06,,,,,
sterling_kite_engine,NIFTY BANK,options_atm,21,1.25,14,2.0,7,3.0,three_red_signal,fast,18,none,489,38.2,1.19,27.49,0.96,6.91,1.25,23.5,146,36.3,1.08,3.99,0.3,7.42,,,,,
sterling_kite_engine,NIFTY BANK,delta1,21,1.25,14,2.0,7,3.0,three_red_signal,fast,30,none,489,40.3,1.11,32.92,0.57,13.59,1.16,32.65,146,40.4,1.0,0.27,0.01,17.5,,,,,
sterling_kite_engine,NIFTY BANK,options_atm,21,1.25,14,2.0,7,3.0,three_red_signal,fast,30,none,489,37.2,1.3,45.19,1.3,5.91,1.39,37.82,146,35.6,1.14,7.36,0.47,8.0,,,,,
sterling_kite_engine,NIFTY BANK,delta1,21,1.25,14,2.0,7,3.0,three_red_signal,fast,48,none,489,40.3,1.11,34.79,0.6,13.47,1.16,31.63,146,40.4,1.03,3.15,0.12,17.14,,,,,
sterling_kite_engine,NIFTY BANK,options_atm,21,1.25,14,2.0,7,3.0,three_red_signal,fast,48,none,489,37.2,1.31,45.92,1.31,6.06,1.39,37.04,146,35.6,1.17,8.88,0.56,7.98,,,,,
sterling_kite_engine,NIFTY BANK,delta1,21,1.25,14,2.0,7,3.0,three_red_signal,fast,none,15,451,38.6,1.04,11.07,0.21,17.86,1.06,12.13,135,38.5,0.99,-1.06,-0.04,19.25,,,,,
sterling_kite_engine,NIFTY BANK,options_atm,21,1.25,14,2.0,7,3.0,three_red_signal,fast,none,15,451,36.1,1.22,31.84,0.97,7.75,1.28,25.71,135,34.1,1.12,6.13,0.4,8.6,,,,,
sterling_kite_engine,NIFTY BANK,delta1,21,1.25,14,2.0,7,3.0,three_red_signal,fast,18,15,451,39.9,0.96,-11.18,-0.24,23.96,0.98,-4.64,135,40.0,0.94,-6.54,-0.28,18.15,,,,,
sterling_kite_engine,NIFTY BANK,options_atm,21,1.25,14,2.0,7,3.0,three_red_signal,fast,18,15,451,37.3,1.1,14.03,0.53,9.4,1.13,11.66,135,34.8,1.05,2.37,0.18,7.77,,,,,
sterling_kite_engine,NIFTY BANK,delta1,21,1.25,14,2.0,7,3.0,three_red_signal,fast,30,15,451,38.6,1.03,8.17,0.15,18.72,1.05,10.38,135,38.5,0.98,-2.22,-0.09,19.25,,,,,
sterling_kite_engine,NIFTY BANK,options_atm,21,1.25,14,2.0,7,3.0,three_red_signal,fast,30,15,451,36.1,1.21,29.91,0.93,8.06,1.26,23.97,135,34.1,1.12,5.94,0.38,8.6,,,,,
sterling_kite_engine,NIFTY BANK,delta1,21,1.25,14,2.0,7,3.0,three_red_signal,fast,48,15,451,38.6,1.03,8.65,0.16,18.13,1.05,10.32,135,38.5,0.98,-1.67,-0.07,19.25,,,,,
sterling_kite_engine,NIFTY BANK,options_atm,21,1.25,14,2.0,7,3.0,three_red_signal,fast,48,15,451,36.1,1.21,29.84,0.92,7.85,1.26,24.04,135,34.1,1.12,5.8,0.38,8.6,,,,,
sterling_kite_engine,NIFTY BANK,delta1,21,1.25,14,2.0,7,3.0,three_red_signal,fast,none,20,298,38.9,1.12,22.72,0.62,18.64,1.24,28.88,93,37.6,0.91,-6.17,-0.3,23.19,,,,,
sterling_kite_engine,NIFTY BANK,options_atm,21,1.25,14,2.0,7,3.0,three_red_signal,fast,none,20,298,36.2,1.33,30.36,1.33,9.95,1.52,30.06,93,33.3,1.01,0.3,0.02,12.59,,,,,
sterling_kite_engine,NIFTY BANK,delta1,21,1.25,14,2.0,7,3.0,three_red_signal,fast,18,20,298,40.6,1.06,11.83,0.36,19.78,1.17,19.81,93,38.7,0.89,-7.98,-0.42,23.16,,,,,
sterling_kite_engine,NIFTY BANK,options_atm,21,1.25,14,2.0,7,3.0,three_red_signal,fast,18,20,298,37.2,1.23,20.49,1.12,9.91,1.38,21.36,93,33.3,0.97,-0.87,-0.09,11.83,,,,,
sterling_kite_engine,NIFTY BANK,delta1,21,1.25,14,2.0,7,3.0,three_red_signal,fast,30,20,298,38.9,1.11,21.29,0.59,20.07,1.25,29.55,93,37.6,0.89,-8.26,-0.4,25.07,,,,,
sterling_kite_engine,NIFTY BANK,options_atm,21,1.25,14,2.0,7,3.0,three_red_signal,fast,30,20,298,36.2,1.32,29.82,1.31,10.73,1.53,30.47,93,33.3,0.98,-0.65,-0.05,13.62,,,,,
sterling_kite_engine,NIFTY BANK,delta1,21,1.25,14,2.0,7,3.0,three_red_signal,fast,48,20,298,38.9,1.12,22.11,0.61,19.05,1.24,28.88,93,37.6,0.91,-6.78,-0.33,23.7,,,,,
sterling_kite_engine,NIFTY BANK,options_atm,21,1.25,14,2.0,7,3.0,three_red_signal,fast,48,20,298,36.2,1.32,30.03,1.32,10.18,1.52,30.06,93,33.3,1.0,-0.03,-0.0,12.89,,,,,
sterling_kite_engine,NIFTY BANK,delta1,21,1.25,14,2.0,7,3.0,three_red_signal,fast,none,25,157,37.6,1.04,3.99,0.16,14.24,1.09,6.3,47,40.4,0.93,-2.31,-0.19,12.76,,,,,
sterling_kite_engine,NIFTY BANK,options_atm,21,1.25,14,2.0,7,3.0,three_red_signal,fast,none,25,157,35.0,1.24,12.4,0.82,6.95,1.39,13.79,47,36.2,0.92,-1.39,-0.23,6.62,,,,,
sterling_kite_engine,NIFTY BANK,delta1,21,1.25,14,2.0,7,3.0,three_red_signal,fast,18,25,157,40.1,1.03,3.25,0.14,13.68,1.04,2.86,47,42.6,1.01,0.39,0.03,12.28,,,,,
sterling_kite_engine,NIFTY BANK,options_atm,21,1.25,14,2.0,7,3.0,three_red_signal,fast,18,25,157,35.7,1.22,11.06,0.84,5.79,1.28,9.74,47,36.2,1.08,1.32,0.19,5.63,,,,,
sterling_kite_engine,NIFTY BANK,delta1,21,1.25,14,2.0,7,3.0,three_red_signal,fast,30,25,157,37.6,1.02,1.96,0.08,16.14,1.09,6.54,47,40.4,0.87,-4.58,-0.38,14.86,,,,,
sterling_kite_engine,NIFTY BANK,options_atm,21,1.25,14,2.0,7,3.0,three_red_signal,fast,30,25,157,35.0,1.22,11.61,0.76,7.92,1.4,14.2,47,36.2,0.85,-2.59,-0.45,7.76,,,,,
sterling_kite_engine,NIFTY BANK,delta1,21,1.25,14,2.0,7,3.0,three_red_signal,fast,48,25,157,37.6,1.03,3.38,0.14,14.76,1.09,6.3,47,40.4,0.92,-2.91,-0.24,13.32,,,,,
sterling_kite_engine,NIFTY BANK,options_atm,21,1.25,14,2.0,7,3.0,three_red_signal,fast,48,25,157,35.0,1.23,12.06,0.8,7.22,1.39,13.79,47,36.2,0.9,-1.72,-0.29,6.93,,,,,
sterling_kite_engine,NIFTY BANK,delta1,21,1.25,14,2.0,7,3.0,three_red_signal,mid,none,none,427,39.1,1.1,34.27,0.5,21.49,1.24,52.28,132,38.6,0.86,-18.01,-0.58,31.66,,,,,
sterling_kite_engine,NIFTY BANK,options_atm,21,1.25,14,2.0,7,3.0,three_red_signal,mid,none,none,427,33.5,1.32,55.5,1.23,11.45,1.56,59.42,132,28.0,0.94,-3.92,-0.21,16.83,,,,,
sterling_kite_engine,NIFTY BANK,delta1,21,1.25,14,2.0,7,3.0,three_red_signal,mid,18,none,459,44.0,0.99,-1.92,-0.03,29.07,1.12,25.95,137,40.1,0.79,-27.87,-1.05,35.78,,,,,
sterling_kite_engine,NIFTY BANK,options_atm,21,1.25,14,2.0,7,3.0,three_red_signal,mid,18,none,459,39.9,1.17,28.08,0.84,10.54,1.34,35.31,137,34.3,0.89,-7.23,-0.51,14.02,,,,,
sterling_kite_engine,NIFTY BANK,delta1,21,1.25,14,2.0,7,3.0,three_red_signal,mid,30,none,439,40.1,1.12,44.44,0.63,20.34,1.33,73.66,134,38.8,0.79,-29.22,-0.96,34.25,,,,,
sterling_kite_engine,NIFTY BANK,options_atm,21,1.25,14,2.0,7,3.0,three_red_signal,mid,30,none,439,35.5,1.41,70.79,1.5,6.57,1.72,77.46,134,29.9,0.9,-6.67,-0.37,11.47,,,,,
sterling_kite_engine,NIFTY BANK,delta1,21,1.25,14,2.0,7,3.0,three_red_signal,mid,48,none,432,39.6,1.12,41.11,0.59,20.21,1.26,56.76,134,39.6,0.88,-15.66,-0.48,30.23,,,,,
sterling_kite_engine,NIFTY BANK,options_atm,21,1.25,14,2.0,7,3.0,three_red_signal,mid,48,none,432,34.0,1.36,61.91,1.32,10.46,1.58,62.1,134,29.1,1.0,-0.19,-0.01,14.49,,,,,
sterling_kite_engine,NIFTY BANK,delta1,21,1.25,14,2.0,7,3.0,three_red_signal,mid,none,15,394,37.1,1.04,11.93,0.19,27.16,1.18,38.28,123,36.6,0.79,-26.35,-0.93,36.58,,,,,
sterling_kite_engine,NIFTY BANK,options_atm,21,1.25,14,2.0,7,3.0,three_red_signal,mid,none,15,394,32.2,1.25,41.79,1.0,12.31,1.52,52.41,123,27.6,0.83,-10.62,-0.65,18.44,,,,,
sterling_kite_engine,NIFTY BANK,delta1,21,1.25,14,2.0,7,3.0,three_red_signal,mid,18,15,424,42.0,0.92,-27.93,-0.52,36.59,1.01,1.36,127,37.8,0.77,-29.29,-1.13,37.04,,,,,
sterling_kite_engine,NIFTY BANK,options_atm,21,1.25,14,2.0,7,3.0,three_red_signal,mid,18,15,424,38.2,1.08,13.1,0.42,12.4,1.21,21.19,127,33.9,0.87,-8.09,-0.58,14.86,,,,,
sterling_kite_engine,NIFTY BANK,delta1,21,1.25,14,2.0,7,3.0,three_red_signal,mid,30,15,405,38.0,1.07,24.02,0.36,24.1,1.26,55.74,124,36.3,0.76,-31.73,-1.07,36.58,,,,,
sterling_kite_engine,NIFTY BANK,options_atm,21,1.25,14,2.0,7,3.0,three_red_signal,mid,30,15,405,34.1,1.35,58.92,1.32,7.46,1.65,67.33,124,29.8,0.87,-8.42,-0.47,12.3,,,,,
sterling_kite_engine,NIFTY BANK,delta1,21,1.25,14,2.0,7,3.0,three_red_signal,mid,48,15,398,37.4,1.05,15.49,0.24,25.65,1.2,42.76,124,37.1,0.79,-27.27,-0.96,35.24,,,,,
sterling_kite_engine,NIFTY BANK,options_atm,21,1.25,14,2.0,7,3.0,three_red_signal,mid,48,15,398,32.9,1.27,45.14,1.07,11.94,1.54,55.09,124,29.0,0.84,-9.95,-0.6,16.12,,,,,
sterling_kite_engine,NIFTY BANK,delta1,21,1.25,14,2.0,7,3.0,three_red_signal,mid,none,20,270,39.6,1.14,31.62,0.7,21.78,1.39,54.36,86,39.5,0.74,-22.74,-1.0,32.18,,,,,
sterling_kite_engine,NIFTY BANK,options_atm,21,1.25,14,2.0,7,3.0,three_red_signal,mid,none,20,270,34.4,1.41,44.5,1.46,11.44,1.82,54.99,86,29.1,0.76,-10.5,-0.83,17.26,,,,,
sterling_kite_engine,NIFTY BANK,delta1,21,1.25,14,2.0,7,3.0,three_red_signal,mid,18,20,287,43.2,1.05,10.77,0.28,22.22,1.22,30.22,89,39.3,0.78,-19.44,-0.93,28.2,,,,,
sterling_kite_engine,NIFTY BANK,options_atm,21,1.25,14,2.0,7,3.0,three_red_signal,mid,18,20,287,39.0,1.27,29.08,1.25,8.84,1.53,34.66,89,33.7,0.86,-5.58,-0.52,11.71,,,,,
sterling_kite_engine,NIFTY BANK,delta1,21,1.25,14,2.0,7,3.0,three_red_signal,mid,30,20,280,40.7,1.16,38.07,0.8,19.42,1.42,60.27,87,40.2,0.75,-22.2,-0.96,29.96,,,,,
sterling_kite_engine,NIFTY BANK,options_atm,21,1.25,14,2.0,7,3.0,three_red_signal,mid,30,20,280,36.1,1.5,55.48,1.69,9.95,1.91,62.79,87,32.2,0.83,-7.31,-0.54,15.64,,,,,
sterling_kite_engine,NIFTY BANK,delta1,21,1.25,14,2.0,7,3.0,three_red_signal,mid,48,20,273,39.9,1.15,34.82,0.76,19.9,1.4,56.43,87,40.2,0.76,-21.61,-0.93,29.94,,,,,
sterling_kite_engine,NIFTY BANK,options_atm,21,1.25,14,2.0,7,3.0,three_red_signal,mid,48,20,273,35.2,1.45,49.93,1.6,10.67,1.86,58.27,87,31.0,0.8,-8.34,-0.62,16.34,,,,,
sterling_kite_engine,NIFTY BANK,delta1,21,1.25,14,2.0,7,3.0,three_red_signal,mid,none,25,145,36.6,0.97,-4.31,-0.13,22.68,1.23,19.85,46,39.1,0.51,-24.16,-1.83,26.23,,,,,
sterling_kite_engine,NIFTY BANK,options_atm,21,1.25,14,2.0,7,3.0,three_red_signal,mid,none,25,145,32.4,1.21,13.85,0.6,11.88,1.69,27.99,46,30.4,0.41,-14.14,-2.48,15.16,,,,,
sterling_kite_engine,NIFTY BANK,delta1,21,1.25,14,2.0,7,3.0,three_red_signal,mid,18,25,154,39.6,0.92,-10.67,-0.38,19.4,1.07,5.71,46,39.1,0.66,-16.38,-1.1,18.89,,,,,
sterling_kite_engine,NIFTY BANK,options_atm,21,1.25,14,2.0,7,3.0,three_red_signal,mid,18,25,154,35.1,1.15,9.43,0.53,7.37,1.41,16.01,46,34.8,0.71,-6.58,-0.89,7.92,,,,,
sterling_kite_engine,NIFTY BANK,delta1,21,1.25,14,2.0,7,3.0,three_red_signal,mid,30,25,153,37.9,0.96,-5.99,-0.18,25.58,1.21,18.46,46,39.1,0.51,-24.45,-1.87,26.51,,,,,
sterling_kite_engine,NIFTY BANK,options_atm,21,1.25,14,2.0,7,3.0,three_red_signal,mid,30,25,153,33.3,1.25,16.59,0.67,11.76,1.7,29.56,46,32.6,0.44,-12.97,-2.28,14.01,,,,,
sterling_kite_engine,NIFTY BANK,delta1,21,1.25,14,2.0,7,3.0,three_red_signal,mid,48,25,147,36.7,0.99,-1.81,-0.05,21.93,1.23,20.59,46,39.1,0.55,-22.4,-1.67,24.51,,,,,
sterling_kite_engine,NIFTY BANK,options_atm,21,1.25,14,2.0,7,3.0,three_red_signal,mid,48,25,147,33.3,1.27,17.81,0.76,10.64,1.72,30.21,46,32.6,0.47,-12.4,-2.14,13.45,,,,,
sterling_kite_engine,NIFTY FIN SERVICE,delta1,14,0.75,14,2.0,7,3.0,one_red,fast,none,none,665,40.0,1.15,35.17,0.72,12.49,1.22,34.23,185,42.7,1.01,0.94,0.05,16.1,,,,,
sterling_kite_engine,NIFTY FIN SERVICE,options_atm,14,0.75,14,2.0,7,3.0,one_red,fast,none,none,665,37.6,1.35,39.55,1.27,6.59,1.47,34.98,185,40.5,1.12,4.58,0.4,8.62,,,,,
sterling_kite_engine,NIFTY FIN SERVICE,delta1,14,0.75,14,2.0,7,3.0,one_red,fast,18,none,665,40.0,1.09,20.81,0.47,14.85,1.2,30.3,185,42.7,0.88,-9.49,-0.67,18.95,,,,,
sterling_kite_engine,NIFTY FIN SERVICE,options_atm,14,0.75,14,2.0,7,3.0,one_red,fast,18,none,665,37.6,1.24,27.57,1.04,7.4,1.42,31.6,185,40.5,0.89,-4.03,-0.55,9.62,,,,,
sterling_kite_engine,NIFTY FIN SERVICE,delta1,14,0.75,14,2.0,7,3.0,one_red,fast,30,none,665,40.0,1.14,32.01,0.67,12.75,1.22,34.62,185,42.7,0.97,-2.61,-0.16,16.59,,,,,
sterling_kite_engine,NIFTY FIN SERVICE,options_atm,14,0.75,14,2.0,7,3.0,one_red,fast,30,none,665,37.6,1.33,36.9,1.23,6.71,1.47,35.4,185,40.5,1.04,1.5,0.15,8.86,,,,,
sterling_kite_engine,NIFTY FIN SERVICE,delta1,14,0.75,14,2.0,7,3.0,one_red,fast,48,none,665,40.0,1.15,35.17,0.72,12.49,1.22,34.23,185,42.7,1.01,0.94,0.05,16.1,,,,,
sterling_kite_engine,NIFTY FIN SERVICE,options_atm,14,0.75,14,2.0,7,3.0,one_red,fast,48,none,665,37.6,1.35,39.55,1.27,6.59,1.47,34.98,185,40.5,1.12,4.58,0.4,8.62,,,,,
sterling_kite_engine,NIFTY FIN SERVICE,delta1,14,0.75,14,2.0,7,3.0,one_red,fast,none,15,600,39.3,1.13,28.18,0.63,14.06,1.21,29.97,171,42.1,0.98,-1.79,-0.1,17.65,,,,,
sterling_kite_engine,NIFTY FIN SERVICE,options_atm,14,0.75,14,2.0,7,3.0,one_red,fast,none,15,600,36.8,1.34,35.71,1.23,7.48,1.47,32.64,171,39.8,1.09,3.06,0.27,9.65,,,,,
sterling_kite_engine,NIFTY FIN SERVICE,delta1,14,0.75,14,2.0,7,3.0,one_red,fast,18,15,600,39.3,1.06,13.82,0.34,17.32,1.18,26.04,171,42.1,0.83,-12.22,-0.91,21.43,,,,,
sterling_kite_engine,NIFTY FIN SERVICE,options_atm,14,0.75,14,2.0,7,3.0,one_red,fast,18,15,600,36.8,1.23,23.72,0.96,8.65,1.42,29.26,171,39.8,0.85,-5.54,-0.79,11.06,,,,,
sterling_kite_engine,NIFTY FIN SERVICE,delta1,14,0.75,14,2.0,7,3.0,one_red,fast,30,15,600,39.3,1.12,25.02,0.57,14.37,1.21,30.36,171,42.1,0.93,-5.34,-0.33,18.2,,,,,
sterling_kite_engine,NIFTY FIN SERVICE,options_atm,14,0.75,14,2.0,7,3.0,one_red,fast,30,15,600,36.8,1.32,33.05,1.18,7.62,1.48,33.06,171,39.8,1.0,-0.02,-0.0,9.92,,,,,
sterling_kite_engine,NIFTY FIN SERVICE,delta1,14,0.75,14,2.0,7,3.0,one_red,fast,48,15,600,39.3,1.13,28.18,0.63,14.06,1.21,29.97,171,42.1,0.98,-1.79,-0.1,17.65,,,,,
sterling_kite_engine,NIFTY FIN SERVICE,options_atm,14,0.75,14,2.0,7,3.0,one_red,fast,48,15,600,36.8,1.34,35.71,1.23,7.48,1.47,32.64,171,39.8,1.09,3.06,0.27,9.65,,,,,
sterling_kite_engine,NIFTY FIN SERVICE,delta1,14,0.75,14,2.0,7,3.0,one_red,fast,none,20,421,38.7,1.17,26.91,0.77,17.5,1.31,31.16,122,38.5,0.93,-4.25,-0.26,22.08,,,,,
sterling_kite_engine,NIFTY FIN SERVICE,options_atm,14,0.75,14,2.0,7,3.0,one_red,fast,none,20,421,37.3,1.44,34.1,1.48,8.84,1.64,31.58,122,38.5,1.09,2.52,0.23,11.29,,,,,
sterling_kite_engine,NIFTY FIN SERVICE,delta1,14,0.75,14,2.0,7,3.0,one_red,fast,18,20,421,38.7,1.09,13.71,0.44,19.33,1.28,28.38,122,38.5,0.75,-14.68,-1.2,24.35,,,,,
sterling_kite_engine,NIFTY FIN SERVICE,options_atm,14,0.75,14,2.0,7,3.0,one_red,fast,18,20,421,37.3,1.29,22.83,1.19,9.63,1.59,28.92,122,38.5,0.79,-6.09,-0.96,12.27,,,,,
sterling_kite_engine,NIFTY FIN SERVICE,delta1,14,0.75,14,2.0,7,3.0,one_red,fast,30,20,421,38.7,1.15,23.76,0.7,17.88,1.31,31.55,122,38.5,0.87,-7.8,-0.52,22.76,,,,,
sterling_kite_engine,NIFTY FIN SERVICE,options_atm,14,0.75,14,2.0,7,3.0,one_red,fast,30,20,421,37.3,1.41,31.41,1.42,9.01,1.65,31.97,122,38.5,0.98,-0.56,-0.06,11.6,,,,,
sterling_kite_engine,NIFTY FIN SERVICE,delta1,14,0.75,14,2.0,7,3.0,one_red,fast,48,20,421,38.7,1.17,26.91,0.77,17.5,1.31,31.16,122,38.5,0.93,-4.25,-0.26,22.08,,,,,
sterling_kite_engine,NIFTY FIN SERVICE,options_atm,14,0.75,14,2.0,7,3.0,one_red,fast,48,20,421,37.3,1.44,34.1,1.48,8.84,1.64,31.58,122,38.5,1.09,2.52,0.23,11.29,,,,,
sterling_kite_engine,NIFTY FIN SERVICE,delta1,14,0.75,14,2.0,7,3.0,one_red,fast,none,25,242,39.7,1.44,36.86,1.79,9.01,1.73,39.61,73,41.1,0.91,-2.75,-0.31,12.31,,,,,
sterling_kite_engine,NIFTY FIN SERVICE,options_atm,14,0.75,14,2.0,7,3.0,one_red,fast,none,25,242,38.4,1.78,31.89,2.32,5.02,2.29,33.44,73,41.1,0.9,-1.54,-0.34,6.63,,,,,
sterling_kite_engine,NIFTY FIN SERVICE,delta1,14,0.75,14,2.0,7,3.0,one_red,fast,18,25,242,39.7,1.41,34.5,1.74,9.3,1.69,37.46,73,41.1,0.9,-2.96,-0.34,12.52,,,,,
sterling_kite_engine,NIFTY FIN SERVICE,options_atm,14,0.75,14,2.0,7,3.0,one_red,fast,18,25,242,38.4,1.73,29.62,2.3,5.15,2.21,31.18,73,41.1,0.89,-1.56,-0.35,6.7,,,,,
sterling_kite_engine,NIFTY FIN SERVICE,delta1,14,0.75,14,2.0,7,3.0,one_red,fast,30,25,242,39.7,1.44,37.25,1.8,8.99,1.74,40.0,73,41.1,0.91,-2.75,-0.31,12.31,,,,,
sterling_kite_engine,NIFTY FIN SERVICE,options_atm,14,0.75,14,2.0,7,3.0,one_red,fast,30,25,242,38.4,1.79,32.29,2.32,5.01,2.31,33.83,73,41.1,0.9,-1.54,-0.34,6.63,,,,,
sterling_kite_engine,NIFTY FIN SERVICE,delta1,14,0.75,14,2.0,7,3.0,one_red,fast,48,25,242,39.7,1.44,36.86,1.79,9.01,1.73,39.61,73,41.1,0.91,-2.75,-0.31,12.31,,,,,
sterling_kite_engine,NIFTY FIN SERVICE,options_atm,14,0.75,14,2.0,7,3.0,one_red,fast,48,25,242,38.4,1.78,31.89,2.32,5.02,2.29,33.44,73,41.1,0.9,-1.54,-0.34,6.63,,,,,
sterling_kite_engine,NIFTY FIN SERVICE,delta1,14,0.75,14,2.0,7,3.0,one_red,mid,none,none,661,38.7,1.13,37.76,0.67,11.31,1.18,33.59,184,41.3,1.04,4.17,0.19,12.23,,,,,
sterling_kite_engine,NIFTY FIN SERVICE,options_atm,14,0.75,14,2.0,7,3.0,one_red,mid,none,none,661,35.2,1.26,37.73,1.09,5.68,1.36,33.94,184,37.5,1.07,3.79,0.3,7.42,,,,,
sterling_kite_engine,NIFTY FIN SERVICE,delta1,14,0.75,14,2.0,7,3.0,one_red,mid,18,none,661,39.0,1.06,18.29,0.35,12.54,1.11,21.37,184,41.8,0.97,-3.09,-0.16,13.14,,,,,
sterling_kite_engine,NIFTY FIN SERVICE,options_atm,14,0.75,14,2.0,7,3.0,one_red,mid,18,none,661,36.0,1.18,25.39,0.83,6.47,1.27,25.55,184,38.6,1.0,-0.16,-0.02,8.04,,,,,
sterling_kite_engine,NIFTY FIN SERVICE,delta1,14,0.75,14,2.0,7,3.0,one_red,mid,30,none,661,38.7,1.12,33.72,0.61,11.43,1.17,32.04,184,41.3,1.02,1.69,0.08,13.84,,,,,
sterling_kite_engine,NIFTY FIN SERVICE,options_atm,14,0.75,14,2.0,7,3.0,one_red,mid,30,none,661,35.4,1.25,35.69,1.06,6.37,1.35,33.28,184,38.0,1.05,2.4,0.2,8.3,,,,,
sterling_kite_engine,NIFTY FIN SERVICE,delta1,14,0.75,14,2.0,7,3.0,one_red,mid,48,none,661,38.7,1.13,38.67,0.68,11.31,1.19,35.28,184,41.3,1.03,3.39,0.16,12.9,,,,,
sterling_kite_engine,NIFTY FIN SERVICE,options_atm,14,0.75,14,2.0,7,3.0,one_red,mid,48,none,661,35.2,1.27,38.86,1.12,5.92,1.38,35.52,184,37.5,1.07,3.34,0.26,7.83,,,,,
sterling_kite_engine,NIFTY FIN SERVICE,delta1,14,0.75,14,2.0,7,3.0,one_red,mid,none,15,598,38.1,1.11,28.0,0.54,16.28,1.12,20.37,171,41.5,1.08,7.63,0.36,12.21,,,,,
sterling_kite_engine,NIFTY FIN SERVICE,options_atm,14,0.75,14,2.0,7,3.0,one_red,mid,none,15,598,35.3,1.23,30.95,0.98,7.37,1.29,25.53,171,38.0,1.12,5.42,0.44,8.54,,,,,
sterling_kite_engine,NIFTY FIN SERVICE,delta1,14,0.75,14,2.0,7,3.0,one_red,mid,18,15,598,38.5,1.05,12.92,0.27,17.6,1.07,12.95,171,42.1,1.0,-0.04,-0.0,14.27,,,,,
sterling_kite_engine,NIFTY FIN SERVICE,options_atm,14,0.75,14,2.0,7,3.0,one_red,mid,18,15,598,36.1,1.16,21.49,0.77,7.98,1.23,20.36,171,39.2,1.02,1.13,0.11,8.48,,,,,
sterling_kite_engine,NIFTY FIN SERVICE,delta1,14,0.75,14,2.0,7,3.0,one_red,mid,30,15,598,38.1,1.09,23.33,0.46,16.56,1.1,18.18,171,41.5,1.06,5.15,0.25,13.78,,,,,
sterling_kite_engine,NIFTY FIN SERVICE,options_atm,14,0.75,14,2.0,7,3.0,one_red,mid,30,15,598,35.5,1.21,28.29,0.91,7.73,1.28,24.25,171,38.6,1.09,4.03,0.34,9.41,,,,,
sterling_kite_engine,NIFTY FIN SERVICE,delta1,14,0.75,14,2.0,7,3.0,one_red,mid,48,15,598,38.1,1.11,28.91,0.56,16.19,1.13,22.06,171,41.5,1.08,6.85,0.33,12.86,,,,,
sterling_kite_engine,NIFTY FIN SERVICE,options_atm,14,0.75,14,2.0,7,3.0,one_red,mid,48,15,598,35.3,1.24,32.07,1.0,7.33,1.31,27.1,171,38.0,1.11,4.97,0.4,8.94,,,,,
sterling_kite_engine,NIFTY FIN SERVICE,delta1,14,0.75,14,2.0,7,3.0,one_red,mid,none,20,420,39.3,1.12,23.2,0.61,17.2,1.17,20.99,122,41.0,1.03,2.22,0.12,20.03,,,,,
sterling_kite_engine,NIFTY FIN SERVICE,options_atm,14,0.75,14,2.0,7,3.0,one_red,mid,none,20,420,36.2,1.27,25.82,1.1,9.69,1.38,23.3,122,36.9,1.07,2.53,0.23,11.64,,,,,
sterling_kite_engine,NIFTY FIN SERVICE,delta1,14,0.75,14,2.0,7,3.0,one_red,mid,18,20,420,39.5,1.05,10.26,0.3,18.55,1.13,15.97,122,41.8,0.92,-5.71,-0.37,21.05,,,,,
sterling_kite_engine,NIFTY FIN SERVICE,options_atm,14,0.75,14,2.0,7,3.0,one_red,mid,18,20,420,37.1,1.18,17.21,0.86,9.7,1.32,19.67,122,38.5,0.93,-2.46,-0.31,11.43,,,,,
sterling_kite_engine,NIFTY FIN SERVICE,delta1,14,0.75,14,2.0,7,3.0,one_red,mid,30,20,420,39.3,1.1,19.6,0.53,18.8,1.16,20.41,122,41.0,0.99,-0.81,-0.05,21.84,,,,,
sterling_kite_engine,NIFTY FIN SERVICE,options_atm,14,0.75,14,2.0,7,3.0,one_red,mid,30,20,420,36.4,1.25,23.91,1.04,10.59,1.38,23.23,122,37.7,1.02,0.67,0.07,12.73,,,,,
sterling_kite_engine,NIFTY FIN SERVICE,delta1,14,0.75,14,2.0,7,3.0,one_red,mid,48,20,420,39.3,1.12,24.05,0.63,17.53,1.18,22.61,122,41.0,1.02,1.44,0.08,20.65,,,,,
sterling_kite_engine,NIFTY FIN SERVICE,options_atm,14,0.75,14,2.0,7,3.0,one_red,mid,48,20,420,36.2,1.28,26.89,1.13,9.91,1.4,24.81,122,36.9,1.06,2.08,0.19,12.03,,,,,
sterling_kite_engine,NIFTY FIN SERVICE,delta1,14,0.75,14,2.0,7,3.0,one_red,mid,none,25,242,40.5,1.27,28.8,1.32,11.74,1.34,23.51,73,45.2,1.15,5.28,0.46,9.42,,,,,
sterling_kite_engine,NIFTY FIN SERVICE,options_atm,14,0.75,14,2.0,7,3.0,one_red,mid,none,25,242,37.2,1.43,22.48,1.68,4.76,1.65,21.95,73,41.1,1.03,0.53,0.09,5.59,,,,,
sterling_kite_engine,NIFTY FIN SERVICE,delta1,14,0.75,14,2.0,7,3.0,one_red,mid,18,25,242,40.9,1.28,30.03,1.42,10.62,1.33,23.04,73,46.6,1.19,6.99,0.6,9.28,,,,,
sterling_kite_engine,NIFTY FIN SERVICE,options_atm,14,0.75,14,2.0,7,3.0,one_red,mid,18,25,242,38.8,1.47,24.49,1.92,4.11,1.64,21.57,73,45.2,1.16,2.92,0.48,4.93,,,,,
sterling_kite_engine,NIFTY FIN SERVICE,delta1,14,0.75,14,2.0,7,3.0,one_red,mid,30,25,242,40.5,1.26,27.84,1.28,11.74,1.34,23.88,73,45.2,1.11,3.95,0.36,9.64,,,,,
sterling_kite_engine,NIFTY FIN SERVICE,options_atm,14,0.75,14,2.0,7,3.0,one_red,mid,30,25,242,37.6,1.44,22.72,1.69,5.27,1.67,22.68,73,42.5,1.0,0.05,0.01,6.4,,,,,
sterling_kite_engine,NIFTY FIN SERVICE,delta1,14,0.75,14,2.0,7,3.0,one_red,mid,48,25,242,40.5,1.28,29.2,1.33,11.74,1.35,24.7,73,45.2,1.12,4.5,0.4,9.48,,,,,
sterling_kite_engine,NIFTY FIN SERVICE,options_atm,14,0.75,14,2.0,7,3.0,one_red,mid,48,25,242,37.2,1.44,23.12,1.7,4.94,1.68,23.03,73,41.1,1.0,0.08,0.02,6.01,,,,,
sterling_kite_engine,NIFTY FIN SERVICE,delta1,14,0.75,14,2.0,7,3.0,two_red,fast,none,none,665,40.0,1.15,35.17,0.72,12.49,1.22,34.23,185,42.7,1.01,0.94,0.05,16.1,,,,,
sterling_kite_engine,NIFTY FIN SERVICE,options_atm,14,0.75,14,2.0,7,3.0,two_red,fast,none,none,665,37.6,1.35,39.55,1.27,6.59,1.47,34.98,185,40.5,1.12,4.58,0.4,8.62,,,,,
sterling_kite_engine,NIFTY FIN SERVICE,delta1,14,0.75,14,2.0,7,3.0,two_red,fast,18,none,665,40.0,1.09,20.81,0.47,14.85,1.2,30.3,185,42.7,0.88,-9.49,-0.67,18.95,,,,,
sterling_kite_engine,NIFTY FIN SERVICE,options_atm,14,0.75,14,2.0,7,3.0,two_red,fast,18,none,665,37.6,1.24,27.57,1.04,7.4,1.42,31.6,185,40.5,0.89,-4.03,-0.55,9.62,,,,,
sterling_kite_engine,NIFTY FIN SERVICE,delta1,14,0.75,14,2.0,7,3.0,two_red,fast,30,none,665,40.0,1.14,32.01,0.67,12.75,1.22,34.62,185,42.7,0.97,-2.61,-0.16,16.59,,,,,
sterling_kite_engine,NIFTY FIN SERVICE,options_atm,14,0.75,14,2.0,7,3.0,two_red,fast,30,none,665,37.6,1.33,36.9,1.23,6.71,1.47,35.4,185,40.5,1.04,1.5,0.15,8.86,,,,,
sterling_kite_engine,NIFTY FIN SERVICE,delta1,14,0.75,14,2.0,7,3.0,two_red,fast,48,none,665,40.0,1.15,35.17,0.72,12.49,1.22,34.23,185,42.7,1.01,0.94,0.05,16.1,,,,,
sterling_kite_engine,NIFTY FIN SERVICE,options_atm,14,0.75,14,2.0,7,3.0,two_red,fast,48,none,665,37.6,1.35,39.55,1.27,6.59,1.47,34.98,185,40.5,1.12,4.58,0.4,8.62,,,,,
sterling_kite_engine,NIFTY FIN SERVICE,delta1,14,0.75,14,2.0,7,3.0,two_red,fast,none,15,600,39.3,1.13,28.18,0.63,14.06,1.21,29.97,171,42.1,0.98,-1.79,-0.1,17.65,,,,,
sterling_kite_engine,NIFTY FIN SERVICE,options_atm,14,0.75,14,2.0,7,3.0,two_red,fast,none,15,600,36.8,1.34,35.71,1.23,7.48,1.47,32.64,171,39.8,1.09,3.06,0.27,9.65,,,,,
sterling_kite_engine,NIFTY FIN SERVICE,delta1,14,0.75,14,2.0,7,3.0,two_red,fast,18,15,600,39.3,1.06,13.82,0.34,17.32,1.18,26.04,171,42.1,0.83,-12.22,-0.91,21.43,,,,,
sterling_kite_engine,NIFTY FIN SERVICE,options_atm,14,0.75,14,2.0,7,3.0,two_red,fast,18,15,600,36.8,1.23,23.72,0.96,8.65,1.42,29.26,171,39.8,0.85,-5.54,-0.79,11.06,,,,,
sterling_kite_engine,NIFTY FIN SERVICE,delta1,14,0.75,14,2.0,7,3.0,two_red,fast,30,15,600,39.3,1.12,25.02,0.57,14.37,1.21,30.36,171,42.1,0.93,-5.34,-0.33,18.2,,,,,
sterling_kite_engine,NIFTY FIN SERVICE,options_atm,14,0.75,14,2.0,7,3.0,two_red,fast,30,15,600,36.8,1.32,33.05,1.18,7.62,1.48,33.06,171,39.8,1.0,-0.02,-0.0,9.92,,,,,
sterling_kite_engine,NIFTY FIN SERVICE,delta1,14,0.75,14,2.0,7,3.0,two_red,fast,48,15,600,39.3,1.13,28.18,0.63,14.06,1.21,29.97,171,42.1,0.98,-1.79,-0.1,17.65,,,,,
sterling_kite_engine,NIFTY FIN SERVICE,options_atm,14,0.75,14,2.0,7,3.0,two_red,fast,48,15,600,36.8,1.34,35.71,1.23,7.48,1.47,32.64,171,39.8,1.09,3.06,0.27,9.65,,,,,
sterling_kite_engine,NIFTY FIN SERVICE,delta1,14,0.75,14,2.0,7,3.0,two_red,fast,none,20,421,38.7,1.17,26.91,0.77,17.5,1.31,31.16,122,38.5,0.93,-4.25,-0.26,22.08,,,,,
sterling_kite_engine,NIFTY FIN SERVICE,options_atm,14,0.75,14,2.0,7,3.0,two_red,fast,none,20,421,37.3,1.44,34.1,1.48,8.84,1.64,31.58,122,38.5,1.09,2.52,0.23,11.29,,,,,
sterling_kite_engine,NIFTY FIN SERVICE,delta1,14,0.75,14,2.0,7,3.0,two_red,fast,18,20,421,38.7,1.09,13.71,0.44,19.33,1.28,28.38,122,38.5,0.75,-14.68,-1.2,24.35,,,,,
sterling_kite_engine,NIFTY FIN SERVICE,options_atm,14,0.75,14,2.0,7,3.0,two_red,fast,18,20,421,37.3,1.29,22.83,1.19,9.63,1.59,28.92,122,38.5,0.79,-6.09,-0.96,12.27,,,,,
sterling_kite_engine,NIFTY FIN SERVICE,delta1,14,0.75,14,2.0,7,3.0,two_red,fast,30,20,421,38.7,1.15,23.76,0.7,17.88,1.31,31.55,122,38.5,0.87,-7.8,-0.52,22.76,,,,,
sterling_kite_engine,NIFTY FIN SERVICE,options_atm,14,0.75,14,2.0,7,3.0,two_red,fast,30,20,421,37.3,1.41,31.41,1.42,9.01,1.65,31.97,122,38.5,0.98,-0.56,-0.06,11.6,,,,,
sterling_kite_engine,NIFTY FIN SERVICE,delta1,14,0.75,14,2.0,7,3.0,two_red,fast,48,20,421,38.7,1.17,26.91,0.77,17.5,1.31,31.16,122,38.5,0.93,-4.25,-0.26,22.08,,,,,
sterling_kite_engine,NIFTY FIN SERVICE,options_atm,14,0.75,14,2.0,7,3.0,two_red,fast,48,20,421,37.3,1.44,34.1,1.48,8.84,1.64,31.58,122,38.5,1.09,2.52,0.23,11.29,,,,,
sterling_kite_engine,NIFTY FIN SERVICE,delta1,14,0.75,14,2.0,7,3.0,two_red,fast,none,25,242,39.7,1.44,36.86,1.79,9.01,1.73,39.61,73,41.1,0.91,-2.75,-0.31,12.31,,,,,
sterling_kite_engine,NIFTY FIN SERVICE,options_atm,14,0.75,14,2.0,7,3.0,two_red,fast,none,25,242,38.4,1.78,31.89,2.32,5.02,2.29,33.44,73,41.1,0.9,-1.54,-0.34,6.63,,,,,
sterling_kite_engine,NIFTY FIN SERVICE,delta1,14,0.75,14,2.0,7,3.0,two_red,fast,18,25,242,39.7,1.41,34.5,1.74,9.3,1.69,37.46,73,41.1,0.9,-2.96,-0.34,12.52,,,,,
sterling_kite_engine,NIFTY FIN SERVICE,options_atm,14,0.75,14,2.0,7,3.0,two_red,fast,18,25,242,38.4,1.73,29.62,2.3,5.15,2.21,31.18,73,41.1,0.89,-1.56,-0.35,6.7,,,,,
sterling_kite_engine,NIFTY FIN SERVICE,delta1,14,0.75,14,2.0,7,3.0,two_red,fast,30,25,242,39.7,1.44,37.25,1.8,8.99,1.74,40.0,73,41.1,0.91,-2.75,-0.31,12.31,,,,,
sterling_kite_engine,NIFTY FIN SERVICE,options_atm,14,0.75,14,2.0,7,3.0,two_red,fast,30,25,242,38.4,1.79,32.29,2.32,5.01,2.31,33.83,73,41.1,0.9,-1.54,-0.34,6.63,,,,,
sterling_kite_engine,NIFTY FIN SERVICE,delta1,14,0.75,14,2.0,7,3.0,two_red,fast,48,25,242,39.7,1.44,36.86,1.79,9.01,1.73,39.61,73,41.1,0.91,-2.75,-0.31,12.31,,,,,
sterling_kite_engine,NIFTY FIN SERVICE,options_atm,14,0.75,14,2.0,7,3.0,two_red,fast,48,25,242,38.4,1.78,31.89,2.32,5.02,2.29,33.44,73,41.1,0.9,-1.54,-0.34,6.63,,,,,
sterling_kite_engine,NIFTY FIN SERVICE,delta1,14,0.75,14,2.0,7,3.0,two_red,mid,none,none,469,35.8,1.1,30.03,0.53,16.39,1.26,45.96,139,30.9,0.86,-15.94,-0.64,23.54,,,,,
sterling_kite_engine,NIFTY FIN SERVICE,options_atm,14,0.75,14,2.0,7,3.0,two_red,mid,none,none,469,31.1,1.29,41.86,1.14,9.78,1.52,46.23,139,26.6,0.92,-4.37,-0.3,14.06,,,,,
sterling_kite_engine,NIFTY FIN SERVICE,delta1,14,0.75,14,2.0,7,3.0,two_red,mid,18,none,550,40.4,0.99,-4.24,-0.08,29.31,1.12,23.66,161,36.0,0.77,-27.9,-1.33,35.83,,,,,
sterling_kite_engine,NIFTY FIN SERVICE,options_atm,14,0.75,14,2.0,7,3.0,two_red,mid,18,none,550,38.2,1.1,15.19,0.53,15.62,1.29,27.39,161,32.9,0.8,-12.2,-1.08,19.75,,,,,
sterling_kite_engine,NIFTY FIN SERVICE,delta1,14,0.75,14,2.0,7,3.0,two_red,mid,30,none,499,36.3,1.09,26.46,0.46,17.98,1.22,42.39,142,31.7,0.86,-15.93,-0.66,25.2,,,,,
sterling_kite_engine,NIFTY FIN SERVICE,options_atm,14,0.75,14,2.0,7,3.0,two_red,mid,30,none,499,32.3,1.28,42.78,1.16,8.16,1.48,45.91,142,27.5,0.95,-3.13,-0.22,11.78,,,,,
sterling_kite_engine,NIFTY FIN SERVICE,delta1,14,0.75,14,2.0,7,3.0,two_red,mid,48,none,476,36.3,1.12,34.73,0.61,16.86,1.29,51.99,141,31.2,0.85,-17.26,-0.7,25.17,,,,,
sterling_kite_engine,NIFTY FIN SERVICE,options_atm,14,0.75,14,2.0,7,3.0,two_red,mid,48,none,476,31.7,1.32,46.4,1.26,9.98,1.57,50.88,141,26.2,0.92,-4.48,-0.31,14.78,,,,,
sterling_kite_engine,NIFTY FIN SERVICE,delta1,14,0.75,14,2.0,7,3.0,two_red,mid,none,15,433,35.1,1.07,19.84,0.38,21.24,1.23,37.8,133,30.8,0.83,-17.96,-0.78,28.68,,,,,
sterling_kite_engine,NIFTY FIN SERVICE,options_atm,14,0.75,14,2.0,7,3.0,two_red,mid,none,15,433,30.7,1.25,34.72,1.02,12.05,1.5,42.08,133,26.3,0.86,-7.36,-0.55,16.8,,,,,
sterling_kite_engine,NIFTY FIN SERVICE,delta1,14,0.75,14,2.0,7,3.0,two_red,mid,18,15,509,40.1,0.95,-14.22,-0.31,31.52,1.07,12.44,153,35.9,0.76,-26.66,-1.35,35.21,,,,,
sterling_kite_engine,NIFTY FIN SERVICE,options_atm,14,0.75,14,2.0,7,3.0,two_red,mid,18,15,509,37.9,1.06,8.53,0.32,15.45,1.24,20.63,153,32.7,0.78,-12.1,-1.13,18.53,,,,,
sterling_kite_engine,NIFTY FIN SERVICE,delta1,14,0.75,14,2.0,7,3.0,two_red,mid,30,15,462,35.7,1.06,15.84,0.3,22.78,1.17,31.34,136,31.6,0.85,-15.5,-0.67,27.46,,,,,
sterling_kite_engine,NIFTY FIN SERVICE,options_atm,14,0.75,14,2.0,7,3.0,two_red,mid,30,15,462,31.8,1.24,34.91,1.02,11.18,1.44,38.9,136,27.2,0.93,-3.99,-0.29,15.27,,,,,
sterling_kite_engine,NIFTY FIN SERVICE,delta1,14,0.75,14,2.0,7,3.0,two_red,mid,48,15,439,35.8,1.1,26.45,0.5,20.7,1.26,43.44,135,31.1,0.84,-16.99,-0.73,28.94,,,,,
sterling_kite_engine,NIFTY FIN SERVICE,options_atm,14,0.75,14,2.0,7,3.0,two_red,mid,48,15,439,31.2,1.3,40.64,1.18,12.07,1.55,46.06,135,25.9,0.9,-5.42,-0.39,17.16,,,,,
sterling_kite_engine,NIFTY FIN SERVICE,delta1,14,0.75,14,2.0,7,3.0,two_red,mid,none,20,315,37.8,1.13,27.62,0.69,22.37,1.39,46.77,98,30.6,0.77,-19.14,-0.95,31.27,,,,,
sterling_kite_engine,NIFTY FIN SERVICE,options_atm,14,0.75,14,2.0,7,3.0,two_red,mid,none,20,315,33.7,1.36,36.8,1.37,13.21,1.76,44.92,98,26.5,0.81,-8.11,-0.7,18.47,,,,,
sterling_kite_engine,NIFTY FIN SERVICE,delta1,14,0.75,14,2.0,7,3.0,two_red,mid,18,20,369,42.3,0.98,-3.76,-0.11,25.27,1.17,23.26,113,34.5,0.69,-27.01,-1.61,30.84,,,,,
sterling_kite_engine,NIFTY FIN SERVICE,options_atm,14,0.75,14,2.0,7,3.0,two_red,mid,18,20,369,39.8,1.12,13.43,0.67,12.86,1.41,26.25,113,31.0,0.71,-12.82,-1.47,16.11,,,,,
sterling_kite_engine,NIFTY FIN SERVICE,delta1,14,0.75,14,2.0,7,3.0,two_red,mid,30,20,337,38.6,1.08,17.69,0.44,24.96,1.3,40.13,101,31.7,0.74,-22.44,-1.16,33.55,,,,,
sterling_kite_engine,NIFTY FIN SERVICE,options_atm,14,0.75,14,2.0,7,3.0,two_red,mid,30,20,337,35.0,1.3,32.0,1.24,13.98,1.64,41.03,101,27.7,0.79,-9.04,-0.81,19.09,,,,,
sterling_kite_engine,NIFTY FIN SERVICE,delta1,14,0.75,14,2.0,7,3.0,two_red,mid,48,20,321,38.0,1.14,29.25,0.71,22.84,1.38,47.51,100,31.0,0.79,-18.26,-0.89,31.88,,,,,
sterling_kite_engine,NIFTY FIN SERVICE,options_atm,14,0.75,14,2.0,7,3.0,two_red,mid,48,20,321,33.6,1.39,40.87,1.5,13.13,1.77,47.14,100,26.0,0.86,-6.27,-0.52,18.51,,,,,
sterling_kite_engine,NIFTY FIN SERVICE,delta1,14,0.75,14,2.0,7,3.0,two_red,mid,none,25,189,38.1,1.22,25.84,0.91,13.7,1.56,38.7,58,34.5,0.74,-12.86,-0.94,18.65,,,,,
sterling_kite_engine,NIFTY FIN SERVICE,options_atm,14,0.75,14,2.0,7,3.0,two_red,mid,none,25,189,33.3,1.45,27.21,1.38,8.93,2.02,35.34,58,31.0,0.68,-8.12,-1.2,11.95,,,,,
sterling_kite_engine,NIFTY FIN SERVICE,delta1,14,0.75,14,2.0,7,3.0,two_red,mid,18,25,215,45.1,1.22,25.79,1.11,11.61,1.45,32.55,67,41.8,0.86,-6.76,-0.52,15.08,,,,,
sterling_kite_engine,NIFTY FIN SERVICE,options_atm,14,0.75,14,2.0,7,3.0,two_red,mid,18,25,215,42.8,1.41,23.8,1.71,6.77,1.8,27.44,67,38.8,0.85,-3.64,-0.54,8.55,,,,,
sterling_kite_engine,NIFTY FIN SERVICE,delta1,14,0.75,14,2.0,7,3.0,two_red,mid,30,25,203,40.4,1.11,13.54,0.52,16.03,1.38,28.52,60,38.3,0.7,-14.98,-1.15,20.31,,,,,
sterling_kite_engine,NIFTY FIN SERVICE,options_atm,14,0.75,14,2.0,7,3.0,two_red,mid,30,25,203,36.0,1.3,18.48,1.07,9.82,1.72,26.99,60,35.0,0.65,-8.52,-1.28,12.36,,,,,
sterling_kite_engine,NIFTY FIN SERVICE,delta1,14,0.75,14,2.0,7,3.0,two_red,mid,48,25,192,38.5,1.25,30.65,1.07,14.11,1.64,44.9,60,35.0,0.72,-14.25,-1.04,20.01,,,,,
sterling_kite_engine,NIFTY FIN SERVICE,options_atm,14,0.75,14,2.0,7,3.0,two_red,mid,48,25,192,33.3,1.53,31.96,1.61,8.94,2.16,40.26,60,30.0,0.68,-8.3,-1.18,12.37,,,,,
sterling_kite_engine,NIFTY FIN SERVICE,delta1,14,0.75,14,2.0,7,3.0,three_red,fast,none,none,665,40.0,1.15,35.17,0.72,12.49,1.22,34.23,185,42.7,1.01,0.94,0.05,16.1,,,,,
sterling_kite_engine,NIFTY FIN SERVICE,options_atm,14,0.75,14,2.0,7,3.0,three_red,fast,none,none,665,37.6,1.35,39.55,1.27,6.59,1.47,34.98,185,40.5,1.12,4.58,0.4,8.62,,,,,
sterling_kite_engine,NIFTY FIN SERVICE,delta1,14,0.75,14,2.0,7,3.0,three_red,fast,18,none,665,40.0,1.09,20.81,0.47,14.85,1.2,30.3,185,42.7,0.88,-9.49,-0.67,18.95,,,,,
sterling_kite_engine,NIFTY FIN SERVICE,options_atm,14,0.75,14,2.0,7,3.0,three_red,fast,18,none,665,37.6,1.24,27.57,1.04,7.4,1.42,31.6,185,40.5,0.89,-4.03,-0.55,9.62,,,,,
sterling_kite_engine,NIFTY FIN SERVICE,delta1,14,0.75,14,2.0,7,3.0,three_red,fast,30,none,665,40.0,1.14,32.01,0.67,12.75,1.22,34.62,185,42.7,0.97,-2.61,-0.16,16.59,,,,,
sterling_kite_engine,NIFTY FIN SERVICE,options_atm,14,0.75,14,2.0,7,3.0,three_red,fast,30,none,665,37.6,1.33,36.9,1.23,6.71,1.47,35.4,185,40.5,1.04,1.5,0.15,8.86,,,,,
sterling_kite_engine,NIFTY FIN SERVICE,delta1,14,0.75,14,2.0,7,3.0,three_red,fast,48,none,665,40.0,1.15,35.17,0.72,12.49,1.22,34.23,185,42.7,1.01,0.94,0.05,16.1,,,,,
sterling_kite_engine,NIFTY FIN SERVICE,options_atm,14,0.75,14,2.0,7,3.0,three_red,fast,48,none,665,37.6,1.35,39.55,1.27,6.59,1.47,34.98,185,40.5,1.12,4.58,0.4,8.62,,,,,
sterling_kite_engine,NIFTY FIN SERVICE,delta1,14,0.75,14,2.0,7,3.0,three_red,fast,none,15,600,39.3,1.13,28.18,0.63,14.06,1.21,29.97,171,42.1,0.98,-1.79,-0.1,17.65,,,,,
sterling_kite_engine,NIFTY FIN SERVICE,options_atm,14,0.75,14,2.0,7,3.0,three_red,fast,none,15,600,36.8,1.34,35.71,1.23,7.48,1.47,32.64,171,39.8,1.09,3.06,0.27,9.65,,,,,
sterling_kite_engine,NIFTY FIN SERVICE,delta1,14,0.75,14,2.0,7,3.0,three_red,fast,18,15,600,39.3,1.06,13.82,0.34,17.32,1.18,26.04,171,42.1,0.83,-12.22,-0.91,21.43,,,,,
sterling_kite_engine,NIFTY FIN SERVICE,options_atm,14,0.75,14,2.0,7,3.0,three_red,fast,18,15,600,36.8,1.23,23.72,0.96,8.65,1.42,29.26,171,39.8,0.85,-5.54,-0.79,11.06,,,,,
sterling_kite_engine,NIFTY FIN SERVICE,delta1,14,0.75,14,2.0,7,3.0,three_red,fast,30,15,600,39.3,1.12,25.02,0.57,14.37,1.21,30.36,171,42.1,0.93,-5.34,-0.33,18.2,,,,,
sterling_kite_engine,NIFTY FIN SERVICE,options_atm,14,0.75,14,2.0,7,3.0,three_red,fast,30,15,600,36.8,1.32,33.05,1.18,7.62,1.48,33.06,171,39.8,1.0,-0.02,-0.0,9.92,,,,,
sterling_kite_engine,NIFTY FIN SERVICE,delta1,14,0.75,14,2.0,7,3.0,three_red,fast,48,15,600,39.3,1.13,28.18,0.63,14.06,1.21,29.97,171,42.1,0.98,-1.79,-0.1,17.65,,,,,
sterling_kite_engine,NIFTY FIN SERVICE,options_atm,14,0.75,14,2.0,7,3.0,three_red,fast,48,15,600,36.8,1.34,35.71,1.23,7.48,1.47,32.64,171,39.8,1.09,3.06,0.27,9.65,,,,,
sterling_kite_engine,NIFTY FIN SERVICE,delta1,14,0.75,14,2.0,7,3.0,three_red,fast,none,20,421,38.7,1.17,26.91,0.77,17.5,1.31,31.16,122,38.5,0.93,-4.25,-0.26,22.08,,,,,
sterling_kite_engine,NIFTY FIN SERVICE,options_atm,14,0.75,14,2.0,7,3.0,three_red,fast,none,20,421,37.3,1.44,34.1,1.48,8.84,1.64,31.58,122,38.5,1.09,2.52,0.23,11.29,,,,,
sterling_kite_engine,NIFTY FIN SERVICE,delta1,14,0.75,14,2.0,7,3.0,three_red,fast,18,20,421,38.7,1.09,13.71,0.44,19.33,1.28,28.38,122,38.5,0.75,-14.68,-1.2,24.35,,,,,
sterling_kite_engine,NIFTY FIN SERVICE,options_atm,14,0.75,14,2.0,7,3.0,three_red,fast,18,20,421,37.3,1.29,22.83,1.19,9.63,1.59,28.92,122,38.5,0.79,-6.09,-0.96,12.27,,,,,
sterling_kite_engine,NIFTY FIN SERVICE,delta1,14,0.75,14,2.0,7,3.0,three_red,fast,30,20,421,38.7,1.15,23.76,0.7,17.88,1.31,31.55,122,38.5,0.87,-7.8,-0.52,22.76,,,,,
sterling_kite_engine,NIFTY FIN SERVICE,options_atm,14,0.75,14,2.0,7,3.0,three_red,fast,30,20,421,37.3,1.41,31.41,1.42,9.01,1.65,31.97,122,38.5,0.98,-0.56,-0.06,11.6,,,,,
sterling_kite_engine,NIFTY FIN SERVICE,delta1,14,0.75,14,2.0,7,3.0,three_red,fast,48,20,421,38.7,1.17,26.91,0.77,17.5,1.31,31.16,122,38.5,0.93,-4.25,-0.26,22.08,,,,,
sterling_kite_engine,NIFTY FIN SERVICE,options_atm,14,0.75,14,2.0,7,3.0,three_red,fast,48,20,421,37.3,1.44,34.1,1.48,8.84,1.64,31.58,122,38.5,1.09,2.52,0.23,11.29,,,,,
sterling_kite_engine,NIFTY FIN SERVICE,delta1,14,0.75,14,2.0,7,3.0,three_red,fast,none,25,242,39.7,1.44,36.86,1.79,9.01,1.73,39.61,73,41.1,0.91,-2.75,-0.31,12.31,,,,,
sterling_kite_engine,NIFTY FIN SERVICE,options_atm,14,0.75,14,2.0,7,3.0,three_red,fast,none,25,242,38.4,1.78,31.89,2.32,5.02,2.29,33.44,73,41.1,0.9,-1.54,-0.34,6.63,,,,,
sterling_kite_engine,NIFTY FIN SERVICE,delta1,14,0.75,14,2.0,7,3.0,three_red,fast,18,25,242,39.7,1.41,34.5,1.74,9.3,1.69,37.46,73,41.1,0.9,-2.96,-0.34,12.52,,,,,
sterling_kite_engine,NIFTY FIN SERVICE,options_atm,14,0.75,14,2.0,7,3.0,three_red,fast,18,25,242,38.4,1.73,29.62,2.3,5.15,2.21,31.18,73,41.1,0.89,-1.56,-0.35,6.7,,,,,
sterling_kite_engine,NIFTY FIN SERVICE,delta1,14,0.75,14,2.0,7,3.0,three_red,fast,30,25,242,39.7,1.44,37.25,1.8,8.99,1.74,40.0,73,41.1,0.91,-2.75,-0.31,12.31,,,,,
sterling_kite_engine,NIFTY FIN SERVICE,options_atm,14,0.75,14,2.0,7,3.0,three_red,fast,30,25,242,38.4,1.79,32.29,2.32,5.01,2.31,33.83,73,41.1,0.9,-1.54,-0.34,6.63,,,,,
sterling_kite_engine,NIFTY FIN SERVICE,delta1,14,0.75,14,2.0,7,3.0,three_red,fast,48,25,242,39.7,1.44,36.86,1.79,9.01,1.73,39.61,73,41.1,0.91,-2.75,-0.31,12.31,,,,,
sterling_kite_engine,NIFTY FIN SERVICE,options_atm,14,0.75,14,2.0,7,3.0,three_red,fast,48,25,242,38.4,1.78,31.89,2.32,5.02,2.29,33.44,73,41.1,0.9,-1.54,-0.34,6.63,,,,,
sterling_kite_engine,NIFTY FIN SERVICE,delta1,14,0.75,14,2.0,7,3.0,three_red,mid,none,none,469,35.8,1.1,30.03,0.53,16.39,1.26,45.96,139,30.9,0.86,-15.94,-0.64,23.54,,,,,
sterling_kite_engine,NIFTY FIN SERVICE,options_atm,14,0.75,14,2.0,7,3.0,three_red,mid,none,none,469,31.1,1.29,41.86,1.14,9.78,1.52,46.23,139,26.6,0.92,-4.37,-0.3,14.06,,,,,
sterling_kite_engine,NIFTY FIN SERVICE,delta1,14,0.75,14,2.0,7,3.0,three_red,mid,18,none,550,40.4,0.99,-4.24,-0.08,29.31,1.12,23.66,161,36.0,0.77,-27.9,-1.33,35.83,,,,,
sterling_kite_engine,NIFTY FIN SERVICE,options_atm,14,0.75,14,2.0,7,3.0,three_red,mid,18,none,550,38.2,1.1,15.19,0.53,15.62,1.29,27.39,161,32.9,0.8,-12.2,-1.08,19.75,,,,,
sterling_kite_engine,NIFTY FIN SERVICE,delta1,14,0.75,14,2.0,7,3.0,three_red,mid,30,none,499,36.3,1.09,26.46,0.46,17.98,1.22,42.39,142,31.7,0.86,-15.93,-0.66,25.2,,,,,
sterling_kite_engine,NIFTY FIN SERVICE,options_atm,14,0.75,14,2.0,7,3.0,three_red,mid,30,none,499,32.3,1.28,42.78,1.16,8.16,1.48,45.91,142,27.5,0.95,-3.13,-0.22,11.78,,,,,
sterling_kite_engine,NIFTY FIN SERVICE,delta1,14,0.75,14,2.0,7,3.0,three_red,mid,48,none,476,36.3,1.12,34.73,0.61,16.86,1.29,51.99,141,31.2,0.85,-17.26,-0.7,25.17,,,,,
sterling_kite_engine,NIFTY FIN SERVICE,options_atm,14,0.75,14,2.0,7,3.0,three_red,mid,48,none,476,31.7,1.32,46.4,1.26,9.98,1.57,50.88,141,26.2,0.92,-4.48,-0.31,14.78,,,,,
sterling_kite_engine,NIFTY FIN SERVICE,delta1,14,0.75,14,2.0,7,3.0,three_red,mid,none,15,433,35.1,1.07,19.84,0.38,21.24,1.23,37.8,133,30.8,0.83,-17.96,-0.78,28.68,,,,,
sterling_kite_engine,NIFTY FIN SERVICE,options_atm,14,0.75,14,2.0,7,3.0,three_red,mid,none,15,433,30.7,1.25,34.72,1.02,12.05,1.5,42.08,133,26.3,0.86,-7.36,-0.55,16.8,,,,,
sterling_kite_engine,NIFTY FIN SERVICE,delta1,14,0.75,14,2.0,7,3.0,three_red,mid,18,15,509,40.1,0.95,-14.22,-0.31,31.52,1.07,12.44,153,35.9,0.76,-26.66,-1.35,35.21,,,,,
sterling_kite_engine,NIFTY FIN SERVICE,options_atm,14,0.75,14,2.0,7,3.0,three_red,mid,18,15,509,37.9,1.06,8.53,0.32,15.45,1.24,20.63,153,32.7,0.78,-12.1,-1.13,18.53,,,,,
sterling_kite_engine,NIFTY FIN SERVICE,delta1,14,0.75,14,2.0,7,3.0,three_red,mid,30,15,462,35.7,1.06,15.84,0.3,22.78,1.17,31.34,136,31.6,0.85,-15.5,-0.67,27.46,,,,,
sterling_kite_engine,NIFTY FIN SERVICE,options_atm,14,0.75,14,2.0,7,3.0,three_red,mid,30,15,462,31.8,1.24,34.91,1.02,11.18,1.44,38.9,136,27.2,0.93,-3.99,-0.29,15.27,,,,,
sterling_kite_engine,NIFTY FIN SERVICE,delta1,14,0.75,14,2.0,7,3.0,three_red,mid,48,15,439,35.8,1.1,26.45,0.5,20.7,1.26,43.44,135,31.1,0.84,-16.99,-0.73,28.94,,,,,
sterling_kite_engine,NIFTY FIN SERVICE,options_atm,14,0.75,14,2.0,7,3.0,three_red,mid,48,15,439,31.2,1.3,40.64,1.18,12.07,1.55,46.06,135,25.9,0.9,-5.42,-0.39,17.16,,,,,
sterling_kite_engine,NIFTY FIN SERVICE,delta1,14,0.75,14,2.0,7,3.0,three_red,mid,none,20,315,37.8,1.13,27.62,0.69,22.37,1.39,46.77,98,30.6,0.77,-19.14,-0.95,31.27,,,,,
sterling_kite_engine,NIFTY FIN SERVICE,options_atm,14,0.75,14,2.0,7,3.0,three_red,mid,none,20,315,33.7,1.36,36.8,1.37,13.21,1.76,44.92,98,26.5,0.81,-8.11,-0.7,18.47,,,,,
sterling_kite_engine,NIFTY FIN SERVICE,delta1,14,0.75,14,2.0,7,3.0,three_red,mid,18,20,369,42.3,0.98,-3.76,-0.11,25.27,1.17,23.26,113,34.5,0.69,-27.01,-1.61,30.84,,,,,
sterling_kite_engine,NIFTY FIN SERVICE,options_atm,14,0.75,14,2.0,7,3.0,three_red,mid,18,20,369,39.8,1.12,13.43,0.67,12.86,1.41,26.25,113,31.0,0.71,-12.82,-1.47,16.11,,,,,
sterling_kite_engine,NIFTY FIN SERVICE,delta1,14,0.75,14,2.0,7,3.0,three_red,mid,30,20,337,38.6,1.08,17.69,0.44,24.96,1.3,40.13,101,31.7,0.74,-22.44,-1.16,33.55,,,,,
sterling_kite_engine,NIFTY FIN SERVICE,options_atm,14,0.75,14,2.0,7,3.0,three_red,mid,30,20,337,35.0,1.3,32.0,1.24,13.98,1.64,41.03,101,27.7,0.79,-9.04,-0.81,19.09,,,,,
sterling_kite_engine,NIFTY FIN SERVICE,delta1,14,0.75,14,2.0,7,3.0,three_red,mid,48,20,321,38.0,1.14,29.25,0.71,22.84,1.38,47.51,100,31.0,0.79,-18.26,-0.89,31.88,,,,,
sterling_kite_engine,NIFTY FIN SERVICE,options_atm,14,0.75,14,2.0,7,3.0,three_red,mid,48,20,321,33.6,1.39,40.87,1.5,13.13,1.77,47.14,100,26.0,0.86,-6.27,-0.52,18.51,,,,,
sterling_kite_engine,NIFTY FIN SERVICE,delta1,14,0.75,14,2.0,7,3.0,three_red,mid,none,25,189,38.1,1.22,25.84,0.91,13.7,1.56,38.7,58,34.5,0.74,-12.86,-0.94,18.65,,,,,
sterling_kite_engine,NIFTY FIN SERVICE,options_atm,14,0.75,14,2.0,7,3.0,three_red,mid,none,25,189,33.3,1.45,27.21,1.38,8.93,2.02,35.34,58,31.0,0.68,-8.12,-1.2,11.95,,,,,
sterling_kite_engine,NIFTY FIN SERVICE,delta1,14,0.75,14,2.0,7,3.0,three_red,mid,18,25,215,45.1,1.22,25.79,1.11,11.61,1.45,32.55,67,41.8,0.86,-6.76,-0.52,15.08,,,,,
sterling_kite_engine,NIFTY FIN SERVICE,options_atm,14,0.75,14,2.0,7,3.0,three_red,mid,18,25,215,42.8,1.41,23.8,1.71,6.77,1.8,27.44,67,38.8,0.85,-3.64,-0.54,8.55,,,,,
sterling_kite_engine,NIFTY FIN SERVICE,delta1,14,0.75,14,2.0,7,3.0,three_red,mid,30,25,203,40.4,1.11,13.54,0.52,16.03,1.38,28.52,60,38.3,0.7,-14.98,-1.15,20.31,,,,,
sterling_kite_engine,NIFTY FIN SERVICE,options_atm,14,0.75,14,2.0,7,3.0,three_red,mid,30,25,203,36.0,1.3,18.48,1.07,9.82,1.72,26.99,60,35.0,0.65,-8.52,-1.28,12.36,,,,,
sterling_kite_engine,NIFTY FIN SERVICE,delta1,14,0.75,14,2.0,7,3.0,three_red,mid,48,25,192,38.5,1.25,30.65,1.07,14.11,1.64,44.9,60,35.0,0.72,-14.25,-1.04,20.01,,,,,
sterling_kite_engine,NIFTY FIN SERVICE,options_atm,14,0.75,14,2.0,7,3.0,three_red,mid,48,25,192,33.3,1.53,31.96,1.61,8.94,2.16,40.26,60,30.0,0.68,-8.3,-1.18,12.37,,,,,
sterling_kite_engine,NIFTY FIN SERVICE,delta1,14,0.75,14,2.0,7,3.0,three_red_signal,fast,none,none,665,40.0,1.15,35.17,0.72,12.49,1.22,34.23,185,42.7,1.01,0.94,0.05,16.1,,,,,
sterling_kite_engine,NIFTY FIN SERVICE,options_atm,14,0.75,14,2.0,7,3.0,three_red_signal,fast,none,none,665,37.6,1.35,39.55,1.27,6.59,1.47,34.98,185,40.5,1.12,4.58,0.4,8.62,,,,,
sterling_kite_engine,NIFTY FIN SERVICE,delta1,14,0.75,14,2.0,7,3.0,three_red_signal,fast,18,none,665,40.0,1.09,20.81,0.47,14.85,1.2,30.3,185,42.7,0.88,-9.49,-0.67,18.95,,,,,
sterling_kite_engine,NIFTY FIN SERVICE,options_atm,14,0.75,14,2.0,7,3.0,three_red_signal,fast,18,none,665,37.6,1.24,27.57,1.04,7.4,1.42,31.6,185,40.5,0.89,-4.03,-0.55,9.62,,,,,
sterling_kite_engine,NIFTY FIN SERVICE,delta1,14,0.75,14,2.0,7,3.0,three_red_signal,fast,30,none,665,40.0,1.14,32.01,0.67,12.75,1.22,34.62,185,42.7,0.97,-2.61,-0.16,16.59,,,,,
sterling_kite_engine,NIFTY FIN SERVICE,options_atm,14,0.75,14,2.0,7,3.0,three_red_signal,fast,30,none,665,37.6,1.33,36.9,1.23,6.71,1.47,35.4,185,40.5,1.04,1.5,0.15,8.86,,,,,
sterling_kite_engine,NIFTY FIN SERVICE,delta1,14,0.75,14,2.0,7,3.0,three_red_signal,fast,48,none,665,40.0,1.15,35.17,0.72,12.49,1.22,34.23,185,42.7,1.01,0.94,0.05,16.1,,,,,
sterling_kite_engine,NIFTY FIN SERVICE,options_atm,14,0.75,14,2.0,7,3.0,three_red_signal,fast,48,none,665,37.6,1.35,39.55,1.27,6.59,1.47,34.98,185,40.5,1.12,4.58,0.4,8.62,,,,,
sterling_kite_engine,NIFTY FIN SERVICE,delta1,14,0.75,14,2.0,7,3.0,three_red_signal,fast,none,15,600,39.3,1.13,28.18,0.63,14.06,1.21,29.97,171,42.1,0.98,-1.79,-0.1,17.65,,,,,
sterling_kite_engine,NIFTY FIN SERVICE,options_atm,14,0.75,14,2.0,7,3.0,three_red_signal,fast,none,15,600,36.8,1.34,35.71,1.23,7.48,1.47,32.64,171,39.8,1.09,3.06,0.27,9.65,,,,,
sterling_kite_engine,NIFTY FIN SERVICE,delta1,14,0.75,14,2.0,7,3.0,three_red_signal,fast,18,15,600,39.3,1.06,13.82,0.34,17.32,1.18,26.04,171,42.1,0.83,-12.22,-0.91,21.43,,,,,
sterling_kite_engine,NIFTY FIN SERVICE,options_atm,14,0.75,14,2.0,7,3.0,three_red_signal,fast,18,15,600,36.8,1.23,23.72,0.96,8.65,1.42,29.26,171,39.8,0.85,-5.54,-0.79,11.06,,,,,
sterling_kite_engine,NIFTY FIN SERVICE,delta1,14,0.75,14,2.0,7,3.0,three_red_signal,fast,30,15,600,39.3,1.12,25.02,0.57,14.37,1.21,30.36,171,42.1,0.93,-5.34,-0.33,18.2,,,,,
sterling_kite_engine,NIFTY FIN SERVICE,options_atm,14,0.75,14,2.0,7,3.0,three_red_signal,fast,30,15,600,36.8,1.32,33.05,1.18,7.62,1.48,33.06,171,39.8,1.0,-0.02,-0.0,9.92,,,,,
sterling_kite_engine,NIFTY FIN SERVICE,delta1,14,0.75,14,2.0,7,3.0,three_red_signal,fast,48,15,600,39.3,1.13,28.18,0.63,14.06,1.21,29.97,171,42.1,0.98,-1.79,-0.1,17.65,,,,,
sterling_kite_engine,NIFTY FIN SERVICE,options_atm,14,0.75,14,2.0,7,3.0,three_red_signal,fast,48,15,600,36.8,1.34,35.71,1.23,7.48,1.47,32.64,171,39.8,1.09,3.06,0.27,9.65,,,,,
sterling_kite_engine,NIFTY FIN SERVICE,delta1,14,0.75,14,2.0,7,3.0,three_red_signal,fast,none,20,421,38.7,1.17,26.91,0.77,17.5,1.31,31.16,122,38.5,0.93,-4.25,-0.26,22.08,,,,,
sterling_kite_engine,NIFTY FIN SERVICE,options_atm,14,0.75,14,2.0,7,3.0,three_red_signal,fast,none,20,421,37.3,1.44,34.1,1.48,8.84,1.64,31.58,122,38.5,1.09,2.52,0.23,11.29,,,,,
sterling_kite_engine,NIFTY FIN SERVICE,delta1,14,0.75,14,2.0,7,3.0,three_red_signal,fast,18,20,421,38.7,1.09,13.71,0.44,19.33,1.28,28.38,122,38.5,0.75,-14.68,-1.2,24.35,,,,,
sterling_kite_engine,NIFTY FIN SERVICE,options_atm,14,0.75,14,2.0,7,3.0,three_red_signal,fast,18,20,421,37.3,1.29,22.83,1.19,9.63,1.59,28.92,122,38.5,0.79,-6.09,-0.96,12.27,,,,,
sterling_kite_engine,NIFTY FIN SERVICE,delta1,14,0.75,14,2.0,7,3.0,three_red_signal,fast,30,20,421,38.7,1.15,23.76,0.7,17.88,1.31,31.55,122,38.5,0.87,-7.8,-0.52,22.76,,,,,
sterling_kite_engine,NIFTY FIN SERVICE,options_atm,14,0.75,14,2.0,7,3.0,three_red_signal,fast,30,20,421,37.3,1.41,31.41,1.42,9.01,1.65,31.97,122,38.5,0.98,-0.56,-0.06,11.6,,,,,
sterling_kite_engine,NIFTY FIN SERVICE,delta1,14,0.75,14,2.0,7,3.0,three_red_signal,fast,48,20,421,38.7,1.17,26.91,0.77,17.5,1.31,31.16,122,38.5,0.93,-4.25,-0.26,22.08,,,,,
sterling_kite_engine,NIFTY FIN SERVICE,options_atm,14,0.75,14,2.0,7,3.0,three_red_signal,fast,48,20,421,37.3,1.44,34.1,1.48,8.84,1.64,31.58,122,38.5,1.09,2.52,0.23,11.29,,,,,
sterling_kite_engine,NIFTY FIN SERVICE,delta1,14,0.75,14,2.0,7,3.0,three_red_signal,fast,none,25,242,39.7,1.44,36.86,1.79,9.01,1.73,39.61,73,41.1,0.91,-2.75,-0.31,12.31,,,,,
sterling_kite_engine,NIFTY FIN SERVICE,options_atm,14,0.75,14,2.0,7,3.0,three_red_signal,fast,none,25,242,38.4,1.78,31.89,2.32,5.02,2.29,33.44,73,41.1,0.9,-1.54,-0.34,6.63,,,,,
sterling_kite_engine,NIFTY FIN SERVICE,delta1,14,0.75,14,2.0,7,3.0,three_red_signal,fast,18,25,242,39.7,1.41,34.5,1.74,9.3,1.69,37.46,73,41.1,0.9,-2.96,-0.34,12.52,,,,,
sterling_kite_engine,NIFTY FIN SERVICE,options_atm,14,0.75,14,2.0,7,3.0,three_red_signal,fast,18,25,242,38.4,1.73,29.62,2.3,5.15,2.21,31.18,73,41.1,0.89,-1.56,-0.35,6.7,,,,,
sterling_kite_engine,NIFTY FIN SERVICE,delta1,14,0.75,14,2.0,7,3.0,three_red_signal,fast,30,25,242,39.7,1.44,37.25,1.8,8.99,1.74,40.0,73,41.1,0.91,-2.75,-0.31,12.31,,,,,
sterling_kite_engine,NIFTY FIN SERVICE,options_atm,14,0.75,14,2.0,7,3.0,three_red_signal,fast,30,25,242,38.4,1.79,32.29,2.32,5.01,2.31,33.83,73,41.1,0.9,-1.54,-0.34,6.63,,,,,
sterling_kite_engine,NIFTY FIN SERVICE,delta1,14,0.75,14,2.0,7,3.0,three_red_signal,fast,48,25,242,39.7,1.44,36.86,1.79,9.01,1.73,39.61,73,41.1,0.91,-2.75,-0.31,12.31,,,,,
sterling_kite_engine,NIFTY FIN SERVICE,options_atm,14,0.75,14,2.0,7,3.0,three_red_signal,fast,48,25,242,38.4,1.78,31.89,2.32,5.02,2.29,33.44,73,41.1,0.9,-1.54,-0.34,6.63,,,,,
sterling_kite_engine,NIFTY FIN SERVICE,delta1,14,0.75,14,2.0,7,3.0,three_red_signal,mid,none,none,469,35.8,1.1,30.03,0.53,16.39,1.26,45.96,139,30.9,0.86,-15.94,-0.64,23.54,,,,,
sterling_kite_engine,NIFTY FIN SERVICE,options_atm,14,0.75,14,2.0,7,3.0,three_red_signal,mid,none,none,469,31.1,1.29,41.86,1.14,9.78,1.52,46.23,139,26.6,0.92,-4.37,-0.3,14.06,,,,,
sterling_kite_engine,NIFTY FIN SERVICE,delta1,14,0.75,14,2.0,7,3.0,three_red_signal,mid,18,none,550,40.4,0.99,-4.24,-0.08,29.31,1.12,23.66,161,36.0,0.77,-27.9,-1.33,35.83,,,,,
sterling_kite_engine,NIFTY FIN SERVICE,options_atm,14,0.75,14,2.0,7,3.0,three_red_signal,mid,18,none,550,38.2,1.1,15.19,0.53,15.62,1.29,27.39,161,32.9,0.8,-12.2,-1.08,19.75,,,,,
sterling_kite_engine,NIFTY FIN SERVICE,delta1,14,0.75,14,2.0,7,3.0,three_red_signal,mid,30,none,499,36.3,1.09,26.46,0.46,17.98,1.22,42.39,142,31.7,0.86,-15.93,-0.66,25.2,,,,,
sterling_kite_engine,NIFTY FIN SERVICE,options_atm,14,0.75,14,2.0,7,3.0,three_red_signal,mid,30,none,499,32.3,1.28,42.78,1.16,8.16,1.48,45.91,142,27.5,0.95,-3.13,-0.22,11.78,,,,,
sterling_kite_engine,NIFTY FIN SERVICE,delta1,14,0.75,14,2.0,7,3.0,three_red_signal,mid,48,none,476,36.3,1.12,34.73,0.61,16.86,1.29,51.99,141,31.2,0.85,-17.26,-0.7,25.17,,,,,
sterling_kite_engine,NIFTY FIN SERVICE,options_atm,14,0.75,14,2.0,7,3.0,three_red_signal,mid,48,none,476,31.7,1.32,46.4,1.26,9.98,1.57,50.88,141,26.2,0.92,-4.48,-0.31,14.78,,,,,
sterling_kite_engine,NIFTY FIN SERVICE,delta1,14,0.75,14,2.0,7,3.0,three_red_signal,mid,none,15,433,35.1,1.07,19.84,0.38,21.24,1.23,37.8,133,30.8,0.83,-17.96,-0.78,28.68,,,,,
sterling_kite_engine,NIFTY FIN SERVICE,options_atm,14,0.75,14,2.0,7,3.0,three_red_signal,mid,none,15,433,30.7,1.25,34.72,1.02,12.05,1.5,42.08,133,26.3,0.86,-7.36,-0.55,16.8,,,,,
sterling_kite_engine,NIFTY FIN SERVICE,delta1,14,0.75,14,2.0,7,3.0,three_red_signal,mid,18,15,509,40.1,0.95,-14.22,-0.31,31.52,1.07,12.44,153,35.9,0.76,-26.66,-1.35,35.21,,,,,
sterling_kite_engine,NIFTY FIN SERVICE,options_atm,14,0.75,14,2.0,7,3.0,three_red_signal,mid,18,15,509,37.9,1.06,8.53,0.32,15.45,1.24,20.63,153,32.7,0.78,-12.1,-1.13,18.53,,,,,
sterling_kite_engine,NIFTY FIN SERVICE,delta1,14,0.75,14,2.0,7,3.0,three_red_signal,mid,30,15,462,35.7,1.06,15.84,0.3,22.78,1.17,31.34,136,31.6,0.85,-15.5,-0.67,27.46,,,,,
sterling_kite_engine,NIFTY FIN SERVICE,options_atm,14,0.75,14,2.0,7,3.0,three_red_signal,mid,30,15,462,31.8,1.24,34.91,1.02,11.18,1.44,38.9,136,27.2,0.93,-3.99,-0.29,15.27,,,,,
sterling_kite_engine,NIFTY FIN SERVICE,delta1,14,0.75,14,2.0,7,3.0,three_red_signal,mid,48,15,439,35.8,1.1,26.45,0.5,20.7,1.26,43.44,135,31.1,0.84,-16.99,-0.73,28.94,,,,,
sterling_kite_engine,NIFTY FIN SERVICE,options_atm,14,0.75,14,2.0,7,3.0,three_red_signal,mid,48,15,439,31.2,1.3,40.64,1.18,12.07,1.55,46.06,135,25.9,0.9,-5.42,-0.39,17.16,,,,,
sterling_kite_engine,NIFTY FIN SERVICE,delta1,14,0.75,14,2.0,7,3.0,three_red_signal,mid,none,20,315,37.8,1.13,27.62,0.69,22.37,1.39,46.77,98,30.6,0.77,-19.14,-0.95,31.27,,,,,
sterling_kite_engine,NIFTY FIN SERVICE,options_atm,14,0.75,14,2.0,7,3.0,three_red_signal,mid,none,20,315,33.7,1.36,36.8,1.37,13.21,1.76,44.92,98,26.5,0.81,-8.11,-0.7,18.47,,,,,
sterling_kite_engine,NIFTY FIN SERVICE,delta1,14,0.75,14,2.0,7,3.0,three_red_signal,mid,18,20,369,42.3,0.98,-3.76,-0.11,25.27,1.17,23.26,113,34.5,0.69,-27.01,-1.61,30.84,,,,,
sterling_kite_engine,NIFTY FIN SERVICE,options_atm,14,0.75,14,2.0,7,3.0,three_red_signal,mid,18,20,369,39.8,1.12,13.43,0.67,12.86,1.41,26.25,113,31.0,0.71,-12.82,-1.47,16.11,,,,,
sterling_kite_engine,NIFTY FIN SERVICE,delta1,14,0.75,14,2.0,7,3.0,three_red_signal,mid,30,20,337,38.6,1.08,17.69,0.44,24.96,1.3,40.13,101,31.7,0.74,-22.44,-1.16,33.55,,,,,
sterling_kite_engine,NIFTY FIN SERVICE,options_atm,14,0.75,14,2.0,7,3.0,three_red_signal,mid,30,20,337,35.0,1.3,32.0,1.24,13.98,1.64,41.03,101,27.7,0.79,-9.04,-0.81,19.09,,,,,
sterling_kite_engine,NIFTY FIN SERVICE,delta1,14,0.75,14,2.0,7,3.0,three_red_signal,mid,48,20,321,38.0,1.14,29.25,0.71,22.84,1.38,47.51,100,31.0,0.79,-18.26,-0.89,31.88,,,,,
sterling_kite_engine,NIFTY FIN SERVICE,options_atm,14,0.75,14,2.0,7,3.0,three_red_signal,mid,48,20,321,33.6,1.39,40.87,1.5,13.13,1.77,47.14,100,26.0,0.86,-6.27,-0.52,18.51,,,,,
sterling_kite_engine,NIFTY FIN SERVICE,delta1,14,0.75,14,2.0,7,3.0,three_red_signal,mid,none,25,189,38.1,1.22,25.84,0.91,13.7,1.56,38.7,58,34.5,0.74,-12.86,-0.94,18.65,,,,,
sterling_kite_engine,NIFTY FIN SERVICE,options_atm,14,0.75,14,2.0,7,3.0,three_red_signal,mid,none,25,189,33.3,1.45,27.21,1.38,8.93,2.02,35.34,58,31.0,0.68,-8.12,-1.2,11.95,,,,,
sterling_kite_engine,NIFTY FIN SERVICE,delta1,14,0.75,14,2.0,7,3.0,three_red_signal,mid,18,25,215,45.1,1.22,25.79,1.11,11.61,1.45,32.55,67,41.8,0.86,-6.76,-0.52,15.08,,,,,
sterling_kite_engine,NIFTY FIN SERVICE,options_atm,14,0.75,14,2.0,7,3.0,three_red_signal,mid,18,25,215,42.8,1.41,23.8,1.71,6.77,1.8,27.44,67,38.8,0.85,-3.64,-0.54,8.55,,,,,
sterling_kite_engine,NIFTY FIN SERVICE,delta1,14,0.75,14,2.0,7,3.0,three_red_signal,mid,30,25,203,40.4,1.11,13.54,0.52,16.03,1.38,28.52,60,38.3,0.7,-14.98,-1.15,20.31,,,,,
sterling_kite_engine,NIFTY FIN SERVICE,options_atm,14,0.75,14,2.0,7,3.0,three_red_signal,mid,30,25,203,36.0,1.3,18.48,1.07,9.82,1.72,26.99,60,35.0,0.65,-8.52,-1.28,12.36,,,,,
sterling_kite_engine,NIFTY FIN SERVICE,delta1,14,0.75,14,2.0,7,3.0,three_red_signal,mid,48,25,192,38.5,1.25,30.65,1.07,14.11,1.64,44.9,60,35.0,0.72,-14.25,-1.04,20.01,,,,,
sterling_kite_engine,NIFTY FIN SERVICE,options_atm,14,0.75,14,2.0,7,3.0,three_red_signal,mid,48,25,192,33.3,1.53,31.96,1.61,8.94,2.16,40.26,60,30.0,0.68,-8.3,-1.18,12.37,,,,,
sterling_kite_engine,NIFTY FIN SERVICE,delta1,14,1.0,14,2.0,7,3.0,one_red,fast,none,none,562,40.0,1.17,40.09,0.86,11.13,1.18,27.12,164,44.5,1.16,12.97,0.65,9.37,,,,,
sterling_kite_engine,NIFTY FIN SERVICE,options_atm,14,1.0,14,2.0,7,3.0,one_red,fast,none,none,562,37.5,1.34,38.48,1.33,6.08,1.39,28.63,164,40.9,1.25,9.85,0.8,5.38,,,,,
sterling_kite_engine,NIFTY FIN SERVICE,delta1,14,1.0,14,2.0,7,3.0,one_red,fast,18,none,562,40.0,1.09,21.24,0.5,12.09,1.11,16.41,164,44.5,1.06,4.83,0.28,9.51,,,,,
sterling_kite_engine,NIFTY FIN SERVICE,options_atm,14,1.0,14,2.0,7,3.0,one_red,fast,18,none,562,37.5,1.21,24.08,0.98,6.36,1.27,20.32,164,40.9,1.09,3.75,0.39,5.17,,,,,
sterling_kite_engine,NIFTY FIN SERVICE,delta1,14,1.0,14,2.0,7,3.0,one_red,fast,30,none,562,40.0,1.15,33.77,0.75,10.95,1.16,24.78,164,44.5,1.11,8.99,0.48,9.63,,,,,
sterling_kite_engine,NIFTY FIN SERVICE,options_atm,14,1.0,14,2.0,7,3.0,one_red,fast,30,none,562,37.5,1.29,33.36,1.22,5.85,1.36,26.65,164,40.9,1.17,6.71,0.6,5.51,,,,,
sterling_kite_engine,NIFTY FIN SERVICE,delta1,14,1.0,14,2.0,7,3.0,one_red,fast,48,none,562,40.0,1.17,40.09,0.86,11.13,1.18,27.12,164,44.5,1.16,12.97,0.65,9.37,,,,,
sterling_kite_engine,NIFTY FIN SERVICE,options_atm,14,1.0,14,2.0,7,3.0,one_red,fast,48,none,562,37.5,1.34,38.48,1.33,6.08,1.39,28.63,164,40.9,1.25,9.85,0.8,5.38,,,,,
sterling_kite_engine,NIFTY FIN SERVICE,delta1,14,1.0,14,2.0,7,3.0,one_red,fast,none,15,507,38.9,1.11,23.21,0.55,12.38,1.09,12.26,153,44.4,1.15,10.94,0.56,10.45,,,,,
sterling_kite_engine,NIFTY FIN SERVICE,options_atm,14,1.0,14,2.0,7,3.0,one_red,fast,none,15,507,36.9,1.26,28.15,1.07,5.87,1.28,19.31,153,41.2,1.23,8.84,0.73,5.58,,,,,
sterling_kite_engine,NIFTY FIN SERVICE,delta1,14,1.0,14,2.0,7,3.0,one_red,fast,18,15,507,38.9,1.04,8.19,0.21,13.05,1.04,5.8,153,44.4,1.03,2.39,0.14,10.56,,,,,
sterling_kite_engine,NIFTY FIN SERVICE,options_atm,14,1.0,14,2.0,7,3.0,one_red,fast,18,15,507,36.9,1.15,16.45,0.73,6.12,1.2,14.04,153,41.2,1.06,2.41,0.26,6.07,,,,,
sterling_kite_engine,NIFTY FIN SERVICE,delta1,14,1.0,14,2.0,7,3.0,one_red,fast,30,15,507,38.9,1.08,16.89,0.42,12.67,1.07,9.92,153,44.4,1.09,6.97,0.38,10.45,,,,,
sterling_kite_engine,NIFTY FIN SERVICE,options_atm,14,1.0,14,2.0,7,3.0,one_red,fast,30,15,507,36.9,1.22,23.03,0.92,5.9,1.25,17.33,153,41.2,1.15,5.7,0.52,6.13,,,,,
sterling_kite_engine,NIFTY FIN SERVICE,delta1,14,1.0,14,2.0,7,3.0,one_red,fast,48,15,507,38.9,1.11,23.21,0.55,12.38,1.09,12.26,153,44.4,1.15,10.94,0.56,10.45,,,,,
sterling_kite_engine,NIFTY FIN SERVICE,options_atm,14,1.0,14,2.0,7,3.0,one_red,fast,48,15,507,36.9,1.26,28.15,1.07,5.87,1.28,19.31,153,41.2,1.23,8.84,0.73,5.58,,,,,
sterling_kite_engine,NIFTY FIN SERVICE,delta1,14,1.0,14,2.0,7,3.0,one_red,fast,none,20,344,41.0,1.22,32.75,1.06,10.54,1.21,19.69,107,44.9,1.24,13.06,0.74,12.19,,,,,
sterling_kite_engine,NIFTY FIN SERVICE,options_atm,14,1.0,14,2.0,7,3.0,one_red,fast,none,20,344,39.5,1.42,30.68,1.56,5.96,1.45,20.7,107,43.0,1.37,9.98,0.91,7.01,,,,,
sterling_kite_engine,NIFTY FIN SERVICE,delta1,14,1.0,14,2.0,7,3.0,one_red,fast,18,20,344,41.0,1.14,21.34,0.78,12.21,1.19,18.3,107,44.9,1.06,3.04,0.22,14.13,,,,,
sterling_kite_engine,NIFTY FIN SERVICE,options_atm,14,1.0,14,2.0,7,3.0,one_red,fast,18,20,344,39.5,1.29,21.41,1.33,6.65,1.41,19.04,107,43.0,1.09,2.37,0.32,7.81,,,,,
sterling_kite_engine,NIFTY FIN SERVICE,delta1,14,1.0,14,2.0,7,3.0,one_red,fast,30,20,344,41.0,1.19,28.49,0.96,11.37,1.21,19.4,107,44.9,1.17,9.08,0.56,13.18,,,,,
sterling_kite_engine,NIFTY FIN SERVICE,options_atm,14,1.0,14,2.0,7,3.0,one_red,fast,30,20,344,39.5,1.37,27.2,1.46,6.43,1.44,20.36,107,43.0,1.25,6.84,0.7,7.58,,,,,
sterling_kite_engine,NIFTY FIN SERVICE,delta1,14,1.0,14,2.0,7,3.0,one_red,fast,48,20,344,41.0,1.22,32.75,1.06,10.54,1.21,19.69,107,44.9,1.24,13.06,0.74,12.19,,,,,
sterling_kite_engine,NIFTY FIN SERVICE,options_atm,14,1.0,14,2.0,7,3.0,one_red,fast,48,20,344,39.5,1.42,30.68,1.56,5.96,1.45,20.7,107,43.0,1.37,9.98,0.91,7.01,,,,,
sterling_kite_engine,NIFTY FIN SERVICE,delta1,14,1.0,14,2.0,7,3.0,one_red,fast,none,25,186,41.9,1.47,35.11,1.81,5.94,1.51,24.65,61,49.2,1.39,10.46,1.02,7.19,,,,,
sterling_kite_engine,NIFTY FIN SERVICE,options_atm,14,1.0,14,2.0,7,3.0,one_red,fast,none,25,186,40.9,1.71,26.31,2.1,3.28,1.92,21.74,61,47.5,1.34,4.57,0.88,3.95,,,,,
sterling_kite_engine,NIFTY FIN SERVICE,delta1,14,1.0,14,2.0,7,3.0,one_red,fast,18,25,186,41.9,1.44,33.33,1.81,6.01,1.48,23.26,61,49.2,1.38,10.07,0.99,7.22,,,,,
sterling_kite_engine,NIFTY FIN SERVICE,options_atm,14,1.0,14,2.0,7,3.0,one_red,fast,18,25,186,41.4,1.67,24.83,2.18,3.32,1.84,19.91,61,49.2,1.37,4.92,0.94,3.93,,,,,
sterling_kite_engine,NIFTY FIN SERVICE,delta1,14,1.0,14,2.0,7,3.0,one_red,fast,30,25,186,41.9,1.45,33.77,1.77,5.99,1.5,24.13,61,49.2,1.36,9.64,0.96,7.24,,,,,
sterling_kite_engine,NIFTY FIN SERVICE,options_atm,14,1.0,14,2.0,7,3.0,one_red,fast,30,25,186,40.9,1.68,25.34,2.07,3.31,1.9,21.24,61,47.5,1.31,4.11,0.81,3.96,,,,,
sterling_kite_engine,NIFTY FIN SERVICE,delta1,14,1.0,14,2.0,7,3.0,one_red,fast,48,25,186,41.9,1.47,35.11,1.81,5.94,1.51,24.65,61,49.2,1.39,10.46,1.02,7.19,,,,,
sterling_kite_engine,NIFTY FIN SERVICE,options_atm,14,1.0,14,2.0,7,3.0,one_red,fast,48,25,186,40.9,1.71,26.31,2.1,3.28,1.92,21.74,61,47.5,1.34,4.57,0.88,3.95,,,,,
sterling_kite_engine,NIFTY FIN SERVICE,delta1,14,1.0,14,2.0,7,3.0,one_red,mid,none,none,559,38.3,1.14,38.82,0.71,11.94,1.22,39.75,163,38.7,0.99,-0.93,-0.04,16.09,,,,,
sterling_kite_engine,NIFTY FIN SERVICE,options_atm,14,1.0,14,2.0,7,3.0,one_red,mid,none,none,559,34.5,1.29,40.29,1.19,7.09,1.43,38.34,163,33.7,1.04,1.95,0.15,9.57,,,,,
sterling_kite_engine,NIFTY FIN SERVICE,delta1,14,1.0,14,2.0,7,3.0,one_red,mid,18,none,561,40.1,1.02,6.81,0.15,18.95,1.11,18.58,163,40.5,0.88,-11.76,-0.6,19.69,,,,,
sterling_kite_engine,NIFTY FIN SERVICE,options_atm,14,1.0,14,2.0,7,3.0,one_red,mid,18,none,561,37.3,1.13,17.83,0.66,10.97,1.26,21.95,163,36.2,0.92,-4.12,-0.38,11.04,,,,,
sterling_kite_engine,NIFTY FIN SERVICE,delta1,14,1.0,14,2.0,7,3.0,one_red,mid,30,none,559,38.6,1.14,37.98,0.71,11.95,1.25,44.79,163,39.3,0.93,-6.81,-0.32,16.87,,,,,
sterling_kite_engine,NIFTY FIN SERVICE,options_atm,14,1.0,14,2.0,7,3.0,one_red,mid,30,none,559,34.9,1.3,41.52,1.24,6.75,1.49,43.0,163,34.4,0.97,-1.48,-0.12,9.48,,,,,
sterling_kite_engine,NIFTY FIN SERVICE,delta1,14,1.0,14,2.0,7,3.0,one_red,mid,48,none,559,38.3,1.14,37.94,0.7,12.2,1.22,39.55,163,38.7,0.98,-1.61,-0.07,16.43,,,,,
sterling_kite_engine,NIFTY FIN SERVICE,options_atm,14,1.0,14,2.0,7,3.0,one_red,mid,48,none,559,34.5,1.29,40.29,1.19,7.16,1.43,38.38,163,33.7,1.04,1.91,0.14,9.66,,,,,
sterling_kite_engine,NIFTY FIN SERVICE,delta1,14,1.0,14,2.0,7,3.0,one_red,mid,none,15,504,37.3,1.09,23.0,0.46,14.66,1.15,24.33,152,38.2,0.99,-1.33,-0.06,17.47,,,,,
sterling_kite_engine,NIFTY FIN SERVICE,options_atm,14,1.0,14,2.0,7,3.0,one_red,mid,none,15,504,33.9,1.24,30.97,0.99,8.7,1.36,29.33,152,33.6,1.03,1.64,0.13,11.03,,,,,
sterling_kite_engine,NIFTY FIN SERVICE,delta1,14,1.0,14,2.0,7,3.0,one_red,mid,18,15,506,39.3,0.97,-6.92,-0.16,23.24,1.03,5.53,152,40.1,0.87,-12.46,-0.66,23.62,,,,,
sterling_kite_engine,NIFTY FIN SERVICE,options_atm,14,1.0,14,2.0,7,3.0,one_red,mid,18,15,506,37.0,1.08,9.68,0.39,12.1,1.18,14.42,152,36.2,0.9,-4.74,-0.45,13.02,,,,,
sterling_kite_engine,NIFTY FIN SERVICE,delta1,14,1.0,14,2.0,7,3.0,one_red,mid,30,15,504,37.7,1.08,20.06,0.41,15.2,1.17,28.18,152,38.8,0.91,-8.12,-0.4,19.18,,,,,
sterling_kite_engine,NIFTY FIN SERVICE,options_atm,14,1.0,14,2.0,7,3.0,one_red,mid,30,15,504,34.3,1.24,30.44,0.99,8.89,1.41,32.94,152,34.2,0.95,-2.5,-0.21,11.66,,,,,
sterling_kite_engine,NIFTY FIN SERVICE,delta1,14,1.0,14,2.0,7,3.0,one_red,mid,48,15,504,37.3,1.09,22.12,0.45,14.76,1.15,24.13,152,38.2,0.98,-2.01,-0.09,17.83,,,,,
sterling_kite_engine,NIFTY FIN SERVICE,options_atm,14,1.0,14,2.0,7,3.0,one_red,mid,48,15,504,33.9,1.24,30.97,0.99,8.77,1.36,29.37,152,33.6,1.03,1.6,0.12,11.12,,,,,
sterling_kite_engine,NIFTY FIN SERVICE,delta1,14,1.0,14,2.0,7,3.0,one_red,mid,none,20,342,39.8,1.12,21.46,0.6,17.99,1.22,24.86,106,37.7,0.95,-3.4,-0.18,21.64,,,,,
sterling_kite_engine,NIFTY FIN SERVICE,options_atm,14,1.0,14,2.0,7,3.0,one_red,mid,none,20,342,36.8,1.29,26.84,1.19,9.99,1.48,26.5,106,34.9,1.01,0.33,0.03,12.3,,,,,
sterling_kite_engine,NIFTY FIN SERVICE,delta1,14,1.0,14,2.0,7,3.0,one_red,mid,18,20,343,41.4,0.99,-1.83,-0.06,19.82,1.11,12.57,106,39.6,0.8,-14.4,-0.93,22.1,,,,,
sterling_kite_engine,NIFTY FIN SERVICE,options_atm,14,1.0,14,2.0,7,3.0,one_red,mid,18,20,343,39.4,1.11,10.17,0.59,9.78,1.31,16.64,106,36.8,0.82,-6.47,-0.81,11.33,,,,,
sterling_kite_engine,NIFTY FIN SERVICE,delta1,14,1.0,14,2.0,7,3.0,one_red,mid,30,20,342,40.1,1.09,16.6,0.48,19.29,1.24,26.81,106,38.7,0.86,-10.21,-0.58,23.71,,,,,
sterling_kite_engine,NIFTY FIN SERVICE,options_atm,14,1.0,14,2.0,7,3.0,one_red,mid,30,20,342,37.1,1.27,24.78,1.13,10.48,1.52,28.65,106,35.8,0.89,-3.87,-0.38,13.19,,,,,
sterling_kite_engine,NIFTY FIN SERVICE,delta1,14,1.0,14,2.0,7,3.0,one_red,mid,48,20,342,39.8,1.12,21.9,0.61,18.12,1.23,25.98,106,37.7,0.94,-4.09,-0.22,21.98,,,,,
sterling_kite_engine,NIFTY FIN SERVICE,options_atm,14,1.0,14,2.0,7,3.0,one_red,mid,48,20,342,36.8,1.31,27.94,1.22,9.97,1.5,27.64,106,34.9,1.01,0.3,0.03,12.39,,,,,
sterling_kite_engine,NIFTY FIN SERVICE,delta1,14,1.0,14,2.0,7,3.0,one_red,mid,none,25,186,40.3,1.16,15.81,0.73,9.26,1.33,19.96,61,41.0,0.89,-4.15,-0.38,10.99,,,,,
sterling_kite_engine,NIFTY FIN SERVICE,options_atm,14,1.0,14,2.0,7,3.0,one_red,mid,none,25,186,37.1,1.33,15.99,1.15,6.45,1.69,20.21,61,37.7,0.78,-4.23,-0.8,7.1,,,,,
sterling_kite_engine,NIFTY FIN SERVICE,delta1,14,1.0,14,2.0,7,3.0,one_red,mid,18,25,186,42.5,1.14,13.76,0.69,9.68,1.24,14.34,61,44.3,0.98,-0.58,-0.05,7.97,,,,,
sterling_kite_engine,NIFTY FIN SERVICE,options_atm,14,1.0,14,2.0,7,3.0,one_red,mid,18,25,186,40.3,1.32,14.66,1.23,3.94,1.54,15.12,61,42.6,0.97,-0.47,-0.08,4.51,,,,,
sterling_kite_engine,NIFTY FIN SERVICE,delta1,14,1.0,14,2.0,7,3.0,one_red,mid,30,25,186,40.9,1.15,14.44,0.68,9.49,1.33,19.94,61,42.6,0.85,-5.51,-0.52,11.28,,,,,
sterling_kite_engine,NIFTY FIN SERVICE,options_atm,14,1.0,14,2.0,7,3.0,one_red,mid,30,25,186,37.6,1.33,15.89,1.16,6.77,1.7,20.48,61,39.3,0.75,-4.59,-0.89,7.32,,,,,
sterling_kite_engine,NIFTY FIN SERVICE,delta1,14,1.0,14,2.0,7,3.0,one_red,mid,48,25,186,40.3,1.17,16.28,0.75,9.2,1.35,20.95,61,41.0,0.87,-4.67,-0.43,11.01,,,,,
sterling_kite_engine,NIFTY FIN SERVICE,options_atm,14,1.0,14,2.0,7,3.0,one_red,mid,48,25,186,37.1,1.35,16.77,1.19,6.15,1.72,21.11,61,37.7,0.77,-4.34,-0.82,7.2,,,,,
sterling_kite_engine,NIFTY FIN SERVICE,delta1,14,1.0,14,2.0,7,3.0,two_red,fast,none,none,562,40.0,1.17,40.09,0.86,11.13,1.18,27.12,164,44.5,1.16,12.97,0.65,9.37,,,,,
sterling_kite_engine,NIFTY FIN SERVICE,options_atm,14,1.0,14,2.0,7,3.0,two_red,fast,none,none,562,37.5,1.34,38.48,1.33,6.08,1.39,28.63,164,40.9,1.25,9.85,0.8,5.38,,,,,
sterling_kite_engine,NIFTY FIN SERVICE,delta1,14,1.0,14,2.0,7,3.0,two_red,fast,18,none,562,40.0,1.09,21.24,0.5,12.09,1.11,16.41,164,44.5,1.06,4.83,0.28,9.51,,,,,
sterling_kite_engine,NIFTY FIN SERVICE,options_atm,14,1.0,14,2.0,7,3.0,two_red,fast,18,none,562,37.5,1.21,24.08,0.98,6.36,1.27,20.32,164,40.9,1.09,3.75,0.39,5.17,,,,,
sterling_kite_engine,NIFTY FIN SERVICE,delta1,14,1.0,14,2.0,7,3.0,two_red,fast,30,none,562,40.0,1.15,33.77,0.75,10.95,1.16,24.78,164,44.5,1.11,8.99,0.48,9.63,,,,,
sterling_kite_engine,NIFTY FIN SERVICE,options_atm,14,1.0,14,2.0,7,3.0,two_red,fast,30,none,562,37.5,1.29,33.36,1.22,5.85,1.36,26.65,164,40.9,1.17,6.71,0.6,5.51,,,,,
sterling_kite_engine,NIFTY FIN SERVICE,delta1,14,1.0,14,2.0,7,3.0,two_red,fast,48,none,562,40.0,1.17,40.09,0.86,11.13,1.18,27.12,164,44.5,1.16,12.97,0.65,9.37,,,,,
sterling_kite_engine,NIFTY FIN SERVICE,options_atm,14,1.0,14,2.0,7,3.0,two_red,fast,48,none,562,37.5,1.34,38.48,1.33,6.08,1.39,28.63,164,40.9,1.25,9.85,0.8,5.38,,,,,
sterling_kite_engine,NIFTY FIN SERVICE,delta1,14,1.0,14,2.0,7,3.0,two_red,fast,none,15,507,38.9,1.11,23.21,0.55,12.38,1.09,12.26,153,44.4,1.15,10.94,0.56,10.45,,,,,
sterling_kite_engine,NIFTY FIN SERVICE,options_atm,14,1.0,14,2.0,7,3.0,two_red,fast,none,15,507,36.9,1.26,28.15,1.07,5.87,1.28,19.31,153,41.2,1.23,8.84,0.73,5.58,,,,,
sterling_kite_engine,NIFTY FIN SERVICE,delta1,14,1.0,14,2.0,7,3.0,two_red,fast,18,15,507,38.9,1.04,8.19,0.21,13.05,1.04,5.8,153,44.4,1.03,2.39,0.14,10.56,,,,,
sterling_kite_engine,NIFTY FIN SERVICE,options_atm,14,1.0,14,2.0,7,3.0,two_red,fast,18,15,507,36.9,1.15,16.45,0.73,6.12,1.2,14.04,153,41.2,1.06,2.41,0.26,6.07,,,,,
sterling_kite_engine,NIFTY FIN SERVICE,delta1,14,1.0,14,2.0,7,3.0,two_red,fast,30,15,507,38.9,1.08,16.89,0.42,12.67,1.07,9.92,153,44.4,1.09,6.97,0.38,10.45,,,,,
sterling_kite_engine,NIFTY FIN SERVICE,options_atm,14,1.0,14,2.0,7,3.0,two_red,fast,30,15,507,36.9,1.22,23.03,0.92,5.9,1.25,17.33,153,41.2,1.15,5.7,0.52,6.13,,,,,
sterling_kite_engine,NIFTY FIN SERVICE,delta1,14,1.0,14,2.0,7,3.0,two_red,fast,48,15,507,38.9,1.11,23.21,0.55,12.38,1.09,12.26,153,44.4,1.15,10.94,0.56,10.45,,,,,
sterling_kite_engine,NIFTY FIN SERVICE,options_atm,14,1.0,14,2.0,7,3.0,two_red,fast,48,15,507,36.9,1.26,28.15,1.07,5.87,1.28,19.31,153,41.2,1.23,8.84,0.73,5.58,,,,,
sterling_kite_engine,NIFTY FIN SERVICE,delta1,14,1.0,14,2.0,7,3.0,two_red,fast,none,20,344,41.0,1.22,32.75,1.06,10.54,1.21,19.69,107,44.9,1.24,13.06,0.74,12.19,,,,,
sterling_kite_engine,NIFTY FIN SERVICE,options_atm,14,1.0,14,2.0,7,3.0,two_red,fast,none,20,344,39.5,1.42,30.68,1.56,5.96,1.45,20.7,107,43.0,1.37,9.98,0.91,7.01,,,,,
sterling_kite_engine,NIFTY FIN SERVICE,delta1,14,1.0,14,2.0,7,3.0,two_red,fast,18,20,344,41.0,1.14,21.34,0.78,12.21,1.19,18.3,107,44.9,1.06,3.04,0.22,14.13,,,,,
sterling_kite_engine,NIFTY FIN SERVICE,options_atm,14,1.0,14,2.0,7,3.0,two_red,fast,18,20,344,39.5,1.29,21.41,1.33,6.65,1.41,19.04,107,43.0,1.09,2.37,0.32,7.81,,,,,
sterling_kite_engine,NIFTY FIN SERVICE,delta1,14,1.0,14,2.0,7,3.0,two_red,fast,30,20,344,41.0,1.19,28.49,0.96,11.37,1.21,19.4,107,44.9,1.17,9.08,0.56,13.18,,,,,
sterling_kite_engine,NIFTY FIN SERVICE,options_atm,14,1.0,14,2.0,7,3.0,two_red,fast,30,20,344,39.5,1.37,27.2,1.46,6.43,1.44,20.36,107,43.0,1.25,6.84,0.7,7.58,,,,,
sterling_kite_engine,NIFTY FIN SERVICE,delta1,14,1.0,14,2.0,7,3.0,two_red,fast,48,20,344,41.0,1.22,32.75,1.06,10.54,1.21,19.69,107,44.9,1.24,13.06,0.74,12.19,,,,,
sterling_kite_engine,NIFTY FIN SERVICE,options_atm,14,1.0,14,2.0,7,3.0,two_red,fast,48,20,344,39.5,1.42,30.68,1.56,5.96,1.45,20.7,107,43.0,1.37,9.98,0.91,7.01,,,,,
sterling_kite_engine,NIFTY FIN SERVICE,delta1,14,1.0,14,2.0,7,3.0,two_red,fast,none,25,186,41.9,1.47,35.11,1.81,5.94,1.51,24.65,61,49.2,1.39,10.46,1.02,7.19,,,,,
sterling_kite_engine,NIFTY FIN SERVICE,options_atm,14,1.0,14,2.0,7,3.0,two_red,fast,none,25,186,40.9,1.71,26.31,2.1,3.28,1.92,21.74,61,47.5,1.34,4.57,0.88,3.95,,,,,
sterling_kite_engine,NIFTY FIN SERVICE,delta1,14,1.0,14,2.0,7,3.0,two_red,fast,18,25,186,41.9,1.44,33.33,1.81,6.01,1.48,23.26,61,49.2,1.38,10.07,0.99,7.22,,,,,
sterling_kite_engine,NIFTY FIN SERVICE,options_atm,14,1.0,14,2.0,7,3.0,two_red,fast,18,25,186,41.4,1.67,24.83,2.18,3.32,1.84,19.91,61,49.2,1.37,4.92,0.94,3.93,,,,,
sterling_kite_engine,NIFTY FIN SERVICE,delta1,14,1.0,14,2.0,7,3.0,two_red,fast,30,25,186,41.9,1.45,33.77,1.77,5.99,1.5,24.13,61,49.2,1.36,9.64,0.96,7.24,,,,,
sterling_kite_engine,NIFTY FIN SERVICE,options_atm,14,1.0,14,2.0,7,3.0,two_red,fast,30,25,186,40.9,1.68,25.34,2.07,3.31,1.9,21.24,61,47.5,1.31,4.11,0.81,3.96,,,,,
sterling_kite_engine,NIFTY FIN SERVICE,delta1,14,1.0,14,2.0,7,3.0,two_red,fast,48,25,186,41.9,1.47,35.11,1.81,5.94,1.51,24.65,61,49.2,1.39,10.46,1.02,7.19,,,,,
sterling_kite_engine,NIFTY FIN SERVICE,options_atm,14,1.0,14,2.0,7,3.0,two_red,fast,48,25,186,40.9,1.71,26.31,2.1,3.28,1.92,21.74,61,47.5,1.34,4.57,0.88,3.95,,,,,
sterling_kite_engine,NIFTY FIN SERVICE,delta1,14,1.0,14,2.0,7,3.0,two_red,mid,none,none,449,36.3,1.13,35.93,0.65,17.23,1.31,53.24,136,31.6,0.85,-17.31,-0.7,25.77,,,,,
sterling_kite_engine,NIFTY FIN SERVICE,options_atm,14,1.0,14,2.0,7,3.0,two_red,mid,none,none,449,32.3,1.32,45.06,1.25,10.49,1.58,49.92,136,26.5,0.91,-4.86,-0.33,15.39,,,,,
sterling_kite_engine,NIFTY FIN SERVICE,delta1,14,1.0,14,2.0,7,3.0,two_red,mid,18,none,503,41.4,0.99,-2.62,-0.06,27.46,1.13,22.77,151,37.1,0.77,-25.39,-1.24,33.37,,,,,
sterling_kite_engine,NIFTY FIN SERVICE,options_atm,14,1.0,14,2.0,7,3.0,two_red,mid,18,none,503,39.4,1.1,14.62,0.55,14.57,1.3,25.41,151,33.8,0.81,-10.79,-0.97,18.15,,,,,
sterling_kite_engine,NIFTY FIN SERVICE,delta1,14,1.0,14,2.0,7,3.0,two_red,mid,30,none,464,36.6,1.11,30.68,0.56,19.2,1.29,51.71,137,31.4,0.81,-21.03,-0.88,28.67,,,,,
sterling_kite_engine,NIFTY FIN SERVICE,options_atm,14,1.0,14,2.0,7,3.0,two_red,mid,30,none,464,33.0,1.31,44.82,1.27,8.74,1.57,50.39,137,26.3,0.9,-5.57,-0.39,13.03,,,,,
sterling_kite_engine,NIFTY FIN SERVICE,delta1,14,1.0,14,2.0,7,3.0,two_red,mid,48,none,454,36.6,1.13,38.34,0.7,17.44,1.33,57.61,137,31.4,0.83,-19.28,-0.79,26.92,,,,,
sterling_kite_engine,NIFTY FIN SERVICE,options_atm,14,1.0,14,2.0,7,3.0,two_red,mid,48,none,454,32.8,1.34,48.35,1.35,10.48,1.62,53.48,137,26.3,0.91,-5.13,-0.35,15.74,,,,,
sterling_kite_engine,NIFTY FIN SERVICE,delta1,14,1.0,14,2.0,7,3.0,two_red,mid,none,15,412,35.7,1.08,22.14,0.44,21.18,1.27,42.71,129,31.8,0.8,-20.58,-0.9,29.64,,,,,
sterling_kite_engine,NIFTY FIN SERVICE,options_atm,14,1.0,14,2.0,7,3.0,two_red,mid,none,15,412,31.6,1.27,36.71,1.11,12.26,1.56,45.03,129,26.4,0.84,-8.31,-0.63,17.42,,,,,
sterling_kite_engine,NIFTY FIN SERVICE,delta1,14,1.0,14,2.0,7,3.0,two_red,mid,18,15,462,40.7,0.92,-20.94,-0.5,33.4,1.04,5.86,143,37.1,0.75,-26.8,-1.38,35.26,,,,,
sterling_kite_engine,NIFTY FIN SERVICE,options_atm,14,1.0,14,2.0,7,3.0,two_red,mid,18,15,462,38.5,1.03,3.81,0.16,15.73,1.2,15.74,143,33.6,0.78,-11.93,-1.13,18.13,,,,,
sterling_kite_engine,NIFTY FIN SERVICE,delta1,14,1.0,14,2.0,7,3.0,two_red,mid,30,15,426,36.2,1.06,15.97,0.32,23.02,1.23,37.8,130,31.5,0.8,-21.83,-0.95,31.32,,,,,
sterling_kite_engine,NIFTY FIN SERVICE,options_atm,14,1.0,14,2.0,7,3.0,two_red,mid,30,15,426,32.4,1.26,35.62,1.09,11.25,1.52,42.51,130,26.2,0.87,-6.89,-0.5,15.83,,,,,
sterling_kite_engine,NIFTY FIN SERVICE,delta1,14,1.0,14,2.0,7,3.0,two_red,mid,48,15,416,36.1,1.1,27.3,0.53,20.79,1.3,47.54,130,31.5,0.81,-20.25,-0.87,29.99,,,,,
sterling_kite_engine,NIFTY FIN SERVICE,options_atm,14,1.0,14,2.0,7,3.0,two_red,mid,48,15,416,32.0,1.31,42.11,1.26,12.05,1.61,48.63,130,26.2,0.88,-6.53,-0.47,17.44,,,,,
sterling_kite_engine,NIFTY FIN SERVICE,delta1,14,1.0,14,2.0,7,3.0,two_red,mid,none,20,287,38.7,1.18,33.79,0.89,19.71,1.44,48.61,92,32.6,0.82,-14.81,-0.73,27.86,,,,,
sterling_kite_engine,NIFTY FIN SERVICE,options_atm,14,1.0,14,2.0,7,3.0,two_red,mid,none,20,287,34.8,1.43,40.54,1.6,11.65,1.85,46.11,92,28.3,0.86,-5.56,-0.48,16.42,,,,,
sterling_kite_engine,NIFTY FIN SERVICE,delta1,14,1.0,14,2.0,7,3.0,two_red,mid,18,20,319,43.3,0.96,-7.91,-0.26,21.56,1.11,12.5,101,36.6,0.74,-20.42,-1.24,24.14,,,,,
sterling_kite_engine,NIFTY FIN SERVICE,options_atm,14,1.0,14,2.0,7,3.0,two_red,mid,18,20,319,40.8,1.1,9.38,0.54,10.56,1.34,18.42,101,33.7,0.77,-9.04,-1.05,12.44,,,,,
sterling_kite_engine,NIFTY FIN SERVICE,delta1,14,1.0,14,2.0,7,3.0,two_red,mid,30,20,296,39.9,1.12,24.0,0.66,21.17,1.4,44.9,93,32.3,0.75,-20.9,-1.09,29.67,,,,,
sterling_kite_engine,NIFTY FIN SERVICE,options_atm,14,1.0,14,2.0,7,3.0,two_red,mid,30,20,296,36.1,1.37,35.06,1.47,11.75,1.78,42.75,93,28.0,0.81,-7.68,-0.69,16.31,,,,,
sterling_kite_engine,NIFTY FIN SERVICE,delta1,14,1.0,14,2.0,7,3.0,two_red,mid,48,20,291,38.8,1.19,36.73,0.95,19.65,1.45,51.3,93,32.3,0.82,-14.57,-0.71,28.16,,,,,
sterling_kite_engine,NIFTY FIN SERVICE,options_atm,14,1.0,14,2.0,7,3.0,two_red,mid,48,20,291,35.1,1.47,45.09,1.76,11.33,1.89,48.97,93,28.0,0.91,-3.88,-0.32,16.18,,,,,
sterling_kite_engine,NIFTY FIN SERVICE,delta1,14,1.0,14,2.0,7,3.0,two_red,mid,none,25,160,38.8,1.2,21.44,0.79,12.81,1.59,34.61,52,34.6,0.71,-13.17,-0.99,17.08,,,,,
sterling_kite_engine,NIFTY FIN SERVICE,options_atm,14,1.0,14,2.0,7,3.0,two_red,mid,none,25,160,33.8,1.47,24.75,1.29,8.12,2.11,32.61,52,30.8,0.66,-7.85,-1.2,10.59,,,,,
sterling_kite_engine,NIFTY FIN SERVICE,delta1,14,1.0,14,2.0,7,3.0,two_red,mid,18,25,176,46.0,1.13,13.29,0.64,10.82,1.34,19.65,58,43.1,0.85,-6.36,-0.52,12.84,,,,,
sterling_kite_engine,NIFTY FIN SERVICE,options_atm,14,1.0,14,2.0,7,3.0,two_red,mid,18,25,176,43.2,1.31,14.9,1.2,6.16,1.65,18.05,58,41.4,0.85,-3.15,-0.49,7.24,,,,,
sterling_kite_engine,NIFTY FIN SERVICE,delta1,14,1.0,14,2.0,7,3.0,two_red,mid,30,25,165,41.2,1.09,9.49,0.39,16.0,1.42,25.42,52,38.5,0.64,-15.93,-1.29,18.78,,,,,
sterling_kite_engine,NIFTY FIN SERVICE,options_atm,14,1.0,14,2.0,7,3.0,two_red,mid,30,25,165,36.4,1.3,15.57,0.94,9.25,1.82,24.14,52,34.6,0.61,-8.57,-1.36,10.63,,,,,
sterling_kite_engine,NIFTY FIN SERVICE,delta1,14,1.0,14,2.0,7,3.0,two_red,mid,48,25,161,39.1,1.25,25.93,0.95,12.53,1.67,39.88,52,34.6,0.7,-13.95,-1.06,17.37,,,,,
sterling_kite_engine,NIFTY FIN SERVICE,options_atm,14,1.0,14,2.0,7,3.0,two_red,mid,48,25,161,34.2,1.56,29.21,1.53,7.79,2.25,36.64,52,30.8,0.68,-7.43,-1.09,10.55,,,,,
sterling_kite_engine,NIFTY FIN SERVICE,delta1,14,1.0,14,2.0,7,3.0,three_red,fast,none,none,562,40.0,1.17,40.09,0.86,11.13,1.18,27.12,164,44.5,1.16,12.97,0.65,9.37,,,,,
sterling_kite_engine,NIFTY FIN SERVICE,options_atm,14,1.0,14,2.0,7,3.0,three_red,fast,none,none,562,37.5,1.34,38.48,1.33,6.08,1.39,28.63,164,40.9,1.25,9.85,0.8,5.38,,,,,
sterling_kite_engine,NIFTY FIN SERVICE,delta1,14,1.0,14,2.0,7,3.0,three_red,fast,18,none,562,40.0,1.09,21.24,0.5,12.09,1.11,16.41,164,44.5,1.06,4.83,0.28,9.51,,,,,
sterling_kite_engine,NIFTY FIN SERVICE,options_atm,14,1.0,14,2.0,7,3.0,three_red,fast,18,none,562,37.5,1.21,24.08,0.98,6.36,1.27,20.32,164,40.9,1.09,3.75,0.39,5.17,,,,,
sterling_kite_engine,NIFTY FIN SERVICE,delta1,14,1.0,14,2.0,7,3.0,three_red,fast,30,none,562,40.0,1.15,33.77,0.75,10.95,1.16,24.78,164,44.5,1.11,8.99,0.48,9.63,,,,,
sterling_kite_engine,NIFTY FIN SERVICE,options_atm,14,1.0,14,2.0,7,3.0,three_red,fast,30,none,562,37.5,1.29,33.36,1.22,5.85,1.36,26.65,164,40.9,1.17,6.71,0.6,5.51,,,,,
sterling_kite_engine,NIFTY FIN SERVICE,delta1,14,1.0,14,2.0,7,3.0,three_red,fast,48,none,562,40.0,1.17,40.09,0.86,11.13,1.18,27.12,164,44.5,1.16,12.97,0.65,9.37,,,,,
sterling_kite_engine,NIFTY FIN SERVICE,options_atm,14,1.0,14,2.0,7,3.0,three_red,fast,48,none,562,37.5,1.34,38.48,1.33,6.08,1.39,28.63,164,40.9,1.25,9.85,0.8,5.38,,,,,
sterling_kite_engine,NIFTY FIN SERVICE,delta1,14,1.0,14,2.0,7,3.0,three_red,fast,none,15,507,38.9,1.11,23.21,0.55,12.38,1.09,12.26,153,44.4,1.15,10.94,0.56,10.45,,,,,
sterling_kite_engine,NIFTY FIN SERVICE,options_atm,14,1.0,14,2.0,7,3.0,three_red,fast,none,15,507,36.9,1.26,28.15,1.07,5.87,1.28,19.31,153,41.2,1.23,8.84,0.73,5.58,,,,,
sterling_kite_engine,NIFTY FIN SERVICE,delta1,14,1.0,14,2.0,7,3.0,three_red,fast,18,15,507,38.9,1.04,8.19,0.21,13.05,1.04,5.8,153,44.4,1.03,2.39,0.14,10.56,,,,,
sterling_kite_engine,NIFTY FIN SERVICE,options_atm,14,1.0,14,2.0,7,3.0,three_red,fast,18,15,507,36.9,1.15,16.45,0.73,6.12,1.2,14.04,153,41.2,1.06,2.41,0.26,6.07,,,,,
sterling_kite_engine,NIFTY FIN SERVICE,delta1,14,1.0,14,2.0,7,3.0,three_red,fast,30,15,507,38.9,1.08,16.89,0.42,12.67,1.07,9.92,153,44.4,1.09,6.97,0.38,10.45,,,,,
sterling_kite_engine,NIFTY FIN SERVICE,options_atm,14,1.0,14,2.0,7,3.0,three_red,fast,30,15,507,36.9,1.22,23.03,0.92,5.9,1.25,17.33,153,41.2,1.15,5.7,0.52,6.13,,,,,
sterling_kite_engine,NIFTY FIN SERVICE,delta1,14,1.0,14,2.0,7,3.0,three_red,fast,48,15,507,38.9,1.11,23.21,0.55,12.38,1.09,12.26,153,44.4,1.15,10.94,0.56,10.45,,,,,
sterling_kite_engine,NIFTY FIN SERVICE,options_atm,14,1.0,14,2.0,7,3.0,three_red,fast,48,15,507,36.9,1.26,28.15,1.07,5.87,1.28,19.31,153,41.2,1.23,8.84,0.73,5.58,,,,,
sterling_kite_engine,NIFTY FIN SERVICE,delta1,14,1.0,14,2.0,7,3.0,three_red,fast,none,20,344,41.0,1.22,32.75,1.06,10.54,1.21,19.69,107,44.9,1.24,13.06,0.74,12.19,,,,,
sterling_kite_engine,NIFTY FIN SERVICE,options_atm,14,1.0,14,2.0,7,3.0,three_red,fast,none,20,344,39.5,1.42,30.68,1.56,5.96,1.45,20.7,107,43.0,1.37,9.98,0.91,7.01,,,,,
sterling_kite_engine,NIFTY FIN SERVICE,delta1,14,1.0,14,2.0,7,3.0,three_red,fast,18,20,344,41.0,1.14,21.34,0.78,12.21,1.19,18.3,107,44.9,1.06,3.04,0.22,14.13,,,,,
sterling_kite_engine,NIFTY FIN SERVICE,options_atm,14,1.0,14,2.0,7,3.0,three_red,fast,18,20,344,39.5,1.29,21.41,1.33,6.65,1.41,19.04,107,43.0,1.09,2.37,0.32,7.81,,,,,
sterling_kite_engine,NIFTY FIN SERVICE,delta1,14,1.0,14,2.0,7,3.0,three_red,fast,30,20,344,41.0,1.19,28.49,0.96,11.37,1.21,19.4,107,44.9,1.17,9.08,0.56,13.18,,,,,
sterling_kite_engine,NIFTY FIN SERVICE,options_atm,14,1.0,14,2.0,7,3.0,three_red,fast,30,20,344,39.5,1.37,27.2,1.46,6.43,1.44,20.36,107,43.0,1.25,6.84,0.7,7.58,,,,,
sterling_kite_engine,NIFTY FIN SERVICE,delta1,14,1.0,14,2.0,7,3.0,three_red,fast,48,20,344,41.0,1.22,32.75,1.06,10.54,1.21,19.69,107,44.9,1.24,13.06,0.74,12.19,,,,,
sterling_kite_engine,NIFTY FIN SERVICE,options_atm,14,1.0,14,2.0,7,3.0,three_red,fast,48,20,344,39.5,1.42,30.68,1.56,5.96,1.45,20.7,107,43.0,1.37,9.98,0.91,7.01,,,,,
sterling_kite_engine,NIFTY FIN SERVICE,delta1,14,1.0,14,2.0,7,3.0,three_red,fast,none,25,186,41.9,1.47,35.11,1.81,5.94,1.51,24.65,61,49.2,1.39,10.46,1.02,7.19,,,,,
sterling_kite_engine,NIFTY FIN SERVICE,options_atm,14,1.0,14,2.0,7,3.0,three_red,fast,none,25,186,40.9,1.71,26.31,2.1,3.28,1.92,21.74,61,47.5,1.34,4.57,0.88,3.95,,,,,
sterling_kite_engine,NIFTY FIN SERVICE,delta1,14,1.0,14,2.0,7,3.0,three_red,fast,18,25,186,41.9,1.44,33.33,1.81,6.01,1.48,23.26,61,49.2,1.38,10.07,0.99,7.22,,,,,
sterling_kite_engine,NIFTY FIN SERVICE,options_atm,14,1.0,14,2.0,7,3.0,three_red,fast,18,25,186,41.4,1.67,24.83,2.18,3.32,1.84,19.91,61,49.2,1.37,4.92,0.94,3.93,,,,,
sterling_kite_engine,NIFTY FIN SERVICE,delta1,14,1.0,14,2.0,7,3.0,three_red,fast,30,25,186,41.9,1.45,33.77,1.77,5.99,1.5,24.13,61,49.2,1.36,9.64,0.96,7.24,,,,,
sterling_kite_engine,NIFTY FIN SERVICE,options_atm,14,1.0,14,2.0,7,3.0,three_red,fast,30,25,186,40.9,1.68,25.34,2.07,3.31,1.9,21.24,61,47.5,1.31,4.11,0.81,3.96,,,,,
sterling_kite_engine,NIFTY FIN SERVICE,delta1,14,1.0,14,2.0,7,3.0,three_red,fast,48,25,186,41.9,1.47,35.11,1.81,5.94,1.51,24.65,61,49.2,1.39,10.46,1.02,7.19,,,,,
sterling_kite_engine,NIFTY FIN SERVICE,options_atm,14,1.0,14,2.0,7,3.0,three_red,fast,48,25,186,40.9,1.71,26.31,2.1,3.28,1.92,21.74,61,47.5,1.34,4.57,0.88,3.95,,,,,
sterling_kite_engine,NIFTY FIN SERVICE,delta1,14,1.0,14,2.0,7,3.0,three_red,mid,none,none,449,36.3,1.13,35.93,0.65,17.23,1.31,53.24,136,31.6,0.85,-17.31,-0.7,25.77,,,,,
sterling_kite_engine,NIFTY FIN SERVICE,options_atm,14,1.0,14,2.0,7,3.0,three_red,mid,none,none,449,32.3,1.32,45.06,1.25,10.49,1.58,49.92,136,26.5,0.91,-4.86,-0.33,15.39,,,,,
sterling_kite_engine,NIFTY FIN SERVICE,delta1,14,1.0,14,2.0,7,3.0,three_red,mid,18,none,503,41.4,0.99,-2.62,-0.06,27.46,1.13,22.77,151,37.1,0.77,-25.39,-1.24,33.37,,,,,
sterling_kite_engine,NIFTY FIN SERVICE,options_atm,14,1.0,14,2.0,7,3.0,three_red,mid,18,none,503,39.4,1.1,14.62,0.55,14.57,1.3,25.41,151,33.8,0.81,-10.79,-0.97,18.15,,,,,
sterling_kite_engine,NIFTY FIN SERVICE,delta1,14,1.0,14,2.0,7,3.0,three_red,mid,30,none,464,36.6,1.11,30.68,0.56,19.2,1.29,51.71,137,31.4,0.81,-21.03,-0.88,28.67,,,,,
sterling_kite_engine,NIFTY FIN SERVICE,options_atm,14,1.0,14,2.0,7,3.0,three_red,mid,30,none,464,33.0,1.31,44.82,1.27,8.74,1.57,50.39,137,26.3,0.9,-5.57,-0.39,13.03,,,,,
sterling_kite_engine,NIFTY FIN SERVICE,delta1,14,1.0,14,2.0,7,3.0,three_red,mid,48,none,454,36.6,1.13,38.34,0.7,17.44,1.33,57.61,137,31.4,0.83,-19.28,-0.79,26.92,,,,,
sterling_kite_engine,NIFTY FIN SERVICE,options_atm,14,1.0,14,2.0,7,3.0,three_red,mid,48,none,454,32.8,1.34,48.35,1.35,10.48,1.62,53.48,137,26.3,0.91,-5.13,-0.35,15.74,,,,,
sterling_kite_engine,NIFTY FIN SERVICE,delta1,14,1.0,14,2.0,7,3.0,three_red,mid,none,15,412,35.7,1.08,22.14,0.44,21.18,1.27,42.71,129,31.8,0.8,-20.58,-0.9,29.64,,,,,
sterling_kite_engine,NIFTY FIN SERVICE,options_atm,14,1.0,14,2.0,7,3.0,three_red,mid,none,15,412,31.6,1.27,36.71,1.11,12.26,1.56,45.03,129,26.4,0.84,-8.31,-0.63,17.42,,,,,
sterling_kite_engine,NIFTY FIN SERVICE,delta1,14,1.0,14,2.0,7,3.0,three_red,mid,18,15,462,40.7,0.92,-20.94,-0.5,33.4,1.04,5.86,143,37.1,0.75,-26.8,-1.38,35.26,,,,,
sterling_kite_engine,NIFTY FIN SERVICE,options_atm,14,1.0,14,2.0,7,3.0,three_red,mid,18,15,462,38.5,1.03,3.81,0.16,15.73,1.2,15.74,143,33.6,0.78,-11.93,-1.13,18.13,,,,,
sterling_kite_engine,NIFTY FIN SERVICE,delta1,14,1.0,14,2.0,7,3.0,three_red,mid,30,15,426,36.2,1.06,15.97,0.32,23.02,1.23,37.8,130,31.5,0.8,-21.83,-0.95,31.32,,,,,
sterling_kite_engine,NIFTY FIN SERVICE,options_atm,14,1.0,14,2.0,7,3.0,three_red,mid,30,15,426,32.4,1.26,35.62,1.09,11.25,1.52,42.51,130,26.2,0.87,-6.89,-0.5,15.83,,,,,
sterling_kite_engine,NIFTY FIN SERVICE,delta1,14,1.0,14,2.0,7,3.0,three_red,mid,48,15,416,36.1,1.1,27.3,0.53,20.79,1.3,47.54,130,31.5,0.81,-20.25,-0.87,29.99,,,,,
sterling_kite_engine,NIFTY FIN SERVICE,options_atm,14,1.0,14,2.0,7,3.0,three_red,mid,48,15,416,32.0,1.31,42.11,1.26,12.05,1.61,48.63,130,26.2,0.88,-6.53,-0.47,17.44,,,,,
sterling_kite_engine,NIFTY FIN SERVICE,delta1,14,1.0,14,2.0,7,3.0,three_red,mid,none,20,287,38.7,1.18,33.79,0.89,19.71,1.44,48.61,92,32.6,0.82,-14.81,-0.73,27.86,,,,,
sterling_kite_engine,NIFTY FIN SERVICE,options_atm,14,1.0,14,2.0,7,3.0,three_red,mid,none,20,287,34.8,1.43,40.54,1.6,11.65,1.85,46.11,92,28.3,0.86,-5.56,-0.48,16.42,,,,,
sterling_kite_engine,NIFTY FIN SERVICE,delta1,14,1.0,14,2.0,7,3.0,three_red,mid,18,20,319,43.3,0.96,-7.91,-0.26,21.56,1.11,12.5,101,36.6,0.74,-20.42,-1.24,24.14,,,,,
sterling_kite_engine,NIFTY FIN SERVICE,options_atm,14,1.0,14,2.0,7,3.0,three_red,mid,18,20,319,40.8,1.1,9.38,0.54,10.56,1.34,18.42,101,33.7,0.77,-9.04,-1.05,12.44,,,,,
sterling_kite_engine,NIFTY FIN SERVICE,delta1,14,1.0,14,2.0,7,3.0,three_red,mid,30,20,296,39.9,1.12,24.0,0.66,21.17,1.4,44.9,93,32.3,0.75,-20.9,-1.09,29.67,,,,,
sterling_kite_engine,NIFTY FIN SERVICE,options_atm,14,1.0,14,2.0,7,3.0,three_red,mid,30,20,296,36.1,1.37,35.06,1.47,11.75,1.78,42.75,93,28.0,0.81,-7.68,-0.69,16.31,,,,,
sterling_kite_engine,NIFTY FIN SERVICE,delta1,14,1.0,14,2.0,7,3.0,three_red,mid,48,20,291,38.8,1.19,36.73,0.95,19.65,1.45,51.3,93,32.3,0.82,-14.57,-0.71,28.16,,,,,
sterling_kite_engine,NIFTY FIN SERVICE,options_atm,14,1.0,14,2.0,7,3.0,three_red,mid,48,20,291,35.1,1.47,45.09,1.76,11.33,1.89,48.97,93,28.0,0.91,-3.88,-0.32,16.18,,,,,
sterling_kite_engine,NIFTY FIN SERVICE,delta1,14,1.0,14,2.0,7,3.0,three_red,mid,none,25,160,38.8,1.2,21.44,0.79,12.81,1.59,34.61,52,34.6,0.71,-13.17,-0.99,17.08,,,,,
sterling_kite_engine,NIFTY FIN SERVICE,options_atm,14,1.0,14,2.0,7,3.0,three_red,mid,none,25,160,33.8,1.47,24.75,1.29,8.12,2.11,32.61,52,30.8,0.66,-7.85,-1.2,10.59,,,,,
sterling_kite_engine,NIFTY FIN SERVICE,delta1,14,1.0,14,2.0,7,3.0,three_red,mid,18,25,176,46.0,1.13,13.29,0.64,10.82,1.34,19.65,58,43.1,0.85,-6.36,-0.52,12.84,,,,,
sterling_kite_engine,NIFTY FIN SERVICE,options_atm,14,1.0,14,2.0,7,3.0,three_red,mid,18,25,176,43.2,1.31,14.9,1.2,6.16,1.65,18.05,58,41.4,0.85,-3.15,-0.49,7.24,,,,,
sterling_kite_engine,NIFTY FIN SERVICE,delta1,14,1.0,14,2.0,7,3.0,three_red,mid,30,25,165,41.2,1.09,9.49,0.39,16.0,1.42,25.42,52,38.5,0.64,-15.93,-1.29,18.78,,,,,
sterling_kite_engine,NIFTY FIN SERVICE,options_atm,14,1.0,14,2.0,7,3.0,three_red,mid,30,25,165,36.4,1.3,15.57,0.94,9.25,1.82,24.14,52,34.6,0.61,-8.57,-1.36,10.63,,,,,
sterling_kite_engine,NIFTY FIN SERVICE,delta1,14,1.0,14,2.0,7,3.0,three_red,mid,48,25,161,39.1,1.25,25.93,0.95,12.53,1.67,39.88,52,34.6,0.7,-13.95,-1.06,17.37,,,,,
sterling_kite_engine,NIFTY FIN SERVICE,options_atm,14,1.0,14,2.0,7,3.0,three_red,mid,48,25,161,34.2,1.56,29.21,1.53,7.79,2.25,36.64,52,30.8,0.68,-7.43,-1.09,10.55,,,,,
sterling_kite_engine,NIFTY FIN SERVICE,delta1,14,1.0,14,2.0,7,3.0,three_red_signal,fast,none,none,562,40.0,1.17,40.09,0.86,11.13,1.18,27.12,164,44.5,1.16,12.97,0.65,9.37,,,,,
sterling_kite_engine,NIFTY FIN SERVICE,options_atm,14,1.0,14,2.0,7,3.0,three_red_signal,fast,none,none,562,37.5,1.34,38.48,1.33,6.08,1.39,28.63,164,40.9,1.25,9.85,0.8,5.38,,,,,
sterling_kite_engine,NIFTY FIN SERVICE,delta1,14,1.0,14,2.0,7,3.0,three_red_signal,fast,18,none,562,40.0,1.09,21.24,0.5,12.09,1.11,16.41,164,44.5,1.06,4.83,0.28,9.51,,,,,
sterling_kite_engine,NIFTY FIN SERVICE,options_atm,14,1.0,14,2.0,7,3.0,three_red_signal,fast,18,none,562,37.5,1.21,24.08,0.98,6.36,1.27,20.32,164,40.9,1.09,3.75,0.39,5.17,,,,,
sterling_kite_engine,NIFTY FIN SERVICE,delta1,14,1.0,14,2.0,7,3.0,three_red_signal,fast,30,none,562,40.0,1.15,33.77,0.75,10.95,1.16,24.78,164,44.5,1.11,8.99,0.48,9.63,,,,,
sterling_kite_engine,NIFTY FIN SERVICE,options_atm,14,1.0,14,2.0,7,3.0,three_red_signal,fast,30,none,562,37.5,1.29,33.36,1.22,5.85,1.36,26.65,164,40.9,1.17,6.71,0.6,5.51,,,,,
sterling_kite_engine,NIFTY FIN SERVICE,delta1,14,1.0,14,2.0,7,3.0,three_red_signal,fast,48,none,562,40.0,1.17,40.09,0.86,11.13,1.18,27.12,164,44.5,1.16,12.97,0.65,9.37,,,,,
sterling_kite_engine,NIFTY FIN SERVICE,options_atm,14,1.0,14,2.0,7,3.0,three_red_signal,fast,48,none,562,37.5,1.34,38.48,1.33,6.08,1.39,28.63,164,40.9,1.25,9.85,0.8,5.38,,,,,
sterling_kite_engine,NIFTY FIN SERVICE,delta1,14,1.0,14,2.0,7,3.0,three_red_signal,fast,none,15,507,38.9,1.11,23.21,0.55,12.38,1.09,12.26,153,44.4,1.15,10.94,0.56,10.45,,,,,
sterling_kite_engine,NIFTY FIN SERVICE,options_atm,14,1.0,14,2.0,7,3.0,three_red_signal,fast,none,15,507,36.9,1.26,28.15,1.07,5.87,1.28,19.31,153,41.2,1.23,8.84,0.73,5.58,,,,,
sterling_kite_engine,NIFTY FIN SERVICE,delta1,14,1.0,14,2.0,7,3.0,three_red_signal,fast,18,15,507,38.9,1.04,8.19,0.21,13.05,1.04,5.8,153,44.4,1.03,2.39,0.14,10.56,,,,,
sterling_kite_engine,NIFTY FIN SERVICE,options_atm,14,1.0,14,2.0,7,3.0,three_red_signal,fast,18,15,507,36.9,1.15,16.45,0.73,6.12,1.2,14.04,153,41.2,1.06,2.41,0.26,6.07,,,,,
sterling_kite_engine,NIFTY FIN SERVICE,delta1,14,1.0,14,2.0,7,3.0,three_red_signal,fast,30,15,507,38.9,1.08,16.89,0.42,12.67,1.07,9.92,153,44.4,1.09,6.97,0.38,10.45,,,,,
sterling_kite_engine,NIFTY FIN SERVICE,options_atm,14,1.0,14,2.0,7,3.0,three_red_signal,fast,30,15,507,36.9,1.22,23.03,0.92,5.9,1.25,17.33,153,41.2,1.15,5.7,0.52,6.13,,,,,
sterling_kite_engine,NIFTY FIN SERVICE,delta1,14,1.0,14,2.0,7,3.0,three_red_signal,fast,48,15,507,38.9,1.11,23.21,0.55,12.38,1.09,12.26,153,44.4,1.15,10.94,0.56,10.45,,,,,
sterling_kite_engine,NIFTY FIN SERVICE,options_atm,14,1.0,14,2.0,7,3.0,three_red_signal,fast,48,15,507,36.9,1.26,28.15,1.07,5.87,1.28,19.31,153,41.2,1.23,8.84,0.73,5.58,,,,,
sterling_kite_engine,NIFTY FIN SERVICE,delta1,14,1.0,14,2.0,7,3.0,three_red_signal,fast,none,20,344,41.0,1.22,32.75,1.06,10.54,1.21,19.69,107,44.9,1.24,13.06,0.74,12.19,,,,,
sterling_kite_engine,NIFTY FIN SERVICE,options_atm,14,1.0,14,2.0,7,3.0,three_red_signal,fast,none,20,344,39.5,1.42,30.68,1.56,5.96,1.45,20.7,107,43.0,1.37,9.98,0.91,7.01,,,,,
sterling_kite_engine,NIFTY FIN SERVICE,delta1,14,1.0,14,2.0,7,3.0,three_red_signal,fast,18,20,344,41.0,1.14,21.34,0.78,12.21,1.19,18.3,107,44.9,1.06,3.04,0.22,14.13,,,,,
sterling_kite_engine,NIFTY FIN SERVICE,options_atm,14,1.0,14,2.0,7,3.0,three_red_signal,fast,18,20,344,39.5,1.29,21.41,1.33,6.65,1.41,19.04,107,43.0,1.09,2.37,0.32,7.81,,,,,
sterling_kite_engine,NIFTY FIN SERVICE,delta1,14,1.0,14,2.0,7,3.0,three_red_signal,fast,30,20,344,41.0,1.19,28.49,0.96,11.37,1.21,19.4,107,44.9,1.17,9.08,0.56,13.18,,,,,
sterling_kite_engine,NIFTY FIN SERVICE,options_atm,14,1.0,14,2.0,7,3.0,three_red_signal,fast,30,20,344,39.5,1.37,27.2,1.46,6.43,1.44,20.36,107,43.0,1.25,6.84,0.7,7.58,,,,,
sterling_kite_engine,NIFTY FIN SERVICE,delta1,14,1.0,14,2.0,7,3.0,three_red_signal,fast,48,20,344,41.0,1.22,32.75,1.06,10.54,1.21,19.69,107,44.9,1.24,13.06,0.74,12.19,,,,,
sterling_kite_engine,NIFTY FIN SERVICE,options_atm,14,1.0,14,2.0,7,3.0,three_red_signal,fast,48,20,344,39.5,1.42,30.68,1.56,5.96,1.45,20.7,107,43.0,1.37,9.98,0.91,7.01,,,,,
sterling_kite_engine,NIFTY FIN SERVICE,delta1,14,1.0,14,2.0,7,3.0,three_red_signal,fast,none,25,186,41.9,1.47,35.11,1.81,5.94,1.51,24.65,61,49.2,1.39,10.46,1.02,7.19,,,,,
sterling_kite_engine,NIFTY FIN SERVICE,options_atm,14,1.0,14,2.0,7,3.0,three_red_signal,fast,none,25,186,40.9,1.71,26.31,2.1,3.28,1.92,21.74,61,47.5,1.34,4.57,0.88,3.95,,,,,
sterling_kite_engine,NIFTY FIN SERVICE,delta1,14,1.0,14,2.0,7,3.0,three_red_signal,fast,18,25,186,41.9,1.44,33.33,1.81,6.01,1.48,23.26,61,49.2,1.38,10.07,0.99,7.22,,,,,
sterling_kite_engine,NIFTY FIN SERVICE,options_atm,14,1.0,14,2.0,7,3.0,three_red_signal,fast,18,25,186,41.4,1.67,24.83,2.18,3.32,1.84,19.91,61,49.2,1.37,4.92,0.94,3.93,,,,,
sterling_kite_engine,NIFTY FIN SERVICE,delta1,14,1.0,14,2.0,7,3.0,three_red_signal,fast,30,25,186,41.9,1.45,33.77,1.77,5.99,1.5,24.13,61,49.2,1.36,9.64,0.96,7.24,,,,,
sterling_kite_engine,NIFTY FIN SERVICE,options_atm,14,1.0,14,2.0,7,3.0,three_red_signal,fast,30,25,186,40.9,1.68,25.34,2.07,3.31,1.9,21.24,61,47.5,1.31,4.11,0.81,3.96,,,,,
sterling_kite_engine,NIFTY FIN SERVICE,delta1,14,1.0,14,2.0,7,3.0,three_red_signal,fast,48,25,186,41.9,1.47,35.11,1.81,5.94,1.51,24.65,61,49.2,1.39,10.46,1.02,7.19,,,,,
sterling_kite_engine,NIFTY FIN SERVICE,options_atm,14,1.0,14,2.0,7,3.0,three_red_signal,fast,48,25,186,40.9,1.71,26.31,2.1,3.28,1.92,21.74,61,47.5,1.34,4.57,0.88,3.95,,,,,
sterling_kite_engine,NIFTY FIN SERVICE,delta1,14,1.0,14,2.0,7,3.0,three_red_signal,mid,none,none,449,36.3,1.13,35.93,0.65,17.23,1.31,53.24,136,31.6,0.85,-17.31,-0.7,25.77,,,,,
sterling_kite_engine,NIFTY FIN SERVICE,options_atm,14,1.0,14,2.0,7,3.0,three_red_signal,mid,none,none,449,32.3,1.32,45.06,1.25,10.49,1.58,49.92,136,26.5,0.91,-4.86,-0.33,15.39,,,,,
sterling_kite_engine,NIFTY FIN SERVICE,delta1,14,1.0,14,2.0,7,3.0,three_red_signal,mid,18,none,503,41.4,0.99,-2.62,-0.06,27.46,1.13,22.77,151,37.1,0.77,-25.39,-1.24,33.37,,,,,
sterling_kite_engine,NIFTY FIN SERVICE,options_atm,14,1.0,14,2.0,7,3.0,three_red_signal,mid,18,none,503,39.4,1.1,14.62,0.55,14.57,1.3,25.41,151,33.8,0.81,-10.79,-0.97,18.15,,,,,
sterling_kite_engine,NIFTY FIN SERVICE,delta1,14,1.0,14,2.0,7,3.0,three_red_signal,mid,30,none,464,36.6,1.11,30.68,0.56,19.2,1.29,51.71,137,31.4,0.81,-21.03,-0.88,28.67,,,,,
sterling_kite_engine,NIFTY FIN SERVICE,options_atm,14,1.0,14,2.0,7,3.0,three_red_signal,mid,30,none,464,33.0,1.31,44.82,1.27,8.74,1.57,50.39,137,26.3,0.9,-5.57,-0.39,13.03,,,,,
sterling_kite_engine,NIFTY FIN SERVICE,delta1,14,1.0,14,2.0,7,3.0,three_red_signal,mid,48,none,454,36.6,1.13,38.34,0.7,17.44,1.33,57.61,137,31.4,0.83,-19.28,-0.79,26.92,,,,,
sterling_kite_engine,NIFTY FIN SERVICE,options_atm,14,1.0,14,2.0,7,3.0,three_red_signal,mid,48,none,454,32.8,1.34,48.35,1.35,10.48,1.62,53.48,137,26.3,0.91,-5.13,-0.35,15.74,,,,,
sterling_kite_engine,NIFTY FIN SERVICE,delta1,14,1.0,14,2.0,7,3.0,three_red_signal,mid,none,15,412,35.7,1.08,22.14,0.44,21.18,1.27,42.71,129,31.8,0.8,-20.58,-0.9,29.64,,,,,
sterling_kite_engine,NIFTY FIN SERVICE,options_atm,14,1.0,14,2.0,7,3.0,three_red_signal,mid,none,15,412,31.6,1.27,36.71,1.11,12.26,1.56,45.03,129,26.4,0.84,-8.31,-0.63,17.42,,,,,
sterling_kite_engine,NIFTY FIN SERVICE,delta1,14,1.0,14,2.0,7,3.0,three_red_signal,mid,18,15,462,40.7,0.92,-20.94,-0.5,33.4,1.04,5.86,143,37.1,0.75,-26.8,-1.38,35.26,,,,,
sterling_kite_engine,NIFTY FIN SERVICE,options_atm,14,1.0,14,2.0,7,3.0,three_red_signal,mid,18,15,462,38.5,1.03,3.81,0.16,15.73,1.2,15.74,143,33.6,0.78,-11.93,-1.13,18.13,,,,,
sterling_kite_engine,NIFTY FIN SERVICE,delta1,14,1.0,14,2.0,7,3.0,three_red_signal,mid,30,15,426,36.2,1.06,15.97,0.32,23.02,1.23,37.8,130,31.5,0.8,-21.83,-0.95,31.32,,,,,
sterling_kite_engine,NIFTY FIN SERVICE,options_atm,14,1.0,14,2.0,7,3.0,three_red_signal,mid,30,15,426,32.4,1.26,35.62,1.09,11.25,1.52,42.51,130,26.2,0.87,-6.89,-0.5,15.83,,,,,
sterling_kite_engine,NIFTY FIN SERVICE,delta1,14,1.0,14,2.0,7,3.0,three_red_signal,mid,48,15,416,36.1,1.1,27.3,0.53,20.79,1.3,47.54,130,31.5,0.81,-20.25,-0.87,29.99,,,,,
sterling_kite_engine,NIFTY FIN SERVICE,options_atm,14,1.0,14,2.0,7,3.0,three_red_signal,mid,48,15,416,32.0,1.31,42.11,1.26,12.05,1.61,48.63,130,26.2,0.88,-6.53,-0.47,17.44,,,,,
sterling_kite_engine,NIFTY FIN SERVICE,delta1,14,1.0,14,2.0,7,3.0,three_red_signal,mid,none,20,287,38.7,1.18,33.79,0.89,19.71,1.44,48.61,92,32.6,0.82,-14.81,-0.73,27.86,,,,,
sterling_kite_engine,NIFTY FIN SERVICE,options_atm,14,1.0,14,2.0,7,3.0,three_red_signal,mid,none,20,287,34.8,1.43,40.54,1.6,11.65,1.85,46.11,92,28.3,0.86,-5.56,-0.48,16.42,,,,,
sterling_kite_engine,NIFTY FIN SERVICE,delta1,14,1.0,14,2.0,7,3.0,three_red_signal,mid,18,20,319,43.3,0.96,-7.91,-0.26,21.56,1.11,12.5,101,36.6,0.74,-20.42,-1.24,24.14,,,,,
sterling_kite_engine,NIFTY FIN SERVICE,options_atm,14,1.0,14,2.0,7,3.0,three_red_signal,mid,18,20,319,40.8,1.1,9.38,0.54,10.56,1.34,18.42,101,33.7,0.77,-9.04,-1.05,12.44,,,,,
sterling_kite_engine,NIFTY FIN SERVICE,delta1,14,1.0,14,2.0,7,3.0,three_red_signal,mid,30,20,296,39.9,1.12,24.0,0.66,21.17,1.4,44.9,93,32.3,0.75,-20.9,-1.09,29.67,,,,,
sterling_kite_engine,NIFTY FIN SERVICE,options_atm,14,1.0,14,2.0,7,3.0,three_red_signal,mid,30,20,296,36.1,1.37,35.06,1.47,11.75,1.78,42.75,93,28.0,0.81,-7.68,-0.69,16.31,,,,,
sterling_kite_engine,NIFTY FIN SERVICE,delta1,14,1.0,14,2.0,7,3.0,three_red_signal,mid,48,20,291,38.8,1.19,36.73,0.95,19.65,1.45,51.3,93,32.3,0.82,-14.57,-0.71,28.16,,,,,
sterling_kite_engine,NIFTY FIN SERVICE,options_atm,14,1.0,14,2.0,7,3.0,three_red_signal,mid,48,20,291,35.1,1.47,45.09,1.76,11.33,1.89,48.97,93,28.0,0.91,-3.88,-0.32,16.18,,,,,
sterling_kite_engine,NIFTY FIN SERVICE,delta1,14,1.0,14,2.0,7,3.0,three_red_signal,mid,none,25,160,38.8,1.2,21.44,0.79,12.81,1.59,34.61,52,34.6,0.71,-13.17,-0.99,17.08,,,,,
sterling_kite_engine,NIFTY FIN SERVICE,options_atm,14,1.0,14,2.0,7,3.0,three_red_signal,mid,none,25,160,33.8,1.47,24.75,1.29,8.12,2.11,32.61,52,30.8,0.66,-7.85,-1.2,10.59,,,,,
sterling_kite_engine,NIFTY FIN SERVICE,delta1,14,1.0,14,2.0,7,3.0,three_red_signal,mid,18,25,176,46.0,1.13,13.29,0.64,10.82,1.34,19.65,58,43.1,0.85,-6.36,-0.52,12.84,,,,,
sterling_kite_engine,NIFTY FIN SERVICE,options_atm,14,1.0,14,2.0,7,3.0,three_red_signal,mid,18,25,176,43.2,1.31,14.9,1.2,6.16,1.65,18.05,58,41.4,0.85,-3.15,-0.49,7.24,,,,,
sterling_kite_engine,NIFTY FIN SERVICE,delta1,14,1.0,14,2.0,7,3.0,three_red_signal,mid,30,25,165,41.2,1.09,9.49,0.39,16.0,1.42,25.42,52,38.5,0.64,-15.93,-1.29,18.78,,,,,
sterling_kite_engine,NIFTY FIN SERVICE,options_atm,14,1.0,14,2.0,7,3.0,three_red_signal,mid,30,25,165,36.4,1.3,15.57,0.94,9.25,1.82,24.14,52,34.6,0.61,-8.57,-1.36,10.63,,,,,
sterling_kite_engine,NIFTY FIN SERVICE,delta1,14,1.0,14,2.0,7,3.0,three_red_signal,mid,48,25,161,39.1,1.25,25.93,0.95,12.53,1.67,39.88,52,34.6,0.7,-13.95,-1.06,17.37,,,,,
sterling_kite_engine,NIFTY FIN SERVICE,options_atm,14,1.0,14,2.0,7,3.0,three_red_signal,mid,48,25,161,34.2,1.56,29.21,1.53,7.79,2.25,36.64,52,30.8,0.68,-7.43,-1.09,10.55,,,,,
sterling_kite_engine,NIFTY FIN SERVICE,delta1,21,1.0,14,2.0,7,3.0,one_red,fast,none,none,562,40.2,1.18,42.34,0.91,12.68,1.19,28.32,165,44.8,1.17,14.02,0.69,9.12,,,,,
sterling_kite_engine,NIFTY FIN SERVICE,options_atm,21,1.0,14,2.0,7,3.0,one_red,fast,none,none,562,37.5,1.35,39.62,1.37,7.06,1.39,28.95,165,41.2,1.27,10.67,0.86,5.02,,,,,
sterling_kite_engine,NIFTY FIN SERVICE,delta1,21,1.0,14,2.0,7,3.0,one_red,fast,18,none,562,40.0,1.09,21.35,0.51,14.4,1.11,15.94,165,44.8,1.07,5.41,0.31,9.12,,,,,
sterling_kite_engine,NIFTY FIN SERVICE,options_atm,21,1.0,14,2.0,7,3.0,one_red,fast,18,none,562,37.4,1.21,23.58,0.97,7.74,1.26,19.53,165,41.2,1.1,4.05,0.42,4.99,,,,,
sterling_kite_engine,NIFTY FIN SERVICE,delta1,21,1.0,14,2.0,7,3.0,one_red,fast,30,none,562,40.2,1.16,36.02,0.8,12.53,1.17,25.97,165,44.8,1.13,10.05,0.53,9.12,,,,,
sterling_kite_engine,NIFTY FIN SERVICE,options_atm,21,1.0,14,2.0,7,3.0,one_red,fast,30,none,562,37.5,1.3,34.5,1.25,6.85,1.37,26.97,165,41.2,1.19,7.54,0.67,5.14,,,,,
sterling_kite_engine,NIFTY FIN SERVICE,delta1,21,1.0,14,2.0,7,3.0,one_red,fast,48,none,562,40.2,1.18,42.34,0.91,12.68,1.19,28.32,165,44.8,1.17,14.02,0.69,9.12,,,,,
sterling_kite_engine,NIFTY FIN SERVICE,options_atm,21,1.0,14,2.0,7,3.0,one_red,fast,48,none,562,37.5,1.35,39.62,1.37,7.06,1.39,28.95,165,41.2,1.27,10.67,0.86,5.02,,,,,
sterling_kite_engine,NIFTY FIN SERVICE,delta1,21,1.0,14,2.0,7,3.0,one_red,fast,none,15,511,39.3,1.13,28.83,0.68,12.04,1.12,17.19,154,44.8,1.15,11.64,0.59,10.66,,,,,
sterling_kite_engine,NIFTY FIN SERVICE,options_atm,21,1.0,14,2.0,7,3.0,one_red,fast,none,15,511,37.2,1.29,31.3,1.17,6.54,1.32,21.92,154,41.6,1.25,9.38,0.77,5.88,,,,,
sterling_kite_engine,NIFTY FIN SERVICE,delta1,21,1.0,14,2.0,7,3.0,one_red,fast,18,15,511,39.1,1.05,11.7,0.3,13.41,1.06,8.73,154,44.8,1.04,2.96,0.18,11.17,,,,,
sterling_kite_engine,NIFTY FIN SERVICE,options_atm,21,1.0,14,2.0,7,3.0,one_red,fast,18,15,511,37.0,1.17,18.09,0.8,7.06,1.22,15.39,154,41.6,1.07,2.7,0.29,6.25,,,,,
sterling_kite_engine,NIFTY FIN SERVICE,delta1,21,1.0,14,2.0,7,3.0,one_red,fast,30,15,511,39.3,1.1,22.51,0.55,11.86,1.11,14.85,154,44.8,1.1,7.66,0.41,10.66,,,,,
sterling_kite_engine,NIFTY FIN SERVICE,options_atm,21,1.0,14,2.0,7,3.0,one_red,fast,30,15,511,37.2,1.25,26.18,1.03,6.31,1.29,19.95,154,41.6,1.16,6.24,0.56,6.43,,,,,
sterling_kite_engine,NIFTY FIN SERVICE,delta1,21,1.0,14,2.0,7,3.0,one_red,fast,48,15,511,39.3,1.13,28.83,0.68,12.04,1.12,17.19,154,44.8,1.15,11.64,0.59,10.66,,,,,
sterling_kite_engine,NIFTY FIN SERVICE,options_atm,21,1.0,14,2.0,7,3.0,one_red,fast,48,15,511,37.2,1.29,31.3,1.17,6.54,1.32,21.92,154,41.6,1.25,9.38,0.77,5.88,,,,,
sterling_kite_engine,NIFTY FIN SERVICE,delta1,21,1.0,14,2.0,7,3.0,one_red,fast,none,20,349,40.1,1.19,29.36,0.94,12.26,1.18,17.61,107,44.9,1.21,11.75,0.67,13.97,,,,,
sterling_kite_engine,NIFTY FIN SERVICE,options_atm,21,1.0,14,2.0,7,3.0,one_red,fast,none,20,349,38.4,1.39,28.97,1.46,6.83,1.41,19.64,107,43.0,1.34,9.33,0.85,7.98,,,,,
sterling_kite_engine,NIFTY FIN SERVICE,delta1,21,1.0,14,2.0,7,3.0,one_red,fast,18,20,349,40.1,1.11,17.27,0.63,13.94,1.16,15.22,107,44.9,1.04,2.06,0.15,15.74,,,,,
sterling_kite_engine,NIFTY FIN SERVICE,options_atm,21,1.0,14,2.0,7,3.0,one_red,fast,18,20,349,38.4,1.25,19.1,1.18,7.52,1.36,17.24,107,43.0,1.07,1.86,0.26,8.7,,,,,
sterling_kite_engine,NIFTY FIN SERVICE,delta1,21,1.0,14,2.0,7,3.0,one_red,fast,30,20,349,40.1,1.17,25.1,0.84,13.14,1.18,17.33,107,44.9,1.14,7.77,0.48,14.99,,,,,
sterling_kite_engine,NIFTY FIN SERVICE,options_atm,21,1.0,14,2.0,7,3.0,one_red,fast,30,20,349,38.4,1.34,25.5,1.36,7.33,1.4,19.3,107,43.0,1.23,6.2,0.64,8.56,,,,,
sterling_kite_engine,NIFTY FIN SERVICE,delta1,21,1.0,14,2.0,7,3.0,one_red,fast,48,20,349,40.1,1.19,29.36,0.94,12.26,1.18,17.61,107,44.9,1.21,11.75,0.67,13.97,,,,,
sterling_kite_engine,NIFTY FIN SERVICE,options_atm,21,1.0,14,2.0,7,3.0,one_red,fast,48,20,349,38.4,1.39,28.97,1.46,6.83,1.41,19.64,107,43.0,1.34,9.33,0.85,7.98,,,,,
sterling_kite_engine,NIFTY FIN SERVICE,delta1,21,1.0,14,2.0,7,3.0,one_red,fast,none,25,193,40.4,1.42,32.64,1.67,6.04,1.45,22.93,62,48.4,1.37,9.71,0.96,7.24,,,,,
sterling_kite_engine,NIFTY FIN SERVICE,options_atm,21,1.0,14,2.0,7,3.0,one_red,fast,none,25,193,38.9,1.65,25.11,2.0,3.31,1.83,20.9,62,46.8,1.32,4.21,0.82,3.96,,,,,
sterling_kite_engine,NIFTY FIN SERVICE,delta1,21,1.0,14,2.0,7,3.0,one_red,fast,18,25,193,40.4,1.39,30.22,1.63,6.15,1.4,20.57,62,48.4,1.36,9.65,0.96,7.24,,,,,
sterling_kite_engine,NIFTY FIN SERVICE,options_atm,21,1.0,14,2.0,7,3.0,one_red,fast,18,25,193,39.4,1.6,23.05,2.02,3.37,1.72,18.34,62,48.4,1.35,4.71,0.91,3.94,,,,,
sterling_kite_engine,NIFTY FIN SERVICE,delta1,21,1.0,14,2.0,7,3.0,one_red,fast,30,25,193,40.4,1.4,31.3,1.63,6.1,1.44,22.41,62,48.4,1.34,8.89,0.89,7.29,,,,,
sterling_kite_engine,NIFTY FIN SERVICE,options_atm,21,1.0,14,2.0,7,3.0,one_red,fast,30,25,193,38.9,1.62,24.14,1.96,3.34,1.81,20.39,62,46.8,1.28,3.75,0.75,3.98,,,,,
sterling_kite_engine,NIFTY FIN SERVICE,delta1,21,1.0,14,2.0,7,3.0,one_red,fast,48,25,193,40.4,1.42,32.64,1.67,6.04,1.45,22.93,62,48.4,1.37,9.71,0.96,7.24,,,,,
sterling_kite_engine,NIFTY FIN SERVICE,options_atm,21,1.0,14,2.0,7,3.0,one_red,fast,48,25,193,38.9,1.65,25.11,2.0,3.31,1.83,20.9,62,46.8,1.32,4.21,0.82,3.96,,,,,
sterling_kite_engine,NIFTY FIN SERVICE,delta1,21,1.0,14,2.0,7,3.0,one_red,mid,none,none,559,38.8,1.15,41.35,0.78,11.45,1.23,39.62,164,40.2,1.02,1.73,0.08,15.36,,,,,
sterling_kite_engine,NIFTY FIN SERVICE,options_atm,21,1.0,14,2.0,7,3.0,one_red,mid,none,none,559,35.1,1.28,38.67,1.18,6.92,1.41,36.05,164,34.8,1.05,2.61,0.2,9.18,,,,,
sterling_kite_engine,NIFTY FIN SERVICE,delta1,21,1.0,14,2.0,7,3.0,one_red,mid,18,none,561,40.5,1.04,10.93,0.24,17.7,1.1,16.81,164,41.5,0.94,-5.88,-0.3,16.6,,,,,
sterling_kite_engine,NIFTY FIN SERVICE,options_atm,21,1.0,14,2.0,7,3.0,one_red,mid,18,none,561,37.6,1.14,18.65,0.7,10.3,1.24,20.04,164,37.2,0.97,-1.39,-0.13,9.26,,,,,
sterling_kite_engine,NIFTY FIN SERVICE,delta1,21,1.0,14,2.0,7,3.0,one_red,mid,30,none,559,39.0,1.15,40.59,0.77,11.52,1.25,43.57,164,40.2,0.97,-2.97,-0.14,16.04,,,,,
sterling_kite_engine,NIFTY FIN SERVICE,options_atm,21,1.0,14,2.0,7,3.0,one_red,mid,30,none,559,35.4,1.29,40.01,1.24,6.58,1.46,39.98,164,35.4,1.0,0.03,0.0,9.04,,,,,
sterling_kite_engine,NIFTY FIN SERVICE,delta1,21,1.0,14,2.0,7,3.0,one_red,mid,48,none,559,38.8,1.15,41.97,0.79,11.38,1.23,40.91,164,40.2,1.01,1.05,0.05,15.41,,,,,
sterling_kite_engine,NIFTY FIN SERVICE,options_atm,21,1.0,14,2.0,7,3.0,one_red,mid,48,none,559,35.1,1.29,39.9,1.21,6.93,1.43,37.33,164,34.8,1.05,2.58,0.2,9.27,,,,,
sterling_kite_engine,NIFTY FIN SERVICE,delta1,21,1.0,14,2.0,7,3.0,one_red,mid,none,15,508,38.0,1.11,29.39,0.6,14.21,1.17,28.02,153,39.9,1.01,1.37,0.06,16.45,,,,,
sterling_kite_engine,NIFTY FIN SERVICE,options_atm,21,1.0,14,2.0,7,3.0,one_red,mid,none,15,508,34.6,1.25,31.73,1.05,8.4,1.36,29.39,153,34.6,1.05,2.33,0.18,10.64,,,,,
sterling_kite_engine,NIFTY FIN SERVICE,delta1,21,1.0,14,2.0,7,3.0,one_red,mid,18,15,510,39.8,1.01,1.41,0.03,19.94,1.05,7.94,153,41.2,0.93,-6.53,-0.35,19.79,,,,,
sterling_kite_engine,NIFTY FIN SERVICE,options_atm,21,1.0,14,2.0,7,3.0,one_red,mid,18,15,510,37.5,1.11,13.29,0.54,11.1,1.19,15.27,153,37.3,0.96,-1.98,-0.19,11.2,,,,,
sterling_kite_engine,NIFTY FIN SERVICE,delta1,21,1.0,14,2.0,7,3.0,one_red,mid,30,15,508,38.2,1.1,26.53,0.55,14.44,1.19,30.78,153,39.9,0.95,-4.24,-0.21,17.96,,,,,
sterling_kite_engine,NIFTY FIN SERVICE,options_atm,21,1.0,14,2.0,7,3.0,one_red,mid,30,15,508,35.0,1.24,31.32,1.05,8.6,1.4,32.28,153,35.3,0.98,-0.96,-0.08,11.2,,,,,
sterling_kite_engine,NIFTY FIN SERVICE,delta1,21,1.0,14,2.0,7,3.0,one_red,mid,48,15,508,38.0,1.12,30.01,0.61,14.3,1.18,29.31,153,39.9,1.01,0.69,0.03,16.8,,,,,
sterling_kite_engine,NIFTY FIN SERVICE,options_atm,21,1.0,14,2.0,7,3.0,one_red,mid,48,15,508,34.6,1.26,32.97,1.08,8.39,1.37,30.67,153,34.6,1.05,2.3,0.18,10.72,,,,,
sterling_kite_engine,NIFTY FIN SERVICE,delta1,21,1.0,14,2.0,7,3.0,one_red,mid,none,20,347,40.3,1.15,26.64,0.77,16.23,1.23,26.15,106,40.6,1.01,0.49,0.03,19.65,,,,,
sterling_kite_engine,NIFTY FIN SERVICE,options_atm,21,1.0,14,2.0,7,3.0,one_red,mid,none,20,347,37.5,1.3,26.76,1.23,9.34,1.45,25.0,106,36.8,1.05,1.76,0.16,11.38,,,,,
sterling_kite_engine,NIFTY FIN SERVICE,delta1,21,1.0,14,2.0,7,3.0,one_red,mid,18,20,348,41.7,1.03,5.39,0.18,17.32,1.12,13.22,106,41.5,0.88,-7.83,-0.5,19.34,,,,,
sterling_kite_engine,NIFTY FIN SERVICE,options_atm,21,1.0,14,2.0,7,3.0,one_red,mid,18,20,348,39.7,1.15,13.0,0.74,8.79,1.3,16.39,106,38.7,0.9,-3.39,-0.42,10.13,,,,,
sterling_kite_engine,NIFTY FIN SERVICE,delta1,21,1.0,14,2.0,7,3.0,one_red,mid,30,20,347,40.3,1.13,22.77,0.67,17.34,1.25,28.38,106,40.6,0.92,-5.61,-0.32,21.46,,,,,
sterling_kite_engine,NIFTY FIN SERVICE,options_atm,21,1.0,14,2.0,7,3.0,one_red,mid,30,20,347,37.8,1.28,25.42,1.2,9.78,1.49,27.37,106,37.7,0.94,-1.95,-0.19,12.18,,,,,
sterling_kite_engine,NIFTY FIN SERVICE,delta1,21,1.0,14,2.0,7,3.0,one_red,mid,48,20,347,40.3,1.16,28.46,0.81,16.23,1.25,28.65,106,40.6,1.0,-0.19,-0.01,19.98,,,,,
sterling_kite_engine,NIFTY FIN SERVICE,options_atm,21,1.0,14,2.0,7,3.0,one_red,mid,48,20,347,37.5,1.32,28.94,1.31,9.26,1.49,27.22,106,36.8,1.05,1.72,0.16,11.46,,,,,
sterling_kite_engine,NIFTY FIN SERVICE,delta1,21,1.0,14,2.0,7,3.0,one_red,mid,none,25,193,42.0,1.2,19.08,0.92,8.53,1.27,16.98,62,46.8,1.06,2.1,0.19,8.01,,,,,
sterling_kite_engine,NIFTY FIN SERVICE,options_atm,21,1.0,14,2.0,7,3.0,one_red,mid,none,25,193,38.3,1.32,15.42,1.2,4.83,1.55,16.73,62,41.9,0.93,-1.31,-0.24,5.53,,,,,
sterling_kite_engine,NIFTY FIN SERVICE,delta1,21,1.0,14,2.0,7,3.0,one_red,mid,18,25,193,43.5,1.2,18.9,0.95,8.33,1.22,13.72,62,48.4,1.15,5.18,0.45,7.45,,,,,
sterling_kite_engine,NIFTY FIN SERVICE,options_atm,21,1.0,14,2.0,7,3.0,one_red,mid,18,25,193,41.5,1.36,16.86,1.4,3.89,1.5,14.67,62,46.8,1.13,2.19,0.37,3.89,,,,,
sterling_kite_engine,NIFTY FIN SERVICE,delta1,21,1.0,14,2.0,7,3.0,one_red,mid,30,25,193,42.0,1.19,18.74,0.91,8.44,1.29,18.05,62,46.8,1.02,0.69,0.06,8.25,,,,,
sterling_kite_engine,NIFTY FIN SERVICE,options_atm,21,1.0,14,2.0,7,3.0,one_red,mid,30,25,193,38.9,1.34,16.12,1.27,5.14,1.59,17.81,62,43.5,0.9,-1.69,-0.32,5.76,,,,,
sterling_kite_engine,NIFTY FIN SERVICE,delta1,21,1.0,14,2.0,7,3.0,one_red,mid,48,25,193,42.0,1.2,19.55,0.94,8.53,1.29,17.97,62,46.8,1.05,1.58,0.14,8.03,,,,,
sterling_kite_engine,NIFTY FIN SERVICE,options_atm,21,1.0,14,2.0,7,3.0,one_red,mid,48,25,193,38.3,1.34,16.2,1.24,4.81,1.58,17.63,62,41.9,0.92,-1.43,-0.26,5.63,,,,,
sterling_kite_engine,NIFTY FIN SERVICE,delta1,21,1.0,14,2.0,7,3.0,two_red,fast,none,none,562,40.2,1.18,42.34,0.91,12.68,1.19,28.32,165,44.8,1.17,14.02,0.69,9.12,,,,,
sterling_kite_engine,NIFTY FIN SERVICE,options_atm,21,1.0,14,2.0,7,3.0,two_red,fast,none,none,562,37.5,1.35,39.62,1.37,7.06,1.39,28.95,165,41.2,1.27,10.67,0.86,5.02,,,,,
sterling_kite_engine,NIFTY FIN SERVICE,delta1,21,1.0,14,2.0,7,3.0,two_red,fast,18,none,562,40.0,1.09,21.35,0.51,14.4,1.11,15.94,165,44.8,1.07,5.41,0.31,9.12,,,,,
sterling_kite_engine,NIFTY FIN SERVICE,options_atm,21,1.0,14,2.0,7,3.0,two_red,fast,18,none,562,37.4,1.21,23.58,0.97,7.74,1.26,19.53,165,41.2,1.1,4.05,0.42,4.99,,,,,
sterling_kite_engine,NIFTY FIN SERVICE,delta1,21,1.0,14,2.0,7,3.0,two_red,fast,30,none,562,40.2,1.16,36.02,0.8,12.53,1.17,25.97,165,44.8,1.13,10.05,0.53,9.12,,,,,
sterling_kite_engine,NIFTY FIN SERVICE,options_atm,21,1.0,14,2.0,7,3.0,two_red,fast,30,none,562,37.5,1.3,34.5,1.25,6.85,1.37,26.97,165,41.2,1.19,7.54,0.67,5.14,,,,,
sterling_kite_engine,NIFTY FIN SERVICE,delta1,21,1.0,14,2.0,7,3.0,two_red,fast,48,none,562,40.2,1.18,42.34,0.91,12.68,1.19,28.32,165,44.8,1.17,14.02,0.69,9.12,,,,,
sterling_kite_engine,NIFTY FIN SERVICE,options_atm,21,1.0,14,2.0,7,3.0,two_red,fast,48,none,562,37.5,1.35,39.62,1.37,7.06,1.39,28.95,165,41.2,1.27,10.67,0.86,5.02,,,,,
sterling_kite_engine,NIFTY FIN SERVICE,delta1,21,1.0,14,2.0,7,3.0,two_red,fast,none,15,511,39.3,1.13,28.83,0.68,12.04,1.12,17.19,154,44.8,1.15,11.64,0.59,10.66,,,,,
sterling_kite_engine,NIFTY FIN SERVICE,options_atm,21,1.0,14,2.0,7,3.0,two_red,fast,none,15,511,37.2,1.29,31.3,1.17,6.54,1.32,21.92,154,41.6,1.25,9.38,0.77,5.88,,,,,
sterling_kite_engine,NIFTY FIN SERVICE,delta1,21,1.0,14,2.0,7,3.0,two_red,fast,18,15,511,39.1,1.05,11.7,0.3,13.41,1.06,8.73,154,44.8,1.04,2.96,0.18,11.17,,,,,
sterling_kite_engine,NIFTY FIN SERVICE,options_atm,21,1.0,14,2.0,7,3.0,two_red,fast,18,15,511,37.0,1.17,18.09,0.8,7.06,1.22,15.39,154,41.6,1.07,2.7,0.29,6.25,,,,,
sterling_kite_engine,NIFTY FIN SERVICE,delta1,21,1.0,14,2.0,7,3.0,two_red,fast,30,15,511,39.3,1.1,22.51,0.55,11.86,1.11,14.85,154,44.8,1.1,7.66,0.41,10.66,,,,,
sterling_kite_engine,NIFTY FIN SERVICE,options_atm,21,1.0,14,2.0,7,3.0,two_red,fast,30,15,511,37.2,1.25,26.18,1.03,6.31,1.29,19.95,154,41.6,1.16,6.24,0.56,6.43,,,,,
sterling_kite_engine,NIFTY FIN SERVICE,delta1,21,1.0,14,2.0,7,3.0,two_red,fast,48,15,511,39.3,1.13,28.83,0.68,12.04,1.12,17.19,154,44.8,1.15,11.64,0.59,10.66,,,,,
sterling_kite_engine,NIFTY FIN SERVICE,options_atm,21,1.0,14,2.0,7,3.0,two_red,fast,48,15,511,37.2,1.29,31.3,1.17,6.54,1.32,21.92,154,41.6,1.25,9.38,0.77,5.88,,,,,
sterling_kite_engine,NIFTY FIN SERVICE,delta1,21,1.0,14,2.0,7,3.0,two_red,fast,none,20,349,40.1,1.19,29.36,0.94,12.26,1.18,17.61,107,44.9,1.21,11.75,0.67,13.97,,,,,
sterling_kite_engine,NIFTY FIN SERVICE,options_atm,21,1.0,14,2.0,7,3.0,two_red,fast,none,20,349,38.4,1.39,28.97,1.46,6.83,1.41,19.64,107,43.0,1.34,9.33,0.85,7.98,,,,,
sterling_kite_engine,NIFTY FIN SERVICE,delta1,21,1.0,14,2.0,7,3.0,two_red,fast,18,20,349,40.1,1.11,17.27,0.63,13.94,1.16,15.22,107,44.9,1.04,2.06,0.15,15.74,,,,,
sterling_kite_engine,NIFTY FIN SERVICE,options_atm,21,1.0,14,2.0,7,3.0,two_red,fast,18,20,349,38.4,1.25,19.1,1.18,7.52,1.36,17.24,107,43.0,1.07,1.86,0.26,8.7,,,,,
sterling_kite_engine,NIFTY FIN SERVICE,delta1,21,1.0,14,2.0,7,3.0,two_red,fast,30,20,349,40.1,1.17,25.1,0.84,13.14,1.18,17.33,107,44.9,1.14,7.77,0.48,14.99,,,,,
sterling_kite_engine,NIFTY FIN SERVICE,options_atm,21,1.0,14,2.0,7,3.0,two_red,fast,30,20,349,38.4,1.34,25.5,1.36,7.33,1.4,19.3,107,43.0,1.23,6.2,0.64,8.56,,,,,
sterling_kite_engine,NIFTY FIN SERVICE,delta1,21,1.0,14,2.0,7,3.0,two_red,fast,48,20,349,40.1,1.19,29.36,0.94,12.26,1.18,17.61,107,44.9,1.21,11.75,0.67,13.97,,,,,
sterling_kite_engine,NIFTY FIN SERVICE,options_atm,21,1.0,14,2.0,7,3.0,two_red,fast,48,20,349,38.4,1.39,28.97,1.46,6.83,1.41,19.64,107,43.0,1.34,9.33,0.85,7.98,,,,,
sterling_kite_engine,NIFTY FIN SERVICE,delta1,21,1.0,14,2.0,7,3.0,two_red,fast,none,25,193,40.4,1.42,32.64,1.67,6.04,1.45,22.93,62,48.4,1.37,9.71,0.96,7.24,,,,,
sterling_kite_engine,NIFTY FIN SERVICE,options_atm,21,1.0,14,2.0,7,3.0,two_red,fast,none,25,193,38.9,1.65,25.11,2.0,3.31,1.83,20.9,62,46.8,1.32,4.21,0.82,3.96,,,,,
sterling_kite_engine,NIFTY FIN SERVICE,delta1,21,1.0,14,2.0,7,3.0,two_red,fast,18,25,193,40.4,1.39,30.22,1.63,6.15,1.4,20.57,62,48.4,1.36,9.65,0.96,7.24,,,,,
sterling_kite_engine,NIFTY FIN SERVICE,options_atm,21,1.0,14,2.0,7,3.0,two_red,fast,18,25,193,39.4,1.6,23.05,2.02,3.37,1.72,18.34,62,48.4,1.35,4.71,0.91,3.94,,,,,
sterling_kite_engine,NIFTY FIN SERVICE,delta1,21,1.0,14,2.0,7,3.0,two_red,fast,30,25,193,40.4,1.4,31.3,1.63,6.1,1.44,22.41,62,48.4,1.34,8.89,0.89,7.29,,,,,
sterling_kite_engine,NIFTY FIN SERVICE,options_atm,21,1.0,14,2.0,7,3.0,two_red,fast,30,25,193,38.9,1.62,24.14,1.96,3.34,1.81,20.39,62,46.8,1.28,3.75,0.75,3.98,,,,,
sterling_kite_engine,NIFTY FIN SERVICE,delta1,21,1.0,14,2.0,7,3.0,two_red,fast,48,25,193,40.4,1.42,32.64,1.67,6.04,1.45,22.93,62,48.4,1.37,9.71,0.96,7.24,,,,,
sterling_kite_engine,NIFTY FIN SERVICE,options_atm,21,1.0,14,2.0,7,3.0,two_red,fast,48,25,193,38.9,1.65,25.11,2.0,3.31,1.83,20.9,62,46.8,1.32,4.21,0.82,3.96,,,,,
sterling_kite_engine,NIFTY FIN SERVICE,delta1,21,1.0,14,2.0,7,3.0,two_red,mid,none,none,450,36.2,1.13,37.08,0.67,16.69,1.31,52.51,136,31.6,0.86,-15.44,-0.62,24.76,,,,,
sterling_kite_engine,NIFTY FIN SERVICE,options_atm,21,1.0,14,2.0,7,3.0,two_red,mid,none,none,450,32.2,1.32,45.27,1.26,10.28,1.58,49.42,136,26.5,0.93,-4.16,-0.28,15.01,,,,,
sterling_kite_engine,NIFTY FIN SERVICE,delta1,21,1.0,14,2.0,7,3.0,two_red,mid,18,none,504,40.7,0.97,-8.09,-0.18,27.53,1.09,15.35,151,37.1,0.79,-23.44,-1.15,31.53,,,,,
sterling_kite_engine,NIFTY FIN SERVICE,options_atm,21,1.0,14,2.0,7,3.0,two_red,mid,18,none,504,38.5,1.08,10.8,0.41,14.5,1.24,20.84,151,33.8,0.82,-10.04,-0.91,17.43,,,,,
sterling_kite_engine,NIFTY FIN SERVICE,delta1,21,1.0,14,2.0,7,3.0,two_red,mid,30,none,466,36.5,1.12,34.06,0.62,17.84,1.3,53.22,137,31.4,0.83,-19.16,-0.8,26.88,,,,,
sterling_kite_engine,NIFTY FIN SERVICE,options_atm,21,1.0,14,2.0,7,3.0,two_red,mid,30,none,466,32.8,1.32,46.5,1.32,8.44,1.58,51.37,137,26.3,0.91,-4.87,-0.34,12.64,,,,,
sterling_kite_engine,NIFTY FIN SERVICE,delta1,21,1.0,14,2.0,7,3.0,two_red,mid,48,none,456,36.4,1.14,39.13,0.71,16.94,1.33,56.54,137,31.4,0.84,-17.41,-0.71,25.88,,,,,
sterling_kite_engine,NIFTY FIN SERVICE,options_atm,21,1.0,14,2.0,7,3.0,two_red,mid,48,none,456,32.7,1.34,48.23,1.35,10.29,1.61,52.65,137,26.3,0.92,-4.42,-0.3,15.36,,,,,
sterling_kite_engine,NIFTY FIN SERVICE,delta1,21,1.0,14,2.0,7,3.0,two_red,mid,none,15,413,35.4,1.09,22.76,0.45,21.04,1.26,41.46,129,31.8,0.82,-18.7,-0.82,28.59,,,,,
sterling_kite_engine,NIFTY FIN SERVICE,options_atm,21,1.0,14,2.0,7,3.0,two_red,mid,none,15,413,31.2,1.27,36.61,1.1,12.06,1.55,44.22,129,26.4,0.86,-7.61,-0.57,17.04,,,,,
sterling_kite_engine,NIFTY FIN SERVICE,delta1,21,1.0,14,2.0,7,3.0,two_red,mid,18,15,465,40.4,0.93,-18.62,-0.44,31.55,1.04,6.23,143,37.1,0.76,-24.85,-1.28,33.41,,,,,
sterling_kite_engine,NIFTY FIN SERVICE,options_atm,21,1.0,14,2.0,7,3.0,two_red,mid,18,15,465,38.1,1.03,4.49,0.19,15.12,1.2,15.67,143,33.6,0.79,-11.18,-1.06,17.41,,,,,
sterling_kite_engine,NIFTY FIN SERVICE,delta1,21,1.0,14,2.0,7,3.0,two_red,mid,30,15,427,35.8,1.07,19.73,0.39,21.43,1.24,39.69,130,31.5,0.81,-19.96,-0.87,29.53,,,,,
sterling_kite_engine,NIFTY FIN SERVICE,options_atm,21,1.0,14,2.0,7,3.0,two_red,mid,30,15,427,32.1,1.28,37.42,1.14,10.9,1.53,43.6,130,26.2,0.88,-6.19,-0.45,15.44,,,,,
sterling_kite_engine,NIFTY FIN SERVICE,delta1,21,1.0,14,2.0,7,3.0,two_red,mid,48,15,418,35.6,1.1,27.57,0.54,20.33,1.28,45.94,130,31.5,0.82,-18.38,-0.79,28.93,,,,,
sterling_kite_engine,NIFTY FIN SERVICE,options_atm,21,1.0,14,2.0,7,3.0,two_red,mid,48,15,418,31.6,1.31,41.68,1.24,11.88,1.59,47.5,130,26.2,0.89,-5.82,-0.42,17.06,,,,,
sterling_kite_engine,NIFTY FIN SERVICE,delta1,21,1.0,14,2.0,7,3.0,two_red,mid,none,20,286,38.1,1.17,32.96,0.87,19.13,1.4,45.33,91,33.0,0.84,-12.37,-0.61,26.44,,,,,
sterling_kite_engine,NIFTY FIN SERVICE,options_atm,21,1.0,14,2.0,7,3.0,two_red,mid,none,20,286,34.3,1.42,39.87,1.57,11.36,1.8,44.46,91,28.6,0.88,-4.59,-0.4,15.82,,,,,
sterling_kite_engine,NIFTY FIN SERVICE,delta1,21,1.0,14,2.0,7,3.0,two_red,mid,18,20,322,42.9,0.96,-7.85,-0.26,20.49,1.08,9.97,100,37.0,0.77,-17.82,-1.09,22.43,,,,,
sterling_kite_engine,NIFTY FIN SERVICE,options_atm,21,1.0,14,2.0,7,3.0,two_red,mid,18,20,322,40.1,1.09,8.97,0.51,10.07,1.3,16.95,100,34.0,0.79,-7.97,-0.93,11.71,,,,,
sterling_kite_engine,NIFTY FIN SERVICE,delta1,21,1.0,14,2.0,7,3.0,two_red,mid,30,20,297,39.4,1.13,25.36,0.69,20.29,1.38,43.82,92,32.6,0.77,-18.46,-0.96,28.16,,,,,
sterling_kite_engine,NIFTY FIN SERVICE,options_atm,21,1.0,14,2.0,7,3.0,two_red,mid,30,20,297,35.7,1.37,35.65,1.49,11.35,1.75,42.37,92,28.3,0.83,-6.72,-0.61,15.7,,,,,
sterling_kite_engine,NIFTY FIN SERVICE,delta1,21,1.0,14,2.0,7,3.0,two_red,mid,48,20,291,38.1,1.18,35.55,0.92,19.12,1.41,47.68,92,32.6,0.85,-12.13,-0.59,26.75,,,,,
sterling_kite_engine,NIFTY FIN SERVICE,options_atm,21,1.0,14,2.0,7,3.0,two_red,mid,48,20,291,34.4,1.46,44.09,1.72,11.07,1.83,47.0,92,28.3,0.93,-2.91,-0.24,15.6,,,,,
sterling_kite_engine,NIFTY FIN SERVICE,delta1,21,1.0,14,2.0,7,3.0,two_red,mid,none,25,165,37.6,1.19,20.05,0.73,12.58,1.48,30.04,53,35.8,0.78,-9.99,-0.74,14.87,,,,,
sterling_kite_engine,NIFTY FIN SERVICE,options_atm,21,1.0,14,2.0,7,3.0,two_red,mid,none,25,165,32.7,1.43,23.51,1.22,8.12,1.95,30.0,53,32.1,0.71,-6.49,-0.98,9.58,,,,,
sterling_kite_engine,NIFTY FIN SERVICE,delta1,21,1.0,14,2.0,7,3.0,two_red,mid,18,25,182,45.6,1.14,14.34,0.68,9.62,1.28,17.16,59,44.1,0.93,-2.82,-0.23,10.36,,,,,
sterling_kite_engine,NIFTY FIN SERVICE,options_atm,21,1.0,14,2.0,7,3.0,two_red,mid,18,25,182,42.3,1.31,15.07,1.21,5.15,1.57,16.58,59,42.4,0.92,-1.51,-0.23,5.97,,,,,
sterling_kite_engine,NIFTY FIN SERVICE,delta1,21,1.0,14,2.0,7,3.0,two_red,mid,30,25,171,40.4,1.1,10.64,0.43,15.52,1.37,23.39,53,39.6,0.71,-12.75,-1.02,15.69,,,,,
sterling_kite_engine,NIFTY FIN SERVICE,options_atm,21,1.0,14,2.0,7,3.0,two_red,mid,30,25,171,35.7,1.3,15.92,0.95,9.14,1.73,23.13,53,35.8,0.66,-7.21,-1.13,9.61,,,,,
sterling_kite_engine,NIFTY FIN SERVICE,delta1,21,1.0,14,2.0,7,3.0,two_red,mid,48,25,166,38.0,1.23,24.54,0.9,11.32,1.56,35.31,53,35.8,0.76,-10.77,-0.81,15.15,,,,,
sterling_kite_engine,NIFTY FIN SERVICE,options_atm,21,1.0,14,2.0,7,3.0,two_red,mid,48,25,166,33.1,1.52,27.97,1.46,7.19,2.08,34.04,53,32.1,0.73,-6.07,-0.88,9.54,,,,,
sterling_kite_engine,NIFTY FIN SERVICE,delta1,21,1.0,14,2.0,7,3.0,three_red,fast,none,none,562,40.2,1.18,42.34,0.91,12.68,1.19,28.32,165,44.8,1.17,14.02,0.69,9.12,,,,,
sterling_kite_engine,NIFTY FIN SERVICE,options_atm,21,1.0,14,2.0,7,3.0,three_red,fast,none,none,562,37.5,1.35,39.62,1.37,7.06,1.39,28.95,165,41.2,1.27,10.67,0.86,5.02,,,,,
sterling_kite_engine,NIFTY FIN SERVICE,delta1,21,1.0,14,2.0,7,3.0,three_red,fast,18,none,562,40.0,1.09,21.35,0.51,14.4,1.11,15.94,165,44.8,1.07,5.41,0.31,9.12,,,,,
sterling_kite_engine,NIFTY FIN SERVICE,options_atm,21,1.0,14,2.0,7,3.0,three_red,fast,18,none,562,37.4,1.21,23.58,0.97,7.74,1.26,19.53,165,41.2,1.1,4.05,0.42,4.99,,,,,
sterling_kite_engine,NIFTY FIN SERVICE,delta1,21,1.0,14,2.0,7,3.0,three_red,fast,30,none,562,40.2,1.16,36.02,0.8,12.53,1.17,25.97,165,44.8,1.13,10.05,0.53,9.12,,,,,
sterling_kite_engine,NIFTY FIN SERVICE,options_atm,21,1.0,14,2.0,7,3.0,three_red,fast,30,none,562,37.5,1.3,34.5,1.25,6.85,1.37,26.97,165,41.2,1.19,7.54,0.67,5.14,,,,,
sterling_kite_engine,NIFTY FIN SERVICE,delta1,21,1.0,14,2.0,7,3.0,three_red,fast,48,none,562,40.2,1.18,42.34,0.91,12.68,1.19,28.32,165,44.8,1.17,14.02,0.69,9.12,,,,,
sterling_kite_engine,NIFTY FIN SERVICE,options_atm,21,1.0,14,2.0,7,3.0,three_red,fast,48,none,562,37.5,1.35,39.62,1.37,7.06,1.39,28.95,165,41.2,1.27,10.67,0.86,5.02,,,,,
sterling_kite_engine,NIFTY FIN SERVICE,delta1,21,1.0,14,2.0,7,3.0,three_red,fast,none,15,511,39.3,1.13,28.83,0.68,12.04,1.12,17.19,154,44.8,1.15,11.64,0.59,10.66,,,,,
sterling_kite_engine,NIFTY FIN SERVICE,options_atm,21,1.0,14,2.0,7,3.0,three_red,fast,none,15,511,37.2,1.29,31.3,1.17,6.54,1.32,21.92,154,41.6,1.25,9.38,0.77,5.88,,,,,
sterling_kite_engine,NIFTY FIN SERVICE,delta1,21,1.0,14,2.0,7,3.0,three_red,fast,18,15,511,39.1,1.05,11.7,0.3,13.41,1.06,8.73,154,44.8,1.04,2.96,0.18,11.17,,,,,
sterling_kite_engine,NIFTY FIN SERVICE,options_atm,21,1.0,14,2.0,7,3.0,three_red,fast,18,15,511,37.0,1.17,18.09,0.8,7.06,1.22,15.39,154,41.6,1.07,2.7,0.29,6.25,,,,,
sterling_kite_engine,NIFTY FIN SERVICE,delta1,21,1.0,14,2.0,7,3.0,three_red,fast,30,15,511,39.3,1.1,22.51,0.55,11.86,1.11,14.85,154,44.8,1.1,7.66,0.41,10.66,,,,,
sterling_kite_engine,NIFTY FIN SERVICE,options_atm,21,1.0,14,2.0,7,3.0,three_red,fast,30,15,511,37.2,1.25,26.18,1.03,6.31,1.29,19.95,154,41.6,1.16,6.24,0.56,6.43,,,,,
sterling_kite_engine,NIFTY FIN SERVICE,delta1,21,1.0,14,2.0,7,3.0,three_red,fast,48,15,511,39.3,1.13,28.83,0.68,12.04,1.12,17.19,154,44.8,1.15,11.64,0.59,10.66,,,,,
sterling_kite_engine,NIFTY FIN SERVICE,options_atm,21,1.0,14,2.0,7,3.0,three_red,fast,48,15,511,37.2,1.29,31.3,1.17,6.54,1.32,21.92,154,41.6,1.25,9.38,0.77,5.88,,,,,
sterling_kite_engine,NIFTY FIN SERVICE,delta1,21,1.0,14,2.0,7,3.0,three_red,fast,none,20,349,40.1,1.19,29.36,0.94,12.26,1.18,17.61,107,44.9,1.21,11.75,0.67,13.97,,,,,
sterling_kite_engine,NIFTY FIN SERVICE,options_atm,21,1.0,14,2.0,7,3.0,three_red,fast,none,20,349,38.4,1.39,28.97,1.46,6.83,1.41,19.64,107,43.0,1.34,9.33,0.85,7.98,,,,,
sterling_kite_engine,NIFTY FIN SERVICE,delta1,21,1.0,14,2.0,7,3.0,three_red,fast,18,20,349,40.1,1.11,17.27,0.63,13.94,1.16,15.22,107,44.9,1.04,2.06,0.15,15.74,,,,,
sterling_kite_engine,NIFTY FIN SERVICE,options_atm,21,1.0,14,2.0,7,3.0,three_red,fast,18,20,349,38.4,1.25,19.1,1.18,7.52,1.36,17.24,107,43.0,1.07,1.86,0.26,8.7,,,,,
sterling_kite_engine,NIFTY FIN SERVICE,delta1,21,1.0,14,2.0,7,3.0,three_red,fast,30,20,349,40.1,1.17,25.1,0.84,13.14,1.18,17.33,107,44.9,1.14,7.77,0.48,14.99,,,,,
sterling_kite_engine,NIFTY FIN SERVICE,options_atm,21,1.0,14,2.0,7,3.0,three_red,fast,30,20,349,38.4,1.34,25.5,1.36,7.33,1.4,19.3,107,43.0,1.23,6.2,0.64,8.56,,,,,
sterling_kite_engine,NIFTY FIN SERVICE,delta1,21,1.0,14,2.0,7,3.0,three_red,fast,48,20,349,40.1,1.19,29.36,0.94,12.26,1.18,17.61,107,44.9,1.21,11.75,0.67,13.97,,,,,
sterling_kite_engine,NIFTY FIN SERVICE,options_atm,21,1.0,14,2.0,7,3.0,three_red,fast,48,20,349,38.4,1.39,28.97,1.46,6.83,1.41,19.64,107,43.0,1.34,9.33,0.85,7.98,,,,,
sterling_kite_engine,NIFTY FIN SERVICE,delta1,21,1.0,14,2.0,7,3.0,three_red,fast,none,25,193,40.4,1.42,32.64,1.67,6.04,1.45,22.93,62,48.4,1.37,9.71,0.96,7.24,,,,,
sterling_kite_engine,NIFTY FIN SERVICE,options_atm,21,1.0,14,2.0,7,3.0,three_red,fast,none,25,193,38.9,1.65,25.11,2.0,3.31,1.83,20.9,62,46.8,1.32,4.21,0.82,3.96,,,,,
sterling_kite_engine,NIFTY FIN SERVICE,delta1,21,1.0,14,2.0,7,3.0,three_red,fast,18,25,193,40.4,1.39,30.22,1.63,6.15,1.4,20.57,62,48.4,1.36,9.65,0.96,7.24,,,,,
sterling_kite_engine,NIFTY FIN SERVICE,options_atm,21,1.0,14,2.0,7,3.0,three_red,fast,18,25,193,39.4,1.6,23.05,2.02,3.37,1.72,18.34,62,48.4,1.35,4.71,0.91,3.94,,,,,
sterling_kite_engine,NIFTY FIN SERVICE,delta1,21,1.0,14,2.0,7,3.0,three_red,fast,30,25,193,40.4,1.4,31.3,1.63,6.1,1.44,22.41,62,48.4,1.34,8.89,0.89,7.29,,,,,
sterling_kite_engine,NIFTY FIN SERVICE,options_atm,21,1.0,14,2.0,7,3.0,three_red,fast,30,25,193,38.9,1.62,24.14,1.96,3.34,1.81,20.39,62,46.8,1.28,3.75,0.75,3.98,,,,,
sterling_kite_engine,NIFTY FIN SERVICE,delta1,21,1.0,14,2.0,7,3.0,three_red,fast,48,25,193,40.4,1.42,32.64,1.67,6.04,1.45,22.93,62,48.4,1.37,9.71,0.96,7.24,,,,,
sterling_kite_engine,NIFTY FIN SERVICE,options_atm,21,1.0,14,2.0,7,3.0,three_red,fast,48,25,193,38.9,1.65,25.11,2.0,3.31,1.83,20.9,62,46.8,1.32,4.21,0.82,3.96,,,,,
sterling_kite_engine,NIFTY FIN SERVICE,delta1,21,1.0,14,2.0,7,3.0,three_red,mid,none,none,450,36.2,1.13,37.08,0.67,16.69,1.31,52.51,136,31.6,0.86,-15.44,-0.62,24.76,,,,,
sterling_kite_engine,NIFTY FIN SERVICE,options_atm,21,1.0,14,2.0,7,3.0,three_red,mid,none,none,450,32.2,1.32,45.27,1.26,10.28,1.58,49.42,136,26.5,0.93,-4.16,-0.28,15.01,,,,,
sterling_kite_engine,NIFTY FIN SERVICE,delta1,21,1.0,14,2.0,7,3.0,three_red,mid,18,none,504,40.7,0.97,-8.09,-0.18,27.53,1.09,15.35,151,37.1,0.79,-23.44,-1.15,31.53,,,,,
sterling_kite_engine,NIFTY FIN SERVICE,options_atm,21,1.0,14,2.0,7,3.0,three_red,mid,18,none,504,38.5,1.08,10.8,0.41,14.5,1.24,20.84,151,33.8,0.82,-10.04,-0.91,17.43,,,,,
sterling_kite_engine,NIFTY FIN SERVICE,delta1,21,1.0,14,2.0,7,3.0,three_red,mid,30,none,466,36.5,1.12,34.06,0.62,17.84,1.3,53.22,137,31.4,0.83,-19.16,-0.8,26.88,,,,,
sterling_kite_engine,NIFTY FIN SERVICE,options_atm,21,1.0,14,2.0,7,3.0,three_red,mid,30,none,466,32.8,1.32,46.5,1.32,8.44,1.58,51.37,137,26.3,0.91,-4.87,-0.34,12.64,,,,,
sterling_kite_engine,NIFTY FIN SERVICE,delta1,21,1.0,14,2.0,7,3.0,three_red,mid,48,none,456,36.4,1.14,39.13,0.71,16.94,1.33,56.54,137,31.4,0.84,-17.41,-0.71,25.88,,,,,
sterling_kite_engine,NIFTY FIN SERVICE,options_atm,21,1.0,14,2.0,7,3.0,three_red,mid,48,none,456,32.7,1.34,48.23,1.35,10.29,1.61,52.65,137,26.3,0.92,-4.42,-0.3,15.36,,,,,
sterling_kite_engine,NIFTY FIN SERVICE,delta1,21,1.0,14,2.0,7,3.0,three_red,mid,none,15,413,35.4,1.09,22.76,0.45,21.04,1.26,41.46,129,31.8,0.82,-18.7,-0.82,28.59,,,,,
sterling_kite_engine,NIFTY FIN SERVICE,options_atm,21,1.0,14,2.0,7,3.0,three_red,mid,none,15,413,31.2,1.27,36.61,1.1,12.06,1.55,44.22,129,26.4,0.86,-7.61,-0.57,17.04,,,,,
sterling_kite_engine,NIFTY FIN SERVICE,delta1,21,1.0,14,2.0,7,3.0,three_red,mid,18,15,465,40.4,0.93,-18.62,-0.44,31.55,1.04,6.23,143,37.1,0.76,-24.85,-1.28,33.41,,,,,
sterling_kite_engine,NIFTY FIN SERVICE,options_atm,21,1.0,14,2.0,7,3.0,three_red,mid,18,15,465,38.1,1.03,4.49,0.19,15.12,1.2,15.67,143,33.6,0.79,-11.18,-1.06,17.41,,,,,
sterling_kite_engine,NIFTY FIN SERVICE,delta1,21,1.0,14,2.0,7,3.0,three_red,mid,30,15,427,35.8,1.07,19.73,0.39,21.43,1.24,39.69,130,31.5,0.81,-19.96,-0.87,29.53,,,,,
sterling_kite_engine,NIFTY FIN SERVICE,options_atm,21,1.0,14,2.0,7,3.0,three_red,mid,30,15,427,32.1,1.28,37.42,1.14,10.9,1.53,43.6,130,26.2,0.88,-6.19,-0.45,15.44,,,,,
sterling_kite_engine,NIFTY FIN SERVICE,delta1,21,1.0,14,2.0,7,3.0,three_red,mid,48,15,418,35.6,1.1,27.57,0.54,20.33,1.28,45.94,130,31.5,0.82,-18.38,-0.79,28.93,,,,,
sterling_kite_engine,NIFTY FIN SERVICE,options_atm,21,1.0,14,2.0,7,3.0,three_red,mid,48,15,418,31.6,1.31,41.68,1.24,11.88,1.59,47.5,130,26.2,0.89,-5.82,-0.42,17.06,,,,,
sterling_kite_engine,NIFTY FIN SERVICE,delta1,21,1.0,14,2.0,7,3.0,three_red,mid,none,20,286,38.1,1.17,32.96,0.87,19.13,1.4,45.33,91,33.0,0.84,-12.37,-0.61,26.44,,,,,
sterling_kite_engine,NIFTY FIN SERVICE,options_atm,21,1.0,14,2.0,7,3.0,three_red,mid,none,20,286,34.3,1.42,39.87,1.57,11.36,1.8,44.46,91,28.6,0.88,-4.59,-0.4,15.82,,,,,
sterling_kite_engine,NIFTY FIN SERVICE,delta1,21,1.0,14,2.0,7,3.0,three_red,mid,18,20,322,42.9,0.96,-7.85,-0.26,20.49,1.08,9.97,100,37.0,0.77,-17.82,-1.09,22.43,,,,,
sterling_kite_engine,NIFTY FIN SERVICE,options_atm,21,1.0,14,2.0,7,3.0,three_red,mid,18,20,322,40.1,1.09,8.97,0.51,10.07,1.3,16.95,100,34.0,0.79,-7.97,-0.93,11.71,,,,,
sterling_kite_engine,NIFTY FIN SERVICE,delta1,21,1.0,14,2.0,7,3.0,three_red,mid,30,20,297,39.4,1.13,25.36,0.69,20.29,1.38,43.82,92,32.6,0.77,-18.46,-0.96,28.16,,,,,
sterling_kite_engine,NIFTY FIN SERVICE,options_atm,21,1.0,14,2.0,7,3.0,three_red,mid,30,20,297,35.7,1.37,35.65,1.49,11.35,1.75,42.37,92,28.3,0.83,-6.72,-0.61,15.7,,,,,
sterling_kite_engine,NIFTY FIN SERVICE,delta1,21,1.0,14,2.0,7,3.0,three_red,mid,48,20,291,38.1,1.18,35.55,0.92,19.12,1.41,47.68,92,32.6,0.85,-12.13,-0.59,26.75,,,,,
sterling_kite_engine,NIFTY FIN SERVICE,options_atm,21,1.0,14,2.0,7,3.0,three_red,mid,48,20,291,34.4,1.46,44.09,1.72,11.07,1.83,47.0,92,28.3,0.93,-2.91,-0.24,15.6,,,,,
sterling_kite_engine,NIFTY FIN SERVICE,delta1,21,1.0,14,2.0,7,3.0,three_red,mid,none,25,165,37.6,1.19,20.05,0.73,12.58,1.48,30.04,53,35.8,0.78,-9.99,-0.74,14.87,,,,,
sterling_kite_engine,NIFTY FIN SERVICE,options_atm,21,1.0,14,2.0,7,3.0,three_red,mid,none,25,165,32.7,1.43,23.51,1.22,8.12,1.95,30.0,53,32.1,0.71,-6.49,-0.98,9.58,,,,,
sterling_kite_engine,NIFTY FIN SERVICE,delta1,21,1.0,14,2.0,7,3.0,three_red,mid,18,25,182,45.6,1.14,14.34,0.68,9.62,1.28,17.16,59,44.1,0.93,-2.82,-0.23,10.36,,,,,
sterling_kite_engine,NIFTY FIN SERVICE,options_atm,21,1.0,14,2.0,7,3.0,three_red,mid,18,25,182,42.3,1.31,15.07,1.21,5.15,1.57,16.58,59,42.4,0.92,-1.51,-0.23,5.97,,,,,
sterling_kite_engine,NIFTY FIN SERVICE,delta1,21,1.0,14,2.0,7,3.0,three_red,mid,30,25,171,40.4,1.1,10.64,0.43,15.52,1.37,23.39,53,39.6,0.71,-12.75,-1.02,15.69,,,,,
sterling_kite_engine,NIFTY FIN SERVICE,options_atm,21,1.0,14,2.0,7,3.0,three_red,mid,30,25,171,35.7,1.3,15.92,0.95,9.14,1.73,23.13,53,35.8,0.66,-7.21,-1.13,9.61,,,,,
sterling_kite_engine,NIFTY FIN SERVICE,delta1,21,1.0,14,2.0,7,3.0,three_red,mid,48,25,166,38.0,1.23,24.54,0.9,11.32,1.56,35.31,53,35.8,0.76,-10.77,-0.81,15.15,,,,,
sterling_kite_engine,NIFTY FIN SERVICE,options_atm,21,1.0,14,2.0,7,3.0,three_red,mid,48,25,166,33.1,1.52,27.97,1.46,7.19,2.08,34.04,53,32.1,0.73,-6.07,-0.88,9.54,,,,,
sterling_kite_engine,NIFTY FIN SERVICE,delta1,21,1.0,14,2.0,7,3.0,three_red_signal,fast,none,none,562,40.2,1.18,42.34,0.91,12.68,1.19,28.32,165,44.8,1.17,14.02,0.69,9.12,,,,,
sterling_kite_engine,NIFTY FIN SERVICE,options_atm,21,1.0,14,2.0,7,3.0,three_red_signal,fast,none,none,562,37.5,1.35,39.62,1.37,7.06,1.39,28.95,165,41.2,1.27,10.67,0.86,5.02,,,,,
sterling_kite_engine,NIFTY FIN SERVICE,delta1,21,1.0,14,2.0,7,3.0,three_red_signal,fast,18,none,562,40.0,1.09,21.35,0.51,14.4,1.11,15.94,165,44.8,1.07,5.41,0.31,9.12,,,,,
sterling_kite_engine,NIFTY FIN SERVICE,options_atm,21,1.0,14,2.0,7,3.0,three_red_signal,fast,18,none,562,37.4,1.21,23.58,0.97,7.74,1.26,19.53,165,41.2,1.1,4.05,0.42,4.99,,,,,
sterling_kite_engine,NIFTY FIN SERVICE,delta1,21,1.0,14,2.0,7,3.0,three_red_signal,fast,30,none,562,40.2,1.16,36.02,0.8,12.53,1.17,25.97,165,44.8,1.13,10.05,0.53,9.12,,,,,
sterling_kite_engine,NIFTY FIN SERVICE,options_atm,21,1.0,14,2.0,7,3.0,three_red_signal,fast,30,none,562,37.5,1.3,34.5,1.25,6.85,1.37,26.97,165,41.2,1.19,7.54,0.67,5.14,,,,,
sterling_kite_engine,NIFTY FIN SERVICE,delta1,21,1.0,14,2.0,7,3.0,three_red_signal,fast,48,none,562,40.2,1.18,42.34,0.91,12.68,1.19,28.32,165,44.8,1.17,14.02,0.69,9.12,,,,,
sterling_kite_engine,NIFTY FIN SERVICE,options_atm,21,1.0,14,2.0,7,3.0,three_red_signal,fast,48,none,562,37.5,1.35,39.62,1.37,7.06,1.39,28.95,165,41.2,1.27,10.67,0.86,5.02,,,,,
sterling_kite_engine,NIFTY FIN SERVICE,delta1,21,1.0,14,2.0,7,3.0,three_red_signal,fast,none,15,511,39.3,1.13,28.83,0.68,12.04,1.12,17.19,154,44.8,1.15,11.64,0.59,10.66,,,,,
sterling_kite_engine,NIFTY FIN SERVICE,options_atm,21,1.0,14,2.0,7,3.0,three_red_signal,fast,none,15,511,37.2,1.29,31.3,1.17,6.54,1.32,21.92,154,41.6,1.25,9.38,0.77,5.88,,,,,
sterling_kite_engine,NIFTY FIN SERVICE,delta1,21,1.0,14,2.0,7,3.0,three_red_signal,fast,18,15,511,39.1,1.05,11.7,0.3,13.41,1.06,8.73,154,44.8,1.04,2.96,0.18,11.17,,,,,
sterling_kite_engine,NIFTY FIN SERVICE,options_atm,21,1.0,14,2.0,7,3.0,three_red_signal,fast,18,15,511,37.0,1.17,18.09,0.8,7.06,1.22,15.39,154,41.6,1.07,2.7,0.29,6.25,,,,,
sterling_kite_engine,NIFTY FIN SERVICE,delta1,21,1.0,14,2.0,7,3.0,three_red_signal,fast,30,15,511,39.3,1.1,22.51,0.55,11.86,1.11,14.85,154,44.8,1.1,7.66,0.41,10.66,,,,,
sterling_kite_engine,NIFTY FIN SERVICE,options_atm,21,1.0,14,2.0,7,3.0,three_red_signal,fast,30,15,511,37.2,1.25,26.18,1.03,6.31,1.29,19.95,154,41.6,1.16,6.24,0.56,6.43,,,,,
sterling_kite_engine,NIFTY FIN SERVICE,delta1,21,1.0,14,2.0,7,3.0,three_red_signal,fast,48,15,511,39.3,1.13,28.83,0.68,12.04,1.12,17.19,154,44.8,1.15,11.64,0.59,10.66,,,,,
sterling_kite_engine,NIFTY FIN SERVICE,options_atm,21,1.0,14,2.0,7,3.0,three_red_signal,fast,48,15,511,37.2,1.29,31.3,1.17,6.54,1.32,21.92,154,41.6,1.25,9.38,0.77,5.88,,,,,
sterling_kite_engine,NIFTY FIN SERVICE,delta1,21,1.0,14,2.0,7,3.0,three_red_signal,fast,none,20,349,40.1,1.19,29.36,0.94,12.26,1.18,17.61,107,44.9,1.21,11.75,0.67,13.97,,,,,
sterling_kite_engine,NIFTY FIN SERVICE,options_atm,21,1.0,14,2.0,7,3.0,three_red_signal,fast,none,20,349,38.4,1.39,28.97,1.46,6.83,1.41,19.64,107,43.0,1.34,9.33,0.85,7.98,,,,,
sterling_kite_engine,NIFTY FIN SERVICE,delta1,21,1.0,14,2.0,7,3.0,three_red_signal,fast,18,20,349,40.1,1.11,17.27,0.63,13.94,1.16,15.22,107,44.9,1.04,2.06,0.15,15.74,,,,,
sterling_kite_engine,NIFTY FIN SERVICE,options_atm,21,1.0,14,2.0,7,3.0,three_red_signal,fast,18,20,349,38.4,1.25,19.1,1.18,7.52,1.36,17.24,107,43.0,1.07,1.86,0.26,8.7,,,,,
sterling_kite_engine,NIFTY FIN SERVICE,delta1,21,1.0,14,2.0,7,3.0,three_red_signal,fast,30,20,349,40.1,1.17,25.1,0.84,13.14,1.18,17.33,107,44.9,1.14,7.77,0.48,14.99,,,,,
sterling_kite_engine,NIFTY FIN SERVICE,options_atm,21,1.0,14,2.0,7,3.0,three_red_signal,fast,30,20,349,38.4,1.34,25.5,1.36,7.33,1.4,19.3,107,43.0,1.23,6.2,0.64,8.56,,,,,
sterling_kite_engine,NIFTY FIN SERVICE,delta1,21,1.0,14,2.0,7,3.0,three_red_signal,fast,48,20,349,40.1,1.19,29.36,0.94,12.26,1.18,17.61,107,44.9,1.21,11.75,0.67,13.97,,,,,
sterling_kite_engine,NIFTY FIN SERVICE,options_atm,21,1.0,14,2.0,7,3.0,three_red_signal,fast,48,20,349,38.4,1.39,28.97,1.46,6.83,1.41,19.64,107,43.0,1.34,9.33,0.85,7.98,,,,,
sterling_kite_engine,NIFTY FIN SERVICE,delta1,21,1.0,14,2.0,7,3.0,three_red_signal,fast,none,25,193,40.4,1.42,32.64,1.67,6.04,1.45,22.93,62,48.4,1.37,9.71,0.96,7.24,,,,,
sterling_kite_engine,NIFTY FIN SERVICE,options_atm,21,1.0,14,2.0,7,3.0,three_red_signal,fast,none,25,193,38.9,1.65,25.11,2.0,3.31,1.83,20.9,62,46.8,1.32,4.21,0.82,3.96,,,,,
sterling_kite_engine,NIFTY FIN SERVICE,delta1,21,1.0,14,2.0,7,3.0,three_red_signal,fast,18,25,193,40.4,1.39,30.22,1.63,6.15,1.4,20.57,62,48.4,1.36,9.65,0.96,7.24,,,,,
sterling_kite_engine,NIFTY FIN SERVICE,options_atm,21,1.0,14,2.0,7,3.0,three_red_signal,fast,18,25,193,39.4,1.6,23.05,2.02,3.37,1.72,18.34,62,48.4,1.35,4.71,0.91,3.94,,,,,
sterling_kite_engine,NIFTY FIN SERVICE,delta1,21,1.0,14,2.0,7,3.0,three_red_signal,fast,30,25,193,40.4,1.4,31.3,1.63,6.1,1.44,22.41,62,48.4,1.34,8.89,0.89,7.29,,,,,
sterling_kite_engine,NIFTY FIN SERVICE,options_atm,21,1.0,14,2.0,7,3.0,three_red_signal,fast,30,25,193,38.9,1.62,24.14,1.96,3.34,1.81,20.39,62,46.8,1.28,3.75,0.75,3.98,,,,,
sterling_kite_engine,NIFTY FIN SERVICE,delta1,21,1.0,14,2.0,7,3.0,three_red_signal,fast,48,25,193,40.4,1.42,32.64,1.67,6.04,1.45,22.93,62,48.4,1.37,9.71,0.96,7.24,,,,,
sterling_kite_engine,NIFTY FIN SERVICE,options_atm,21,1.0,14,2.0,7,3.0,three_red_signal,fast,48,25,193,38.9,1.65,25.11,2.0,3.31,1.83,20.9,62,46.8,1.32,4.21,0.82,3.96,,,,,
sterling_kite_engine,NIFTY FIN SERVICE,delta1,21,1.0,14,2.0,7,3.0,three_red_signal,mid,none,none,450,36.2,1.13,37.08,0.67,16.69,1.31,52.51,136,31.6,0.86,-15.44,-0.62,24.76,,,,,
sterling_kite_engine,NIFTY FIN SERVICE,options_atm,21,1.0,14,2.0,7,3.0,three_red_signal,mid,none,none,450,32.2,1.32,45.27,1.26,10.28,1.58,49.42,136,26.5,0.93,-4.16,-0.28,15.01,,,,,
sterling_kite_engine,NIFTY FIN SERVICE,delta1,21,1.0,14,2.0,7,3.0,three_red_signal,mid,18,none,504,40.7,0.97,-8.09,-0.18,27.53,1.09,15.35,151,37.1,0.79,-23.44,-1.15,31.53,,,,,
sterling_kite_engine,NIFTY FIN SERVICE,options_atm,21,1.0,14,2.0,7,3.0,three_red_signal,mid,18,none,504,38.5,1.08,10.8,0.41,14.5,1.24,20.84,151,33.8,0.82,-10.04,-0.91,17.43,,,,,
sterling_kite_engine,NIFTY FIN SERVICE,delta1,21,1.0,14,2.0,7,3.0,three_red_signal,mid,30,none,466,36.5,1.12,34.06,0.62,17.84,1.3,53.22,137,31.4,0.83,-19.16,-0.8,26.88,,,,,
sterling_kite_engine,NIFTY FIN SERVICE,options_atm,21,1.0,14,2.0,7,3.0,three_red_signal,mid,30,none,466,32.8,1.32,46.5,1.32,8.44,1.58,51.37,137,26.3,0.91,-4.87,-0.34,12.64,,,,,
sterling_kite_engine,NIFTY FIN SERVICE,delta1,21,1.0,14,2.0,7,3.0,three_red_signal,mid,48,none,456,36.4,1.14,39.13,0.71,16.94,1.33,56.54,137,31.4,0.84,-17.41,-0.71,25.88,,,,,
sterling_kite_engine,NIFTY FIN SERVICE,options_atm,21,1.0,14,2.0,7,3.0,three_red_signal,mid,48,none,456,32.7,1.34,48.23,1.35,10.29,1.61,52.65,137,26.3,0.92,-4.42,-0.3,15.36,,,,,
sterling_kite_engine,NIFTY FIN SERVICE,delta1,21,1.0,14,2.0,7,3.0,three_red_signal,mid,none,15,413,35.4,1.09,22.76,0.45,21.04,1.26,41.46,129,31.8,0.82,-18.7,-0.82,28.59,,,,,
sterling_kite_engine,NIFTY FIN SERVICE,options_atm,21,1.0,14,2.0,7,3.0,three_red_signal,mid,none,15,413,31.2,1.27,36.61,1.1,12.06,1.55,44.22,129,26.4,0.86,-7.61,-0.57,17.04,,,,,
sterling_kite_engine,NIFTY FIN SERVICE,delta1,21,1.0,14,2.0,7,3.0,three_red_signal,mid,18,15,465,40.4,0.93,-18.62,-0.44,31.55,1.04,6.23,143,37.1,0.76,-24.85,-1.28,33.41,,,,,
sterling_kite_engine,NIFTY FIN SERVICE,options_atm,21,1.0,14,2.0,7,3.0,three_red_signal,mid,18,15,465,38.1,1.03,4.49,0.19,15.12,1.2,15.67,143,33.6,0.79,-11.18,-1.06,17.41,,,,,
sterling_kite_engine,NIFTY FIN SERVICE,delta1,21,1.0,14,2.0,7,3.0,three_red_signal,mid,30,15,427,35.8,1.07,19.73,0.39,21.43,1.24,39.69,130,31.5,0.81,-19.96,-0.87,29.53,,,,,
sterling_kite_engine,NIFTY FIN SERVICE,options_atm,21,1.0,14,2.0,7,3.0,three_red_signal,mid,30,15,427,32.1,1.28,37.42,1.14,10.9,1.53,43.6,130,26.2,0.88,-6.19,-0.45,15.44,,,,,
sterling_kite_engine,NIFTY FIN SERVICE,delta1,21,1.0,14,2.0,7,3.0,three_red_signal,mid,48,15,418,35.6,1.1,27.57,0.54,20.33,1.28,45.94,130,31.5,0.82,-18.38,-0.79,28.93,,,,,
sterling_kite_engine,NIFTY FIN SERVICE,options_atm,21,1.0,14,2.0,7,3.0,three_red_signal,mid,48,15,418,31.6,1.31,41.68,1.24,11.88,1.59,47.5,130,26.2,0.89,-5.82,-0.42,17.06,,,,,
sterling_kite_engine,NIFTY FIN SERVICE,delta1,21,1.0,14,2.0,7,3.0,three_red_signal,mid,none,20,286,38.1,1.17,32.96,0.87,19.13,1.4,45.33,91,33.0,0.84,-12.37,-0.61,26.44,,,,,
sterling_kite_engine,NIFTY FIN SERVICE,options_atm,21,1.0,14,2.0,7,3.0,three_red_signal,mid,none,20,286,34.3,1.42,39.87,1.57,11.36,1.8,44.46,91,28.6,0.88,-4.59,-0.4,15.82,,,,,
sterling_kite_engine,NIFTY FIN SERVICE,delta1,21,1.0,14,2.0,7,3.0,three_red_signal,mid,18,20,322,42.9,0.96,-7.85,-0.26,20.49,1.08,9.97,100,37.0,0.77,-17.82,-1.09,22.43,,,,,
sterling_kite_engine,NIFTY FIN SERVICE,options_atm,21,1.0,14,2.0,7,3.0,three_red_signal,mid,18,20,322,40.1,1.09,8.97,0.51,10.07,1.3,16.95,100,34.0,0.79,-7.97,-0.93,11.71,,,,,
sterling_kite_engine,NIFTY FIN SERVICE,delta1,21,1.0,14,2.0,7,3.0,three_red_signal,mid,30,20,297,39.4,1.13,25.36,0.69,20.29,1.38,43.82,92,32.6,0.77,-18.46,-0.96,28.16,,,,,
sterling_kite_engine,NIFTY FIN SERVICE,options_atm,21,1.0,14,2.0,7,3.0,three_red_signal,mid,30,20,297,35.7,1.37,35.65,1.49,11.35,1.75,42.37,92,28.3,0.83,-6.72,-0.61,15.7,,,,,
sterling_kite_engine,NIFTY FIN SERVICE,delta1,21,1.0,14,2.0,7,3.0,three_red_signal,mid,48,20,291,38.1,1.18,35.55,0.92,19.12,1.41,47.68,92,32.6,0.85,-12.13,-0.59,26.75,,,,,
sterling_kite_engine,NIFTY FIN SERVICE,options_atm,21,1.0,14,2.0,7,3.0,three_red_signal,mid,48,20,291,34.4,1.46,44.09,1.72,11.07,1.83,47.0,92,28.3,0.93,-2.91,-0.24,15.6,,,,,
sterling_kite_engine,NIFTY FIN SERVICE,delta1,21,1.0,14,2.0,7,3.0,three_red_signal,mid,none,25,165,37.6,1.19,20.05,0.73,12.58,1.48,30.04,53,35.8,0.78,-9.99,-0.74,14.87,,,,,
sterling_kite_engine,NIFTY FIN SERVICE,options_atm,21,1.0,14,2.0,7,3.0,three_red_signal,mid,none,25,165,32.7,1.43,23.51,1.22,8.12,1.95,30.0,53,32.1,0.71,-6.49,-0.98,9.58,,,,,
sterling_kite_engine,NIFTY FIN SERVICE,delta1,21,1.0,14,2.0,7,3.0,three_red_signal,mid,18,25,182,45.6,1.14,14.34,0.68,9.62,1.28,17.16,59,44.1,0.93,-2.82,-0.23,10.36,,,,,
sterling_kite_engine,NIFTY FIN SERVICE,options_atm,21,1.0,14,2.0,7,3.0,three_red_signal,mid,18,25,182,42.3,1.31,15.07,1.21,5.15,1.57,16.58,59,42.4,0.92,-1.51,-0.23,5.97,,,,,
sterling_kite_engine,NIFTY FIN SERVICE,delta1,21,1.0,14,2.0,7,3.0,three_red_signal,mid,30,25,171,40.4,1.1,10.64,0.43,15.52,1.37,23.39,53,39.6,0.71,-12.75,-1.02,15.69,,,,,
sterling_kite_engine,NIFTY FIN SERVICE,options_atm,21,1.0,14,2.0,7,3.0,three_red_signal,mid,30,25,171,35.7,1.3,15.92,0.95,9.14,1.73,23.13,53,35.8,0.66,-7.21,-1.13,9.61,,,,,
sterling_kite_engine,NIFTY FIN SERVICE,delta1,21,1.0,14,2.0,7,3.0,three_red_signal,mid,48,25,166,38.0,1.23,24.54,0.9,11.32,1.56,35.31,53,35.8,0.76,-10.77,-0.81,15.15,,,,,
sterling_kite_engine,NIFTY FIN SERVICE,options_atm,21,1.0,14,2.0,7,3.0,three_red_signal,mid,48,25,166,33.1,1.52,27.97,1.46,7.19,2.08,34.04,53,32.1,0.73,-6.07,-0.88,9.54,,,,,
sterling_kite_engine,NIFTY FIN SERVICE,delta1,21,1.25,14,2.0,7,3.0,one_red,fast,none,none,485,39.8,1.15,34.38,0.79,11.68,1.12,17.02,145,45.5,1.23,17.36,0.85,13.33,,,,,
sterling_kite_engine,NIFTY FIN SERVICE,options_atm,21,1.25,14,2.0,7,3.0,one_red,fast,none,none,485,35.9,1.31,33.85,1.27,6.68,1.31,22.07,145,39.3,1.3,11.79,0.96,7.6,,,,,
sterling_kite_engine,NIFTY FIN SERVICE,delta1,21,1.25,14,2.0,7,3.0,one_red,fast,18,none,486,39.9,1.04,10.03,0.25,17.98,0.99,-1.65,145,45.5,1.15,11.69,0.63,13.31,,,,,
sterling_kite_engine,NIFTY FIN SERVICE,options_atm,21,1.25,14,2.0,7,3.0,one_red,fast,18,none,486,36.4,1.16,17.94,0.78,6.97,1.14,9.73,145,40.0,1.21,8.22,0.79,7.33,,,,,
sterling_kite_engine,NIFTY FIN SERVICE,delta1,21,1.25,14,2.0,7,3.0,one_red,fast,30,none,485,39.8,1.14,32.2,0.75,11.82,1.13,18.44,145,45.5,1.18,13.76,0.7,13.66,,,,,
sterling_kite_engine,NIFTY FIN SERVICE,options_atm,21,1.25,14,2.0,7,3.0,one_red,fast,30,none,485,35.9,1.3,32.74,1.26,6.41,1.32,23.43,145,39.3,1.24,9.31,0.8,7.76,,,,,
sterling_kite_engine,NIFTY FIN SERVICE,delta1,21,1.25,14,2.0,7,3.0,one_red,fast,48,none,485,39.8,1.16,35.68,0.81,11.57,1.13,18.32,145,45.5,1.23,17.36,0.85,13.33,,,,,
sterling_kite_engine,NIFTY FIN SERVICE,options_atm,21,1.25,14,2.0,7,3.0,one_red,fast,48,none,485,35.9,1.32,35.14,1.3,6.62,1.32,23.35,145,39.3,1.3,11.79,0.96,7.6,,,,,
sterling_kite_engine,NIFTY FIN SERVICE,delta1,21,1.25,14,2.0,7,3.0,one_red,fast,none,15,442,38.7,1.11,22.5,0.56,16.13,1.06,7.89,135,45.2,1.2,14.61,0.73,13.31,,,,,
sterling_kite_engine,NIFTY FIN SERVICE,options_atm,21,1.25,14,2.0,7,3.0,one_red,fast,none,15,442,35.7,1.26,27.17,1.09,7.57,1.25,16.65,135,39.3,1.29,10.52,0.87,8.68,,,,,
sterling_kite_engine,NIFTY FIN SERVICE,delta1,21,1.25,14,2.0,7,3.0,one_red,fast,18,15,443,38.8,1.01,2.89,0.08,20.14,0.96,-5.62,135,45.2,1.12,8.51,0.47,13.52,,,,,
sterling_kite_engine,NIFTY FIN SERVICE,options_atm,21,1.25,14,2.0,7,3.0,one_red,fast,18,15,443,36.3,1.14,14.37,0.67,7.81,1.11,7.75,135,40.0,1.18,6.62,0.65,7.7,,,,,
sterling_kite_engine,NIFTY FIN SERVICE,delta1,21,1.25,14,2.0,7,3.0,one_red,fast,30,15,442,38.7,1.09,19.37,0.49,16.41,1.06,8.36,135,45.2,1.15,11.01,0.57,14.35,,,,,
sterling_kite_engine,NIFTY FIN SERVICE,options_atm,21,1.25,14,2.0,7,3.0,one_red,fast,30,15,442,35.7,1.24,25.26,1.05,8.02,1.25,17.21,135,39.3,1.22,8.05,0.7,9.26,,,,,
sterling_kite_engine,NIFTY FIN SERVICE,delta1,21,1.25,14,2.0,7,3.0,one_red,fast,48,15,442,38.7,1.11,23.8,0.59,16.06,1.07,9.19,135,45.2,1.2,14.61,0.73,13.31,,,,,
sterling_kite_engine,NIFTY FIN SERVICE,options_atm,21,1.25,14,2.0,7,3.0,one_red,fast,48,15,442,35.7,1.27,28.46,1.13,7.5,1.26,17.94,135,39.3,1.29,10.52,0.87,8.68,,,,,
sterling_kite_engine,NIFTY FIN SERVICE,delta1,21,1.25,14,2.0,7,3.0,one_red,fast,none,20,295,40.3,1.16,22.96,0.81,13.27,1.13,11.98,92,44.6,1.21,10.98,0.63,14.53,,,,,
sterling_kite_engine,NIFTY FIN SERVICE,options_atm,21,1.25,14,2.0,7,3.0,one_red,fast,none,20,295,38.0,1.34,24.15,1.37,7.48,1.35,15.89,92,40.2,1.31,8.25,0.79,8.49,,,,,
sterling_kite_engine,NIFTY FIN SERVICE,delta1,21,1.25,14,2.0,7,3.0,one_red,fast,18,20,295,40.3,1.08,11.34,0.44,13.45,1.09,8.03,92,44.6,1.06,3.32,0.23,14.37,,,,,
sterling_kite_engine,NIFTY FIN SERVICE,options_atm,21,1.25,14,2.0,7,3.0,one_red,fast,18,20,295,38.3,1.23,16.64,1.1,6.9,1.31,13.79,92,40.2,1.11,2.86,0.37,7.76,,,,,
sterling_kite_engine,NIFTY FIN SERVICE,delta1,21,1.25,14,2.0,7,3.0,one_red,fast,30,20,295,40.3,1.14,20.32,0.74,14.05,1.14,13.14,92,44.6,1.13,7.18,0.44,15.54,,,,,
sterling_kite_engine,NIFTY FIN SERVICE,options_atm,21,1.25,14,2.0,7,3.0,one_red,fast,30,20,295,38.0,1.31,22.34,1.33,7.9,1.37,16.77,92,40.2,1.21,5.57,0.57,9.06,,,,,
sterling_kite_engine,NIFTY FIN SERVICE,delta1,21,1.25,14,2.0,7,3.0,one_red,fast,48,20,295,40.3,1.17,24.32,0.85,13.14,1.14,13.35,92,44.6,1.21,10.98,0.63,14.53,,,,,
sterling_kite_engine,NIFTY FIN SERVICE,options_atm,21,1.25,14,2.0,7,3.0,one_red,fast,48,20,295,38.0,1.36,25.44,1.42,7.4,1.38,17.19,92,40.2,1.31,8.25,0.79,8.49,,,,,
sterling_kite_engine,NIFTY FIN SERVICE,delta1,21,1.25,14,2.0,7,3.0,one_red,fast,none,25,149,43.6,1.38,25.48,1.43,5.2,1.38,16.64,48,50.0,1.38,8.83,0.9,5.99,,,,,
sterling_kite_engine,NIFTY FIN SERVICE,options_atm,21,1.25,14,2.0,7,3.0,one_red,fast,none,25,149,40.9,1.57,18.7,1.72,3.28,1.73,15.35,48,45.8,1.28,3.35,0.68,3.76,,,,,
sterling_kite_engine,NIFTY FIN SERVICE,delta1,21,1.25,14,2.0,7,3.0,one_red,fast,18,25,149,43.6,1.43,29.24,1.6,6.88,1.39,17.11,48,50.0,1.52,12.13,1.14,4.76,,,,,
sterling_kite_engine,NIFTY FIN SERVICE,options_atm,21,1.25,14,2.0,7,3.0,one_red,fast,18,25,149,41.6,1.67,22.08,1.98,3.03,1.75,15.85,48,47.9,1.53,6.22,1.11,2.7,,,,,
sterling_kite_engine,NIFTY FIN SERVICE,delta1,21,1.25,14,2.0,7,3.0,one_red,fast,30,25,149,43.6,1.37,24.74,1.41,5.3,1.38,16.73,48,50.0,1.34,8.01,0.83,5.99,,,,,
sterling_kite_engine,NIFTY FIN SERVICE,options_atm,21,1.25,14,2.0,7,3.0,one_red,fast,30,25,149,40.9,1.55,18.27,1.72,3.28,1.73,15.37,48,45.8,1.24,2.9,0.6,3.76,,,,,
sterling_kite_engine,NIFTY FIN SERVICE,delta1,21,1.25,14,2.0,7,3.0,one_red,fast,48,25,149,43.6,1.39,26.1,1.45,5.19,1.39,17.27,48,50.0,1.38,8.83,0.9,5.99,,,,,
sterling_kite_engine,NIFTY FIN SERVICE,options_atm,21,1.25,14,2.0,7,3.0,one_red,fast,48,25,149,40.9,1.59,19.33,1.72,3.27,1.76,15.97,48,45.8,1.28,3.35,0.68,3.76,,,,,
sterling_kite_engine,NIFTY FIN SERVICE,delta1,21,1.25,14,2.0,7,3.0,one_red,mid,none,none,476,37.8,1.16,41.92,0.8,13.16,1.28,45.34,140,35.7,0.96,-3.43,-0.15,18.46,,,,,
sterling_kite_engine,NIFTY FIN SERVICE,options_atm,21,1.25,14,2.0,7,3.0,one_red,mid,none,none,476,34.0,1.33,43.38,1.31,8.19,1.51,42.54,140,31.4,1.02,0.84,0.06,11.37,,,,,
sterling_kite_engine,NIFTY FIN SERVICE,delta1,21,1.25,14,2.0,7,3.0,one_red,mid,18,none,483,40.8,1.05,12.34,0.29,20.49,1.11,16.5,142,38.0,0.96,-4.16,-0.2,23.55,,,,,
sterling_kite_engine,NIFTY FIN SERVICE,options_atm,21,1.25,14,2.0,7,3.0,one_red,mid,18,none,483,38.1,1.17,20.6,0.82,10.96,1.25,19.15,142,33.8,1.03,1.45,0.13,12.95,,,,,
sterling_kite_engine,NIFTY FIN SERVICE,delta1,21,1.25,14,2.0,7,3.0,one_red,mid,30,none,477,38.4,1.16,42.35,0.83,12.16,1.27,43.38,140,35.7,0.99,-1.04,-0.04,16.98,,,,,
sterling_kite_engine,NIFTY FIN SERVICE,options_atm,21,1.25,14,2.0,7,3.0,one_red,mid,30,none,477,34.8,1.35,45.27,1.42,7.12,1.5,40.91,140,31.4,1.09,4.36,0.32,9.81,,,,,
sterling_kite_engine,NIFTY FIN SERVICE,delta1,21,1.25,14,2.0,7,3.0,one_red,mid,48,none,476,37.8,1.15,40.02,0.78,13.39,1.26,42.62,140,35.7,0.97,-2.6,-0.11,18.42,,,,,
sterling_kite_engine,NIFTY FIN SERVICE,options_atm,21,1.25,14,2.0,7,3.0,one_red,mid,48,none,476,34.0,1.33,42.96,1.32,8.17,1.49,40.7,140,31.4,1.05,2.27,0.17,11.17,,,,,
sterling_kite_engine,NIFTY FIN SERVICE,delta1,21,1.25,14,2.0,7,3.0,one_red,mid,none,15,434,37.3,1.12,29.83,0.62,17.09,1.23,35.73,131,35.9,0.94,-5.91,-0.27,22.49,,,,,
sterling_kite_engine,NIFTY FIN SERVICE,options_atm,21,1.25,14,2.0,7,3.0,one_red,mid,none,15,434,33.4,1.3,37.18,1.19,9.95,1.49,37.74,131,31.3,0.99,-0.56,-0.04,13.37,,,,,
sterling_kite_engine,NIFTY FIN SERVICE,delta1,21,1.25,14,2.0,7,3.0,one_red,mid,18,15,441,40.6,1.0,0.06,0.0,24.4,1.05,7.49,133,38.3,0.92,-7.43,-0.38,26.05,,,,,
sterling_kite_engine,NIFTY FIN SERVICE,options_atm,21,1.25,14,2.0,7,3.0,one_red,mid,18,15,441,37.9,1.12,13.64,0.59,11.82,1.2,14.37,133,33.8,0.98,-0.73,-0.07,13.42,,,,,
sterling_kite_engine,NIFTY FIN SERVICE,delta1,21,1.25,14,2.0,7,3.0,one_red,mid,30,15,435,37.9,1.11,26.44,0.56,17.15,1.2,30.86,131,35.9,0.95,-4.42,-0.2,21.95,,,,,
sterling_kite_engine,NIFTY FIN SERVICE,options_atm,21,1.25,14,2.0,7,3.0,one_red,mid,30,15,435,34.3,1.29,35.9,1.22,9.54,1.44,33.65,131,31.3,1.05,2.25,0.17,12.49,,,,,
sterling_kite_engine,NIFTY FIN SERVICE,delta1,21,1.25,14,2.0,7,3.0,one_red,mid,48,15,434,37.3,1.11,27.93,0.58,17.38,1.21,33.01,131,35.9,0.95,-5.08,-0.23,22.41,,,,,
sterling_kite_engine,NIFTY FIN SERVICE,options_atm,21,1.25,14,2.0,7,3.0,one_red,mid,48,15,434,33.4,1.3,36.76,1.21,9.94,1.47,35.9,131,31.3,1.02,0.86,0.07,13.15,,,,,
sterling_kite_engine,NIFTY FIN SERVICE,delta1,21,1.25,14,2.0,7,3.0,one_red,mid,none,20,291,40.9,1.25,42.36,1.21,13.03,1.37,38.53,90,38.9,1.06,3.83,0.2,17.07,,,,,
sterling_kite_engine,NIFTY FIN SERVICE,options_atm,21,1.25,14,2.0,7,3.0,one_red,mid,none,20,291,37.1,1.49,40.86,1.79,7.75,1.72,36.66,90,35.6,1.13,4.2,0.37,10.2,,,,,
sterling_kite_engine,NIFTY FIN SERVICE,delta1,21,1.25,14,2.0,7,3.0,one_red,mid,18,20,294,43.2,1.06,9.15,0.33,15.15,1.14,13.99,91,39.6,0.92,-4.84,-0.3,17.01,,,,,
sterling_kite_engine,NIFTY FIN SERVICE,options_atm,21,1.25,14,2.0,7,3.0,one_red,mid,18,20,294,39.8,1.21,16.23,1.01,7.85,1.36,17.0,91,35.2,0.98,-0.77,-0.09,9.08,,,,,
sterling_kite_engine,NIFTY FIN SERVICE,delta1,21,1.25,14,2.0,7,3.0,one_red,mid,30,20,292,41.4,1.19,31.74,0.97,14.43,1.31,31.8,90,38.9,1.0,-0.06,-0.0,18.2,,,,,
sterling_kite_engine,NIFTY FIN SERVICE,options_atm,21,1.25,14,2.0,7,3.0,one_red,mid,30,20,292,38.0,1.41,34.0,1.66,8.12,1.61,31.02,90,35.6,1.09,2.97,0.28,10.32,,,,,
sterling_kite_engine,NIFTY FIN SERVICE,delta1,21,1.25,14,2.0,7,3.0,one_red,mid,48,20,291,40.9,1.24,41.44,1.2,13.04,1.35,36.48,90,38.9,1.07,4.96,0.25,16.8,,,,,
sterling_kite_engine,NIFTY FIN SERVICE,options_atm,21,1.25,14,2.0,7,3.0,one_red,mid,48,20,291,37.1,1.49,41.2,1.84,7.5,1.69,35.27,90,35.6,1.18,5.93,0.52,9.76,,,,,
sterling_kite_engine,NIFTY FIN SERVICE,delta1,21,1.25,14,2.0,7,3.0,one_red,mid,none,25,148,43.2,1.37,30.38,1.3,9.33,1.6,29.13,48,41.7,1.04,1.25,0.1,11.84,,,,,
sterling_kite_engine,NIFTY FIN SERVICE,options_atm,21,1.25,14,2.0,7,3.0,one_red,mid,none,25,148,39.2,1.65,26.26,1.65,5.48,2.11,26.76,48,39.6,0.97,-0.5,-0.09,6.88,,,,,
sterling_kite_engine,NIFTY FIN SERVICE,delta1,21,1.25,14,2.0,7,3.0,one_red,mid,18,25,149,46.3,1.35,26.17,1.36,8.28,1.46,20.83,48,43.8,1.18,5.34,0.46,9.06,,,,,
sterling_kite_engine,NIFTY FIN SERVICE,options_atm,21,1.25,14,2.0,7,3.0,one_red,mid,18,25,149,43.0,1.56,20.31,1.73,4.25,1.79,17.22,48,41.7,1.21,3.09,0.5,4.94,,,,,
sterling_kite_engine,NIFTY FIN SERVICE,delta1,21,1.25,14,2.0,7,3.0,one_red,mid,30,25,149,45.0,1.26,21.06,1.02,9.89,1.44,21.27,48,43.8,0.99,-0.21,-0.02,11.83,,,,,
sterling_kite_engine,NIFTY FIN SERVICE,options_atm,21,1.25,14,2.0,7,3.0,one_red,mid,30,25,149,40.9,1.46,18.4,1.42,5.81,1.79,18.84,48,41.7,0.97,-0.45,-0.07,6.85,,,,,
sterling_kite_engine,NIFTY FIN SERVICE,delta1,21,1.25,14,2.0,7,3.0,one_red,mid,48,25,148,43.2,1.34,27.72,1.23,9.53,1.56,27.12,48,41.7,1.02,0.6,0.05,11.94,,,,,
sterling_kite_engine,NIFTY FIN SERVICE,options_atm,21,1.25,14,2.0,7,3.0,one_red,mid,48,25,148,39.2,1.61,24.52,1.62,5.57,2.03,24.85,48,39.6,0.98,-0.33,-0.06,6.9,,,,,
sterling_kite_engine,NIFTY FIN SERVICE,delta1,21,1.25,14,2.0,7,3.0,two_red,fast,none,none,485,39.8,1.15,34.38,0.79,11.68,1.12,17.02,145,45.5,1.23,17.36,0.85,13.33,,,,,
sterling_kite_engine,NIFTY FIN SERVICE,options_atm,21,1.25,14,2.0,7,3.0,two_red,fast,none,none,485,35.9,1.31,33.85,1.27,6.68,1.31,22.07,145,39.3,1.3,11.79,0.96,7.6,,,,,
sterling_kite_engine,NIFTY FIN SERVICE,delta1,21,1.25,14,2.0,7,3.0,two_red,fast,18,none,486,39.9,1.04,10.03,0.25,17.98,0.99,-1.65,145,45.5,1.15,11.69,0.63,13.31,,,,,
sterling_kite_engine,NIFTY FIN SERVICE,options_atm,21,1.25,14,2.0,7,3.0,two_red,fast,18,none,486,36.4,1.16,17.94,0.78,6.97,1.14,9.73,145,40.0,1.21,8.22,0.79,7.33,,,,,
sterling_kite_engine,NIFTY FIN SERVICE,delta1,21,1.25,14,2.0,7,3.0,two_red,fast,30,none,485,39.8,1.14,32.2,0.75,11.82,1.13,18.44,145,45.5,1.18,13.76,0.7,13.66,,,,,
sterling_kite_engine,NIFTY FIN SERVICE,options_atm,21,1.25,14,2.0,7,3.0,two_red,fast,30,none,485,35.9,1.3,32.74,1.26,6.41,1.32,23.43,145,39.3,1.24,9.31,0.8,7.76,,,,,
sterling_kite_engine,NIFTY FIN SERVICE,delta1,21,1.25,14,2.0,7,3.0,two_red,fast,48,none,485,39.8,1.16,35.68,0.81,11.57,1.13,18.32,145,45.5,1.23,17.36,0.85,13.33,,,,,
sterling_kite_engine,NIFTY FIN SERVICE,options_atm,21,1.25,14,2.0,7,3.0,two_red,fast,48,none,485,35.9,1.32,35.14,1.3,6.62,1.32,23.35,145,39.3,1.3,11.79,0.96,7.6,,,,,
sterling_kite_engine,NIFTY FIN SERVICE,delta1,21,1.25,14,2.0,7,3.0,two_red,fast,none,15,442,38.7,1.11,22.5,0.56,16.13,1.06,7.89,135,45.2,1.2,14.61,0.73,13.31,,,,,
sterling_kite_engine,NIFTY FIN SERVICE,options_atm,21,1.25,14,2.0,7,3.0,two_red,fast,none,15,442,35.7,1.26,27.17,1.09,7.57,1.25,16.65,135,39.3,1.29,10.52,0.87,8.68,,,,,
sterling_kite_engine,NIFTY FIN SERVICE,delta1,21,1.25,14,2.0,7,3.0,two_red,fast,18,15,443,38.8,1.01,2.89,0.08,20.14,0.96,-5.62,135,45.2,1.12,8.51,0.47,13.52,,,,,
sterling_kite_engine,NIFTY FIN SERVICE,options_atm,21,1.25,14,2.0,7,3.0,two_red,fast,18,15,443,36.3,1.14,14.37,0.67,7.81,1.11,7.75,135,40.0,1.18,6.62,0.65,7.7,,,,,
sterling_kite_engine,NIFTY FIN SERVICE,delta1,21,1.25,14,2.0,7,3.0,two_red,fast,30,15,442,38.7,1.09,19.37,0.49,16.41,1.06,8.36,135,45.2,1.15,11.01,0.57,14.35,,,,,
sterling_kite_engine,NIFTY FIN SERVICE,options_atm,21,1.25,14,2.0,7,3.0,two_red,fast,30,15,442,35.7,1.24,25.26,1.05,8.02,1.25,17.21,135,39.3,1.22,8.05,0.7,9.26,,,,,
sterling_kite_engine,NIFTY FIN SERVICE,delta1,21,1.25,14,2.0,7,3.0,two_red,fast,48,15,442,38.7,1.11,23.8,0.59,16.06,1.07,9.19,135,45.2,1.2,14.61,0.73,13.31,,,,,
sterling_kite_engine,NIFTY FIN SERVICE,options_atm,21,1.25,14,2.0,7,3.0,two_red,fast,48,15,442,35.7,1.27,28.46,1.13,7.5,1.26,17.94,135,39.3,1.29,10.52,0.87,8.68,,,,,
sterling_kite_engine,NIFTY FIN SERVICE,delta1,21,1.25,14,2.0,7,3.0,two_red,fast,none,20,295,40.3,1.16,22.96,0.81,13.27,1.13,11.98,92,44.6,1.21,10.98,0.63,14.53,,,,,
sterling_kite_engine,NIFTY FIN SERVICE,options_atm,21,1.25,14,2.0,7,3.0,two_red,fast,none,20,295,38.0,1.34,24.15,1.37,7.48,1.35,15.89,92,40.2,1.31,8.25,0.79,8.49,,,,,
sterling_kite_engine,NIFTY FIN SERVICE,delta1,21,1.25,14,2.0,7,3.0,two_red,fast,18,20,295,40.3,1.08,11.34,0.44,13.45,1.09,8.03,92,44.6,1.06,3.32,0.23,14.37,,,,,
sterling_kite_engine,NIFTY FIN SERVICE,options_atm,21,1.25,14,2.0,7,3.0,two_red,fast,18,20,295,38.3,1.23,16.64,1.1,6.9,1.31,13.79,92,40.2,1.11,2.86,0.37,7.76,,,,,
sterling_kite_engine,NIFTY FIN SERVICE,delta1,21,1.25,14,2.0,7,3.0,two_red,fast,30,20,295,40.3,1.14,20.32,0.74,14.05,1.14,13.14,92,44.6,1.13,7.18,0.44,15.54,,,,,
sterling_kite_engine,NIFTY FIN SERVICE,options_atm,21,1.25,14,2.0,7,3.0,two_red,fast,30,20,295,38.0,1.31,22.34,1.33,7.9,1.37,16.77,92,40.2,1.21,5.57,0.57,9.06,,,,,
sterling_kite_engine,NIFTY FIN SERVICE,delta1,21,1.25,14,2.0,7,3.0,two_red,fast,48,20,295,40.3,1.17,24.32,0.85,13.14,1.14,13.35,92,44.6,1.21,10.98,0.63,14.53,,,,,
sterling_kite_engine,NIFTY FIN SERVICE,options_atm,21,1.25,14,2.0,7,3.0,two_red,fast,48,20,295,38.0,1.36,25.44,1.42,7.4,1.38,17.19,92,40.2,1.31,8.25,0.79,8.49,,,,,
sterling_kite_engine,NIFTY FIN SERVICE,delta1,21,1.25,14,2.0,7,3.0,two_red,fast,none,25,149,43.6,1.38,25.48,1.43,5.2,1.38,16.64,48,50.0,1.38,8.83,0.9,5.99,,,,,
sterling_kite_engine,NIFTY FIN SERVICE,options_atm,21,1.25,14,2.0,7,3.0,two_red,fast,none,25,149,40.9,1.57,18.7,1.72,3.28,1.73,15.35,48,45.8,1.28,3.35,0.68,3.76,,,,,
sterling_kite_engine,NIFTY FIN SERVICE,delta1,21,1.25,14,2.0,7,3.0,two_red,fast,18,25,149,43.6,1.43,29.24,1.6,6.88,1.39,17.11,48,50.0,1.52,12.13,1.14,4.76,,,,,
sterling_kite_engine,NIFTY FIN SERVICE,options_atm,21,1.25,14,2.0,7,3.0,two_red,fast,18,25,149,41.6,1.67,22.08,1.98,3.03,1.75,15.85,48,47.9,1.53,6.22,1.11,2.7,,,,,
sterling_kite_engine,NIFTY FIN SERVICE,delta1,21,1.25,14,2.0,7,3.0,two_red,fast,30,25,149,43.6,1.37,24.74,1.41,5.3,1.38,16.73,48,50.0,1.34,8.01,0.83,5.99,,,,,
sterling_kite_engine,NIFTY FIN SERVICE,options_atm,21,1.25,14,2.0,7,3.0,two_red,fast,30,25,149,40.9,1.55,18.27,1.72,3.28,1.73,15.37,48,45.8,1.24,2.9,0.6,3.76,,,,,
sterling_kite_engine,NIFTY FIN SERVICE,delta1,21,1.25,14,2.0,7,3.0,two_red,fast,48,25,149,43.6,1.39,26.1,1.45,5.19,1.39,17.27,48,50.0,1.38,8.83,0.9,5.99,,,,,
sterling_kite_engine,NIFTY FIN SERVICE,options_atm,21,1.25,14,2.0,7,3.0,two_red,fast,48,25,149,40.9,1.59,19.33,1.72,3.27,1.76,15.97,48,45.8,1.28,3.35,0.68,3.76,,,,,
sterling_kite_engine,NIFTY FIN SERVICE,delta1,21,1.25,14,2.0,7,3.0,two_red,mid,none,none,430,36.7,1.14,38.57,0.72,17.1,1.28,46.98,128,33.6,0.92,-8.41,-0.34,24.36,,,,,
sterling_kite_engine,NIFTY FIN SERVICE,options_atm,21,1.25,14,2.0,7,3.0,two_red,mid,none,none,430,32.6,1.34,46.09,1.32,10.74,1.55,46.62,128,28.1,0.99,-0.53,-0.04,15.33,,,,,
sterling_kite_engine,NIFTY FIN SERVICE,delta1,21,1.25,14,2.0,7,3.0,two_red,mid,18,none,467,41.1,0.97,-7.34,-0.17,27.33,1.04,7.23,137,38.0,0.85,-14.57,-0.73,29.13,,,,,
sterling_kite_engine,NIFTY FIN SERVICE,options_atm,21,1.25,14,2.0,7,3.0,two_red,mid,18,none,467,39.0,1.08,10.69,0.44,14.08,1.2,15.93,137,35.0,0.89,-5.24,-0.48,16.21,,,,,
sterling_kite_engine,NIFTY FIN SERVICE,delta1,21,1.25,14,2.0,7,3.0,two_red,mid,30,none,441,37.2,1.12,31.87,0.61,17.68,1.24,42.13,130,33.8,0.9,-10.25,-0.43,24.59,,,,,
sterling_kite_engine,NIFTY FIN SERVICE,options_atm,21,1.25,14,2.0,7,3.0,two_red,mid,30,none,441,33.3,1.32,44.65,1.32,9.02,1.53,44.93,130,28.5,0.99,-0.28,-0.02,12.83,,,,,
sterling_kite_engine,NIFTY FIN SERVICE,delta1,21,1.25,14,2.0,7,3.0,two_red,mid,48,none,433,37.0,1.15,40.83,0.77,17.33,1.29,49.97,128,33.6,0.91,-9.14,-0.38,25.17,,,,,
sterling_kite_engine,NIFTY FIN SERVICE,options_atm,21,1.25,14,2.0,7,3.0,two_red,mid,48,none,433,33.0,1.36,49.23,1.42,10.73,1.58,49.27,128,28.1,1.0,-0.04,-0.0,15.57,,,,,
sterling_kite_engine,NIFTY FIN SERVICE,delta1,21,1.25,14,2.0,7,3.0,two_red,mid,none,15,395,36.5,1.11,27.68,0.56,21.32,1.27,41.81,122,33.6,0.86,-14.13,-0.62,29.35,,,,,
sterling_kite_engine,NIFTY FIN SERVICE,options_atm,21,1.25,14,2.0,7,3.0,two_red,mid,none,15,395,32.2,1.31,39.53,1.22,12.43,1.57,44.5,122,27.9,0.9,-4.97,-0.38,17.51,,,,,
sterling_kite_engine,NIFTY FIN SERVICE,delta1,21,1.25,14,2.0,7,3.0,two_red,mid,18,15,428,40.9,0.94,-15.71,-0.4,29.5,1.01,0.95,130,37.7,0.82,-16.66,-0.87,29.76,,,,,
sterling_kite_engine,NIFTY FIN SERVICE,options_atm,21,1.25,14,2.0,7,3.0,two_red,mid,18,15,428,38.8,1.05,6.14,0.27,13.85,1.17,12.59,130,34.6,0.86,-6.45,-0.62,15.51,,,,,
sterling_kite_engine,NIFTY FIN SERVICE,delta1,21,1.25,14,2.0,7,3.0,two_red,mid,30,15,404,37.1,1.08,21.03,0.43,21.64,1.22,34.54,124,33.9,0.86,-13.51,-0.59,27.84,,,,,
sterling_kite_engine,NIFTY FIN SERVICE,options_atm,21,1.25,14,2.0,7,3.0,two_red,mid,30,15,404,33.2,1.29,37.62,1.19,11.46,1.51,40.2,124,28.2,0.95,-2.58,-0.19,15.73,,,,,
sterling_kite_engine,NIFTY FIN SERVICE,delta1,21,1.25,14,2.0,7,3.0,two_red,mid,48,15,397,36.8,1.13,32.69,0.66,21.14,1.29,45.26,122,33.6,0.87,-12.56,-0.54,29.6,,,,,
sterling_kite_engine,NIFTY FIN SERVICE,options_atm,21,1.25,14,2.0,7,3.0,two_red,mid,48,15,397,32.5,1.35,44.78,1.38,12.23,1.6,47.2,122,27.9,0.95,-2.43,-0.18,17.41,,,,,
sterling_kite_engine,NIFTY FIN SERVICE,delta1,21,1.25,14,2.0,7,3.0,two_red,mid,none,20,270,39.6,1.24,42.37,1.16,17.71,1.46,49.06,86,34.9,0.91,-6.69,-0.34,24.74,,,,,
sterling_kite_engine,NIFTY FIN SERVICE,options_atm,21,1.25,14,2.0,7,3.0,two_red,mid,none,20,270,35.6,1.51,44.65,1.83,10.63,1.89,46.08,86,30.2,0.96,-1.43,-0.13,14.87,,,,,
sterling_kite_engine,NIFTY FIN SERVICE,delta1,21,1.25,14,2.0,7,3.0,two_red,mid,18,20,289,43.3,0.99,-2.18,-0.08,19.98,1.08,8.55,90,37.8,0.84,-10.74,-0.66,21.48,,,,,
sterling_kite_engine,NIFTY FIN SERVICE,options_atm,21,1.25,14,2.0,7,3.0,two_red,mid,18,20,289,40.5,1.14,12.14,0.75,9.94,1.31,16.0,90,34.4,0.89,-3.86,-0.45,11.41,,,,,
sterling_kite_engine,NIFTY FIN SERVICE,delta1,21,1.25,14,2.0,7,3.0,two_red,mid,30,20,276,40.6,1.17,29.85,0.86,19.32,1.37,39.76,87,35.6,0.86,-9.92,-0.52,25.68,,,,,
sterling_kite_engine,NIFTY FIN SERVICE,options_atm,21,1.25,14,2.0,7,3.0,two_red,mid,30,20,276,36.6,1.43,37.55,1.65,10.79,1.76,39.6,87,31.0,0.94,-2.05,-0.19,14.53,,,,,
sterling_kite_engine,NIFTY FIN SERVICE,delta1,21,1.25,14,2.0,7,3.0,two_red,mid,48,20,272,39.7,1.25,45.06,1.23,17.71,1.46,50.27,86,34.9,0.93,-5.21,-0.26,24.8,,,,,
sterling_kite_engine,NIFTY FIN SERVICE,options_atm,21,1.25,14,2.0,7,3.0,two_red,mid,48,20,272,35.7,1.55,49.07,2.01,10.35,1.92,48.06,86,30.2,1.03,1.01,0.08,14.56,,,,,
sterling_kite_engine,NIFTY FIN SERVICE,delta1,21,1.25,14,2.0,7,3.0,two_red,mid,none,25,138,40.6,1.34,29.69,1.12,11.08,1.66,34.27,45,37.8,0.87,-4.58,-0.36,14.59,,,,,
sterling_kite_engine,NIFTY FIN SERVICE,options_atm,21,1.25,14,2.0,7,3.0,two_red,mid,none,25,138,36.2,1.67,29.18,1.55,6.4,2.26,32.36,45,33.3,0.82,-3.18,-0.51,8.38,,,,,
sterling_kite_engine,NIFTY FIN SERVICE,delta1,21,1.25,14,2.0,7,3.0,two_red,mid,18,25,147,47.6,1.26,21.13,1.06,9.2,1.39,19.31,47,44.7,1.06,1.82,0.15,9.99,,,,,
sterling_kite_engine,NIFTY FIN SERVICE,options_atm,21,1.25,14,2.0,7,3.0,two_red,mid,18,25,147,44.9,1.47,18.53,1.55,5.08,1.74,17.25,47,42.6,1.08,1.28,0.2,5.91,,,,,
sterling_kite_engine,NIFTY FIN SERVICE,delta1,21,1.25,14,2.0,7,3.0,two_red,mid,30,25,142,43.0,1.18,16.22,0.69,12.65,1.46,23.64,46,41.3,0.8,-7.42,-0.62,15.43,,,,,
sterling_kite_engine,NIFTY FIN SERVICE,options_atm,21,1.25,14,2.0,7,3.0,two_red,mid,30,25,142,38.7,1.43,18.47,1.15,7.52,1.89,22.6,46,37.0,0.77,-4.13,-0.67,9.14,,,,,
sterling_kite_engine,NIFTY FIN SERVICE,delta1,21,1.25,14,2.0,7,3.0,two_red,mid,48,25,139,41.0,1.38,33.35,1.27,10.76,1.74,38.72,45,37.8,0.85,-5.37,-0.43,14.62,,,,,
sterling_kite_engine,NIFTY FIN SERVICE,options_atm,21,1.25,14,2.0,7,3.0,two_red,mid,48,25,139,36.7,1.75,32.87,1.77,6.46,2.39,35.64,45,33.3,0.85,-2.76,-0.42,8.64,,,,,
sterling_kite_engine,NIFTY FIN SERVICE,delta1,21,1.25,14,2.0,7,3.0,three_red,fast,none,none,485,39.8,1.15,34.38,0.79,11.68,1.12,17.02,145,45.5,1.23,17.36,0.85,13.33,,,,,
sterling_kite_engine,NIFTY FIN SERVICE,options_atm,21,1.25,14,2.0,7,3.0,three_red,fast,none,none,485,35.9,1.31,33.85,1.27,6.68,1.31,22.07,145,39.3,1.3,11.79,0.96,7.6,,,,,
sterling_kite_engine,NIFTY FIN SERVICE,delta1,21,1.25,14,2.0,7,3.0,three_red,fast,18,none,486,39.9,1.04,10.03,0.25,17.98,0.99,-1.65,145,45.5,1.15,11.69,0.63,13.31,,,,,
sterling_kite_engine,NIFTY FIN SERVICE,options_atm,21,1.25,14,2.0,7,3.0,three_red,fast,18,none,486,36.4,1.16,17.94,0.78,6.97,1.14,9.73,145,40.0,1.21,8.22,0.79,7.33,,,,,
sterling_kite_engine,NIFTY FIN SERVICE,delta1,21,1.25,14,2.0,7,3.0,three_red,fast,30,none,485,39.8,1.14,32.2,0.75,11.82,1.13,18.44,145,45.5,1.18,13.76,0.7,13.66,,,,,
sterling_kite_engine,NIFTY FIN SERVICE,options_atm,21,1.25,14,2.0,7,3.0,three_red,fast,30,none,485,35.9,1.3,32.74,1.26,6.41,1.32,23.43,145,39.3,1.24,9.31,0.8,7.76,,,,,
sterling_kite_engine,NIFTY FIN SERVICE,delta1,21,1.25,14,2.0,7,3.0,three_red,fast,48,none,485,39.8,1.16,35.68,0.81,11.57,1.13,18.32,145,45.5,1.23,17.36,0.85,13.33,,,,,
sterling_kite_engine,NIFTY FIN SERVICE,options_atm,21,1.25,14,2.0,7,3.0,three_red,fast,48,none,485,35.9,1.32,35.14,1.3,6.62,1.32,23.35,145,39.3,1.3,11.79,0.96,7.6,,,,,
sterling_kite_engine,NIFTY FIN SERVICE,delta1,21,1.25,14,2.0,7,3.0,three_red,fast,none,15,442,38.7,1.11,22.5,0.56,16.13,1.06,7.89,135,45.2,1.2,14.61,0.73,13.31,,,,,
sterling_kite_engine,NIFTY FIN SERVICE,options_atm,21,1.25,14,2.0,7,3.0,three_red,fast,none,15,442,35.7,1.26,27.17,1.09,7.57,1.25,16.65,135,39.3,1.29,10.52,0.87,8.68,,,,,
sterling_kite_engine,NIFTY FIN SERVICE,delta1,21,1.25,14,2.0,7,3.0,three_red,fast,18,15,443,38.8,1.01,2.89,0.08,20.14,0.96,-5.62,135,45.2,1.12,8.51,0.47,13.52,,,,,
sterling_kite_engine,NIFTY FIN SERVICE,options_atm,21,1.25,14,2.0,7,3.0,three_red,fast,18,15,443,36.3,1.14,14.37,0.67,7.81,1.11,7.75,135,40.0,1.18,6.62,0.65,7.7,,,,,
sterling_kite_engine,NIFTY FIN SERVICE,delta1,21,1.25,14,2.0,7,3.0,three_red,fast,30,15,442,38.7,1.09,19.37,0.49,16.41,1.06,8.36,135,45.2,1.15,11.01,0.57,14.35,,,,,
sterling_kite_engine,NIFTY FIN SERVICE,options_atm,21,1.25,14,2.0,7,3.0,three_red,fast,30,15,442,35.7,1.24,25.26,1.05,8.02,1.25,17.21,135,39.3,1.22,8.05,0.7,9.26,,,,,
sterling_kite_engine,NIFTY FIN SERVICE,delta1,21,1.25,14,2.0,7,3.0,three_red,fast,48,15,442,38.7,1.11,23.8,0.59,16.06,1.07,9.19,135,45.2,1.2,14.61,0.73,13.31,,,,,
sterling_kite_engine,NIFTY FIN SERVICE,options_atm,21,1.25,14,2.0,7,3.0,three_red,fast,48,15,442,35.7,1.27,28.46,1.13,7.5,1.26,17.94,135,39.3,1.29,10.52,0.87,8.68,,,,,
sterling_kite_engine,NIFTY FIN SERVICE,delta1,21,1.25,14,2.0,7,3.0,three_red,fast,none,20,295,40.3,1.16,22.96,0.81,13.27,1.13,11.98,92,44.6,1.21,10.98,0.63,14.53,,,,,
sterling_kite_engine,NIFTY FIN SERVICE,options_atm,21,1.25,14,2.0,7,3.0,three_red,fast,none,20,295,38.0,1.34,24.15,1.37,7.48,1.35,15.89,92,40.2,1.31,8.25,0.79,8.49,,,,,
sterling_kite_engine,NIFTY FIN SERVICE,delta1,21,1.25,14,2.0,7,3.0,three_red,fast,18,20,295,40.3,1.08,11.34,0.44,13.45,1.09,8.03,92,44.6,1.06,3.32,0.23,14.37,,,,,
sterling_kite_engine,NIFTY FIN SERVICE,options_atm,21,1.25,14,2.0,7,3.0,three_red,fast,18,20,295,38.3,1.23,16.64,1.1,6.9,1.31,13.79,92,40.2,1.11,2.86,0.37,7.76,,,,,
sterling_kite_engine,NIFTY FIN SERVICE,delta1,21,1.25,14,2.0,7,3.0,three_red,fast,30,20,295,40.3,1.14,20.32,0.74,14.05,1.14,13.14,92,44.6,1.13,7.18,0.44,15.54,,,,,
sterling_kite_engine,NIFTY FIN SERVICE,options_atm,21,1.25,14,2.0,7,3.0,three_red,fast,30,20,295,38.0,1.31,22.34,1.33,7.9,1.37,16.77,92,40.2,1.21,5.57,0.57,9.06,,,,,
sterling_kite_engine,NIFTY FIN SERVICE,delta1,21,1.25,14,2.0,7,3.0,three_red,fast,48,20,295,40.3,1.17,24.32,0.85,13.14,1.14,13.35,92,44.6,1.21,10.98,0.63,14.53,,,,,
sterling_kite_engine,NIFTY FIN SERVICE,options_atm,21,1.25,14,2.0,7,3.0,three_red,fast,48,20,295,38.0,1.36,25.44,1.42,7.4,1.38,17.19,92,40.2,1.31,8.25,0.79,8.49,,,,,
sterling_kite_engine,NIFTY FIN SERVICE,delta1,21,1.25,14,2.0,7,3.0,three_red,fast,none,25,149,43.6,1.38,25.48,1.43,5.2,1.38,16.64,48,50.0,1.38,8.83,0.9,5.99,,,,,
sterling_kite_engine,NIFTY FIN SERVICE,options_atm,21,1.25,14,2.0,7,3.0,three_red,fast,none,25,149,40.9,1.57,18.7,1.72,3.28,1.73,15.35,48,45.8,1.28,3.35,0.68,3.76,,,,,
sterling_kite_engine,NIFTY FIN SERVICE,delta1,21,1.25,14,2.0,7,3.0,three_red,fast,18,25,149,43.6,1.43,29.24,1.6,6.88,1.39,17.11,48,50.0,1.52,12.13,1.14,4.76,,,,,
sterling_kite_engine,NIFTY FIN SERVICE,options_atm,21,1.25,14,2.0,7,3.0,three_red,fast,18,25,149,41.6,1.67,22.08,1.98,3.03,1.75,15.85,48,47.9,1.53,6.22,1.11,2.7,,,,,
sterling_kite_engine,NIFTY FIN SERVICE,delta1,21,1.25,14,2.0,7,3.0,three_red,fast,30,25,149,43.6,1.37,24.74,1.41,5.3,1.38,16.73,48,50.0,1.34,8.01,0.83,5.99,,,,,
sterling_kite_engine,NIFTY FIN SERVICE,options_atm,21,1.25,14,2.0,7,3.0,three_red,fast,30,25,149,40.9,1.55,18.27,1.72,3.28,1.73,15.37,48,45.8,1.24,2.9,0.6,3.76,,,,,
sterling_kite_engine,NIFTY FIN SERVICE,delta1,21,1.25,14,2.0,7,3.0,three_red,fast,48,25,149,43.6,1.39,26.1,1.45,5.19,1.39,17.27,48,50.0,1.38,8.83,0.9,5.99,,,,,
sterling_kite_engine,NIFTY FIN SERVICE,options_atm,21,1.25,14,2.0,7,3.0,three_red,fast,48,25,149,40.9,1.59,19.33,1.72,3.27,1.76,15.97,48,45.8,1.28,3.35,0.68,3.76,,,,,
sterling_kite_engine,NIFTY FIN SERVICE,delta1,21,1.25,14,2.0,7,3.0,three_red,mid,none,none,430,36.7,1.14,38.57,0.72,17.1,1.28,46.98,128,33.6,0.92,-8.41,-0.34,24.36,,,,,
sterling_kite_engine,NIFTY FIN SERVICE,options_atm,21,1.25,14,2.0,7,3.0,three_red,mid,none,none,430,32.6,1.34,46.09,1.32,10.74,1.55,46.62,128,28.1,0.99,-0.53,-0.04,15.33,,,,,
sterling_kite_engine,NIFTY FIN SERVICE,delta1,21,1.25,14,2.0,7,3.0,three_red,mid,18,none,467,41.1,0.97,-7.34,-0.17,27.33,1.04,7.23,137,38.0,0.85,-14.57,-0.73,29.13,,,,,
sterling_kite_engine,NIFTY FIN SERVICE,options_atm,21,1.25,14,2.0,7,3.0,three_red,mid,18,none,467,39.0,1.08,10.69,0.44,14.08,1.2,15.93,137,35.0,0.89,-5.24,-0.48,16.21,,,,,
sterling_kite_engine,NIFTY FIN SERVICE,delta1,21,1.25,14,2.0,7,3.0,three_red,mid,30,none,441,37.2,1.12,31.87,0.61,17.68,1.24,42.13,130,33.8,0.9,-10.25,-0.43,24.59,,,,,
sterling_kite_engine,NIFTY FIN SERVICE,options_atm,21,1.25,14,2.0,7,3.0,three_red,mid,30,none,441,33.3,1.32,44.65,1.32,9.02,1.53,44.93,130,28.5,0.99,-0.28,-0.02,12.83,,,,,
sterling_kite_engine,NIFTY FIN SERVICE,delta1,21,1.25,14,2.0,7,3.0,three_red,mid,48,none,433,37.0,1.15,40.83,0.77,17.33,1.29,49.97,128,33.6,0.91,-9.14,-0.38,25.17,,,,,
sterling_kite_engine,NIFTY FIN SERVICE,options_atm,21,1.25,14,2.0,7,3.0,three_red,mid,48,none,433,33.0,1.36,49.23,1.42,10.73,1.58,49.27,128,28.1,1.0,-0.04,-0.0,15.57,,,,,
sterling_kite_engine,NIFTY FIN SERVICE,delta1,21,1.25,14,2.0,7,3.0,three_red,mid,none,15,395,36.5,1.11,27.68,0.56,21.32,1.27,41.81,122,33.6,0.86,-14.13,-0.62,29.35,,,,,
sterling_kite_engine,NIFTY FIN SERVICE,options_atm,21,1.25,14,2.0,7,3.0,three_red,mid,none,15,395,32.2,1.31,39.53,1.22,12.43,1.57,44.5,122,27.9,0.9,-4.97,-0.38,17.51,,,,,
sterling_kite_engine,NIFTY FIN SERVICE,delta1,21,1.25,14,2.0,7,3.0,three_red,mid,18,15,428,40.9,0.94,-15.71,-0.4,29.5,1.01,0.95,130,37.7,0.82,-16.66,-0.87,29.76,,,,,
sterling_kite_engine,NIFTY FIN SERVICE,options_atm,21,1.25,14,2.0,7,3.0,three_red,mid,18,15,428,38.8,1.05,6.14,0.27,13.85,1.17,12.59,130,34.6,0.86,-6.45,-0.62,15.51,,,,,
sterling_kite_engine,NIFTY FIN SERVICE,delta1,21,1.25,14,2.0,7,3.0,three_red,mid,30,15,404,37.1,1.08,21.03,0.43,21.64,1.22,34.54,124,33.9,0.86,-13.51,-0.59,27.84,,,,,
sterling_kite_engine,NIFTY FIN SERVICE,options_atm,21,1.25,14,2.0,7,3.0,three_red,mid,30,15,404,33.2,1.29,37.62,1.19,11.46,1.51,40.2,124,28.2,0.95,-2.58,-0.19,15.73,,,,,
sterling_kite_engine,NIFTY FIN SERVICE,delta1,21,1.25,14,2.0,7,3.0,three_red,mid,48,15,397,36.8,1.13,32.69,0.66,21.14,1.29,45.26,122,33.6,0.87,-12.56,-0.54,29.6,,,,,
sterling_kite_engine,NIFTY FIN SERVICE,options_atm,21,1.25,14,2.0,7,3.0,three_red,mid,48,15,397,32.5,1.35,44.78,1.38,12.23,1.6,47.2,122,27.9,0.95,-2.43,-0.18,17.41,,,,,
sterling_kite_engine,NIFTY FIN SERVICE,delta1,21,1.25,14,2.0,7,3.0,three_red,mid,none,20,270,39.6,1.24,42.37,1.16,17.71,1.46,49.06,86,34.9,0.91,-6.69,-0.34,24.74,,,,,
sterling_kite_engine,NIFTY FIN SERVICE,options_atm,21,1.25,14,2.0,7,3.0,three_red,mid,none,20,270,35.6,1.51,44.65,1.83,10.63,1.89,46.08,86,30.2,0.96,-1.43,-0.13,14.87,,,,,
sterling_kite_engine,NIFTY FIN SERVICE,delta1,21,1.25,14,2.0,7,3.0,three_red,mid,18,20,289,43.3,0.99,-2.18,-0.08,19.98,1.08,8.55,90,37.8,0.84,-10.74,-0.66,21.48,,,,,
sterling_kite_engine,NIFTY FIN SERVICE,options_atm,21,1.25,14,2.0,7,3.0,three_red,mid,18,20,289,40.5,1.14,12.14,0.75,9.94,1.31,16.0,90,34.4,0.89,-3.86,-0.45,11.41,,,,,
sterling_kite_engine,NIFTY FIN SERVICE,delta1,21,1.25,14,2.0,7,3.0,three_red,mid,30,20,276,40.6,1.17,29.85,0.86,19.32,1.37,39.76,87,35.6,0.86,-9.92,-0.52,25.68,,,,,
sterling_kite_engine,NIFTY FIN SERVICE,options_atm,21,1.25,14,2.0,7,3.0,three_red,mid,30,20,276,36.6,1.43,37.55,1.65,10.79,1.76,39.6,87,31.0,0.94,-2.05,-0.19,14.53,,,,,
sterling_kite_engine,NIFTY FIN SERVICE,delta1,21,1.25,14,2.0,7,3.0,three_red,mid,48,20,272,39.7,1.25,45.06,1.23,17.71,1.46,50.27,86,34.9,0.93,-5.21,-0.26,24.8,,,,,
sterling_kite_engine,NIFTY FIN SERVICE,options_atm,21,1.25,14,2.0,7,3.0,three_red,mid,48,20,272,35.7,1.55,49.07,2.01,10.35,1.92,48.06,86,30.2,1.03,1.01,0.08,14.56,,,,,
sterling_kite_engine,NIFTY FIN SERVICE,delta1,21,1.25,14,2.0,7,3.0,three_red,mid,none,25,138,40.6,1.34,29.69,1.12,11.08,1.66,34.27,45,37.8,0.87,-4.58,-0.36,14.59,,,,,
sterling_kite_engine,NIFTY FIN SERVICE,options_atm,21,1.25,14,2.0,7,3.0,three_red,mid,none,25,138,36.2,1.67,29.18,1.55,6.4,2.26,32.36,45,33.3,0.82,-3.18,-0.51,8.38,,,,,
sterling_kite_engine,NIFTY FIN SERVICE,delta1,21,1.25,14,2.0,7,3.0,three_red,mid,18,25,147,47.6,1.26,21.13,1.06,9.2,1.39,19.31,47,44.7,1.06,1.82,0.15,9.99,,,,,
sterling_kite_engine,NIFTY FIN SERVICE,options_atm,21,1.25,14,2.0,7,3.0,three_red,mid,18,25,147,44.9,1.47,18.53,1.55,5.08,1.74,17.25,47,42.6,1.08,1.28,0.2,5.91,,,,,
sterling_kite_engine,NIFTY FIN SERVICE,delta1,21,1.25,14,2.0,7,3.0,three_red,mid,30,25,142,43.0,1.18,16.22,0.69,12.65,1.46,23.64,46,41.3,0.8,-7.42,-0.62,15.43,,,,,
sterling_kite_engine,NIFTY FIN SERVICE,options_atm,21,1.25,14,2.0,7,3.0,three_red,mid,30,25,142,38.7,1.43,18.47,1.15,7.52,1.89,22.6,46,37.0,0.77,-4.13,-0.67,9.14,,,,,
sterling_kite_engine,NIFTY FIN SERVICE,delta1,21,1.25,14,2.0,7,3.0,three_red,mid,48,25,139,41.0,1.38,33.35,1.27,10.76,1.74,38.72,45,37.8,0.85,-5.37,-0.43,14.62,,,,,
sterling_kite_engine,NIFTY FIN SERVICE,options_atm,21,1.25,14,2.0,7,3.0,three_red,mid,48,25,139,36.7,1.75,32.87,1.77,6.46,2.39,35.64,45,33.3,0.85,-2.76,-0.42,8.64,,,,,
sterling_kite_engine,NIFTY FIN SERVICE,delta1,21,1.25,14,2.0,7,3.0,three_red_signal,fast,none,none,485,39.8,1.15,34.38,0.79,11.68,1.12,17.02,145,45.5,1.23,17.36,0.85,13.33,,,,,
sterling_kite_engine,NIFTY FIN SERVICE,options_atm,21,1.25,14,2.0,7,3.0,three_red_signal,fast,none,none,485,35.9,1.31,33.85,1.27,6.68,1.31,22.07,145,39.3,1.3,11.79,0.96,7.6,,,,,
sterling_kite_engine,NIFTY FIN SERVICE,delta1,21,1.25,14,2.0,7,3.0,three_red_signal,fast,18,none,486,39.9,1.04,10.03,0.25,17.98,0.99,-1.65,145,45.5,1.15,11.69,0.63,13.31,,,,,
sterling_kite_engine,NIFTY FIN SERVICE,options_atm,21,1.25,14,2.0,7,3.0,three_red_signal,fast,18,none,486,36.4,1.16,17.94,0.78,6.97,1.14,9.73,145,40.0,1.21,8.22,0.79,7.33,,,,,
sterling_kite_engine,NIFTY FIN SERVICE,delta1,21,1.25,14,2.0,7,3.0,three_red_signal,fast,30,none,485,39.8,1.14,32.2,0.75,11.82,1.13,18.44,145,45.5,1.18,13.76,0.7,13.66,,,,,
sterling_kite_engine,NIFTY FIN SERVICE,options_atm,21,1.25,14,2.0,7,3.0,three_red_signal,fast,30,none,485,35.9,1.3,32.74,1.26,6.41,1.32,23.43,145,39.3,1.24,9.31,0.8,7.76,,,,,
sterling_kite_engine,NIFTY FIN SERVICE,delta1,21,1.25,14,2.0,7,3.0,three_red_signal,fast,48,none,485,39.8,1.16,35.68,0.81,11.57,1.13,18.32,145,45.5,1.23,17.36,0.85,13.33,,,,,
sterling_kite_engine,NIFTY FIN SERVICE,options_atm,21,1.25,14,2.0,7,3.0,three_red_signal,fast,48,none,485,35.9,1.32,35.14,1.3,6.62,1.32,23.35,145,39.3,1.3,11.79,0.96,7.6,,,,,
sterling_kite_engine,NIFTY FIN SERVICE,delta1,21,1.25,14,2.0,7,3.0,three_red_signal,fast,none,15,442,38.7,1.11,22.5,0.56,16.13,1.06,7.89,135,45.2,1.2,14.61,0.73,13.31,,,,,
sterling_kite_engine,NIFTY FIN SERVICE,options_atm,21,1.25,14,2.0,7,3.0,three_red_signal,fast,none,15,442,35.7,1.26,27.17,1.09,7.57,1.25,16.65,135,39.3,1.29,10.52,0.87,8.68,,,,,
sterling_kite_engine,NIFTY FIN SERVICE,delta1,21,1.25,14,2.0,7,3.0,three_red_signal,fast,18,15,443,38.8,1.01,2.89,0.08,20.14,0.96,-5.62,135,45.2,1.12,8.51,0.47,13.52,,,,,
sterling_kite_engine,NIFTY FIN SERVICE,options_atm,21,1.25,14,2.0,7,3.0,three_red_signal,fast,18,15,443,36.3,1.14,14.37,0.67,7.81,1.11,7.75,135,40.0,1.18,6.62,0.65,7.7,,,,,
sterling_kite_engine,NIFTY FIN SERVICE,delta1,21,1.25,14,2.0,7,3.0,three_red_signal,fast,30,15,442,38.7,1.09,19.37,0.49,16.41,1.06,8.36,135,45.2,1.15,11.01,0.57,14.35,,,,,
sterling_kite_engine,NIFTY FIN SERVICE,options_atm,21,1.25,14,2.0,7,3.0,three_red_signal,fast,30,15,442,35.7,1.24,25.26,1.05,8.02,1.25,17.21,135,39.3,1.22,8.05,0.7,9.26,,,,,
sterling_kite_engine,NIFTY FIN SERVICE,delta1,21,1.25,14,2.0,7,3.0,three_red_signal,fast,48,15,442,38.7,1.11,23.8,0.59,16.06,1.07,9.19,135,45.2,1.2,14.61,0.73,13.31,,,,,
sterling_kite_engine,NIFTY FIN SERVICE,options_atm,21,1.25,14,2.0,7,3.0,three_red_signal,fast,48,15,442,35.7,1.27,28.46,1.13,7.5,1.26,17.94,135,39.3,1.29,10.52,0.87,8.68,,,,,
sterling_kite_engine,NIFTY FIN SERVICE,delta1,21,1.25,14,2.0,7,3.0,three_red_signal,fast,none,20,295,40.3,1.16,22.96,0.81,13.27,1.13,11.98,92,44.6,1.21,10.98,0.63,14.53,,,,,
sterling_kite_engine,NIFTY FIN SERVICE,options_atm,21,1.25,14,2.0,7,3.0,three_red_signal,fast,none,20,295,38.0,1.34,24.15,1.37,7.48,1.35,15.89,92,40.2,1.31,8.25,0.79,8.49,,,,,
sterling_kite_engine,NIFTY FIN SERVICE,delta1,21,1.25,14,2.0,7,3.0,three_red_signal,fast,18,20,295,40.3,1.08,11.34,0.44,13.45,1.09,8.03,92,44.6,1.06,3.32,0.23,14.37,,,,,
sterling_kite_engine,NIFTY FIN SERVICE,options_atm,21,1.25,14,2.0,7,3.0,three_red_signal,fast,18,20,295,38.3,1.23,16.64,1.1,6.9,1.31,13.79,92,40.2,1.11,2.86,0.37,7.76,,,,,
sterling_kite_engine,NIFTY FIN SERVICE,delta1,21,1.25,14,2.0,7,3.0,three_red_signal,fast,30,20,295,40.3,1.14,20.32,0.74,14.05,1.14,13.14,92,44.6,1.13,7.18,0.44,15.54,,,,,
sterling_kite_engine,NIFTY FIN SERVICE,options_atm,21,1.25,14,2.0,7,3.0,three_red_signal,fast,30,20,295,38.0,1.31,22.34,1.33,7.9,1.37,16.77,92,40.2,1.21,5.57,0.57,9.06,,,,,
sterling_kite_engine,NIFTY FIN SERVICE,delta1,21,1.25,14,2.0,7,3.0,three_red_signal,fast,48,20,295,40.3,1.17,24.32,0.85,13.14,1.14,13.35,92,44.6,1.21,10.98,0.63,14.53,,,,,
sterling_kite_engine,NIFTY FIN SERVICE,options_atm,21,1.25,14,2.0,7,3.0,three_red_signal,fast,48,20,295,38.0,1.36,25.44,1.42,7.4,1.38,17.19,92,40.2,1.31,8.25,0.79,8.49,,,,,
sterling_kite_engine,NIFTY FIN SERVICE,delta1,21,1.25,14,2.0,7,3.0,three_red_signal,fast,none,25,149,43.6,1.38,25.48,1.43,5.2,1.38,16.64,48,50.0,1.38,8.83,0.9,5.99,,,,,
sterling_kite_engine,NIFTY FIN SERVICE,options_atm,21,1.25,14,2.0,7,3.0,three_red_signal,fast,none,25,149,40.9,1.57,18.7,1.72,3.28,1.73,15.35,48,45.8,1.28,3.35,0.68,3.76,,,,,
sterling_kite_engine,NIFTY FIN SERVICE,delta1,21,1.25,14,2.0,7,3.0,three_red_signal,fast,18,25,149,43.6,1.43,29.24,1.6,6.88,1.39,17.11,48,50.0,1.52,12.13,1.14,4.76,,,,,
sterling_kite_engine,NIFTY FIN SERVICE,options_atm,21,1.25,14,2.0,7,3.0,three_red_signal,fast,18,25,149,41.6,1.67,22.08,1.98,3.03,1.75,15.85,48,47.9,1.53,6.22,1.11,2.7,,,,,
sterling_kite_engine,NIFTY FIN SERVICE,delta1,21,1.25,14,2.0,7,3.0,three_red_signal,fast,30,25,149,43.6,1.37,24.74,1.41,5.3,1.38,16.73,48,50.0,1.34,8.01,0.83,5.99,,,,,
sterling_kite_engine,NIFTY FIN SERVICE,options_atm,21,1.25,14,2.0,7,3.0,three_red_signal,fast,30,25,149,40.9,1.55,18.27,1.72,3.28,1.73,15.37,48,45.8,1.24,2.9,0.6,3.76,,,,,
sterling_kite_engine,NIFTY FIN SERVICE,delta1,21,1.25,14,2.0,7,3.0,three_red_signal,fast,48,25,149,43.6,1.39,26.1,1.45,5.19,1.39,17.27,48,50.0,1.38,8.83,0.9,5.99,,,,,
sterling_kite_engine,NIFTY FIN SERVICE,options_atm,21,1.25,14,2.0,7,3.0,three_red_signal,fast,48,25,149,40.9,1.59,19.33,1.72,3.27,1.76,15.97,48,45.8,1.28,3.35,0.68,3.76,,,,,
sterling_kite_engine,NIFTY FIN SERVICE,delta1,21,1.25,14,2.0,7,3.0,three_red_signal,mid,none,none,430,36.7,1.14,38.57,0.72,17.1,1.28,46.98,128,33.6,0.92,-8.41,-0.34,24.36,,,,,
sterling_kite_engine,NIFTY FIN SERVICE,options_atm,21,1.25,14,2.0,7,3.0,three_red_signal,mid,none,none,430,32.6,1.34,46.09,1.32,10.74,1.55,46.62,128,28.1,0.99,-0.53,-0.04,15.33,,,,,
sterling_kite_engine,NIFTY FIN SERVICE,delta1,21,1.25,14,2.0,7,3.0,three_red_signal,mid,18,none,467,41.1,0.97,-7.34,-0.17,27.33,1.04,7.23,137,38.0,0.85,-14.57,-0.73,29.13,,,,,
sterling_kite_engine,NIFTY FIN SERVICE,options_atm,21,1.25,14,2.0,7,3.0,three_red_signal,mid,18,none,467,39.0,1.08,10.69,0.44,14.08,1.2,15.93,137,35.0,0.89,-5.24,-0.48,16.21,,,,,
sterling_kite_engine,NIFTY FIN SERVICE,delta1,21,1.25,14,2.0,7,3.0,three_red_signal,mid,30,none,441,37.2,1.12,31.87,0.61,17.68,1.24,42.13,130,33.8,0.9,-10.25,-0.43,24.59,,,,,
sterling_kite_engine,NIFTY FIN SERVICE,options_atm,21,1.25,14,2.0,7,3.0,three_red_signal,mid,30,none,441,33.3,1.32,44.65,1.32,9.02,1.53,44.93,130,28.5,0.99,-0.28,-0.02,12.83,,,,,
sterling_kite_engine,NIFTY FIN SERVICE,delta1,21,1.25,14,2.0,7,3.0,three_red_signal,mid,48,none,433,37.0,1.15,40.83,0.77,17.33,1.29,49.97,128,33.6,0.91,-9.14,-0.38,25.17,,,,,
sterling_kite_engine,NIFTY FIN SERVICE,options_atm,21,1.25,14,2.0,7,3.0,three_red_signal,mid,48,none,433,33.0,1.36,49.23,1.42,10.73,1.58,49.27,128,28.1,1.0,-0.04,-0.0,15.57,,,,,
sterling_kite_engine,NIFTY FIN SERVICE,delta1,21,1.25,14,2.0,7,3.0,three_red_signal,mid,none,15,395,36.5,1.11,27.68,0.56,21.32,1.27,41.81,122,33.6,0.86,-14.13,-0.62,29.35,,,,,
sterling_kite_engine,NIFTY FIN SERVICE,options_atm,21,1.25,14,2.0,7,3.0,three_red_signal,mid,none,15,395,32.2,1.31,39.53,1.22,12.43,1.57,44.5,122,27.9,0.9,-4.97,-0.38,17.51,,,,,
sterling_kite_engine,NIFTY FIN SERVICE,delta1,21,1.25,14,2.0,7,3.0,three_red_signal,mid,18,15,428,40.9,0.94,-15.71,-0.4,29.5,1.01,0.95,130,37.7,0.82,-16.66,-0.87,29.76,,,,,
sterling_kite_engine,NIFTY FIN SERVICE,options_atm,21,1.25,14,2.0,7,3.0,three_red_signal,mid,18,15,428,38.8,1.05,6.14,0.27,13.85,1.17,12.59,130,34.6,0.86,-6.45,-0.62,15.51,,,,,
sterling_kite_engine,NIFTY FIN SERVICE,delta1,21,1.25,14,2.0,7,3.0,three_red_signal,mid,30,15,404,37.1,1.08,21.03,0.43,21.64,1.22,34.54,124,33.9,0.86,-13.51,-0.59,27.84,,,,,
sterling_kite_engine,NIFTY FIN SERVICE,options_atm,21,1.25,14,2.0,7,3.0,three_red_signal,mid,30,15,404,33.2,1.29,37.62,1.19,11.46,1.51,40.2,124,28.2,0.95,-2.58,-0.19,15.73,,,,,
sterling_kite_engine,NIFTY FIN SERVICE,delta1,21,1.25,14,2.0,7,3.0,three_red_signal,mid,48,15,397,36.8,1.13,32.69,0.66,21.14,1.29,45.26,122,33.6,0.87,-12.56,-0.54,29.6,,,,,
sterling_kite_engine,NIFTY FIN SERVICE,options_atm,21,1.25,14,2.0,7,3.0,three_red_signal,mid,48,15,397,32.5,1.35,44.78,1.38,12.23,1.6,47.2,122,27.9,0.95,-2.43,-0.18,17.41,,,,,
sterling_kite_engine,NIFTY FIN SERVICE,delta1,21,1.25,14,2.0,7,3.0,three_red_signal,mid,none,20,270,39.6,1.24,42.37,1.16,17.71,1.46,49.06,86,34.9,0.91,-6.69,-0.34,24.74,,,,,
sterling_kite_engine,NIFTY FIN SERVICE,options_atm,21,1.25,14,2.0,7,3.0,three_red_signal,mid,none,20,270,35.6,1.51,44.65,1.83,10.63,1.89,46.08,86,30.2,0.96,-1.43,-0.13,14.87,,,,,
sterling_kite_engine,NIFTY FIN SERVICE,delta1,21,1.25,14,2.0,7,3.0,three_red_signal,mid,18,20,289,43.3,0.99,-2.18,-0.08,19.98,1.08,8.55,90,37.8,0.84,-10.74,-0.66,21.48,,,,,
sterling_kite_engine,NIFTY FIN SERVICE,options_atm,21,1.25,14,2.0,7,3.0,three_red_signal,mid,18,20,289,40.5,1.14,12.14,0.75,9.94,1.31,16.0,90,34.4,0.89,-3.86,-0.45,11.41,,,,,
sterling_kite_engine,NIFTY FIN SERVICE,delta1,21,1.25,14,2.0,7,3.0,three_red_signal,mid,30,20,276,40.6,1.17,29.85,0.86,19.32,1.37,39.76,87,35.6,0.86,-9.92,-0.52,25.68,,,,,
sterling_kite_engine,NIFTY FIN SERVICE,options_atm,21,1.25,14,2.0,7,3.0,three_red_signal,mid,30,20,276,36.6,1.43,37.55,1.65,10.79,1.76,39.6,87,31.0,0.94,-2.05,-0.19,14.53,,,,,
sterling_kite_engine,NIFTY FIN SERVICE,delta1,21,1.25,14,2.0,7,3.0,three_red_signal,mid,48,20,272,39.7,1.25,45.06,1.23,17.71,1.46,50.27,86,34.9,0.93,-5.21,-0.26,24.8,,,,,
sterling_kite_engine,NIFTY FIN SERVICE,options_atm,21,1.25,14,2.0,7,3.0,three_red_signal,mid,48,20,272,35.7,1.55,49.07,2.01,10.35,1.92,48.06,86,30.2,1.03,1.01,0.08,14.56,,,,,
sterling_kite_engine,NIFTY FIN SERVICE,delta1,21,1.25,14,2.0,7,3.0,three_red_signal,mid,none,25,138,40.6,1.34,29.69,1.12,11.08,1.66,34.27,45,37.8,0.87,-4.58,-0.36,14.59,,,,,
sterling_kite_engine,NIFTY FIN SERVICE,options_atm,21,1.25,14,2.0,7,3.0,three_red_signal,mid,none,25,138,36.2,1.67,29.18,1.55,6.4,2.26,32.36,45,33.3,0.82,-3.18,-0.51,8.38,,,,,
sterling_kite_engine,NIFTY FIN SERVICE,delta1,21,1.25,14,2.0,7,3.0,three_red_signal,mid,18,25,147,47.6,1.26,21.13,1.06,9.2,1.39,19.31,47,44.7,1.06,1.82,0.15,9.99,,,,,
sterling_kite_engine,NIFTY FIN SERVICE,options_atm,21,1.25,14,2.0,7,3.0,three_red_signal,mid,18,25,147,44.9,1.47,18.53,1.55,5.08,1.74,17.25,47,42.6,1.08,1.28,0.2,5.91,,,,,
sterling_kite_engine,NIFTY FIN SERVICE,delta1,21,1.25,14,2.0,7,3.0,three_red_signal,mid,30,25,142,43.0,1.18,16.22,0.69,12.65,1.46,23.64,46,41.3,0.8,-7.42,-0.62,15.43,,,,,
sterling_kite_engine,NIFTY FIN SERVICE,options_atm,21,1.25,14,2.0,7,3.0,three_red_signal,mid,30,25,142,38.7,1.43,18.47,1.15,7.52,1.89,22.6,46,37.0,0.77,-4.13,-0.67,9.14,,,,,
sterling_kite_engine,NIFTY FIN SERVICE,delta1,21,1.25,14,2.0,7,3.0,three_red_signal,mid,48,25,139,41.0,1.38,33.35,1.27,10.76,1.74,38.72,45,37.8,0.85,-5.37,-0.43,14.62,,,,,
sterling_kite_engine,NIFTY FIN SERVICE,options_atm,21,1.25,14,2.0,7,3.0,three_red_signal,mid,48,25,139,36.7,1.75,32.87,1.77,6.46,2.39,35.64,45,33.3,0.85,-2.76,-0.42,8.64,,,,,
sterling_kite_engine,SENSEX,delta1,14,0.75,14,2.0,7,3.0,one_red,fast,none,none,667,39.6,1.04,9.71,0.22,14.39,1.1,15.05,187,39.0,0.94,-5.34,-0.31,16.37,,,,,
sterling_kite_engine,SENSEX,options_atm,14,0.75,14,2.0,7,3.0,one_red,fast,none,none,667,37.0,1.11,12.62,0.51,6.81,1.18,14.1,187,36.4,0.97,-1.48,-0.17,7.72,,,,,
sterling_kite_engine,SENSEX,delta1,14,0.75,14,2.0,7,3.0,one_red,fast,18,none,667,39.6,1.06,14.4,0.32,13.01,1.12,18.6,187,39.0,0.95,-4.2,-0.24,15.22,,,,,
sterling_kite_engine,SENSEX,options_atm,14,0.75,14,2.0,7,3.0,one_red,fast,18,none,667,37.3,1.14,16.35,0.65,5.96,1.22,17.0,187,36.9,0.98,-0.65,-0.07,6.92,,,,,
sterling_kite_engine,SENSEX,delta1,14,0.75,14,2.0,7,3.0,one_red,fast,30,none,667,39.6,1.04,9.71,0.22,14.39,1.1,15.05,187,39.0,0.94,-5.34,-0.31,16.37,,,,,
sterling_kite_engine,SENSEX,options_atm,14,0.75,14,2.0,7,3.0,one_red,fast,30,none,667,37.0,1.11,12.62,0.51,6.81,1.18,14.1,187,36.4,0.97,-1.48,-0.17,7.72,,,,,
sterling_kite_engine,SENSEX,delta1,14,0.75,14,2.0,7,3.0,one_red,fast,48,none,667,39.6,1.04,9.71,0.22,14.39,1.1,15.05,187,39.0,0.94,-5.34,-0.31,16.37,,,,,
sterling_kite_engine,SENSEX,options_atm,14,0.75,14,2.0,7,3.0,one_red,fast,48,none,667,37.0,1.11,12.62,0.51,6.81,1.18,14.1,187,36.4,0.97,-1.48,-0.17,7.72,,,,,
sterling_kite_engine,SENSEX,delta1,14,0.75,14,2.0,7,3.0,one_red,fast,none,15,625,39.5,1.06,12.98,0.3,13.58,1.11,15.91,179,39.1,0.97,-2.93,-0.17,15.53,,,,,
sterling_kite_engine,SENSEX,options_atm,14,0.75,14,2.0,7,3.0,one_red,fast,none,15,625,37.1,1.13,14.2,0.61,6.44,1.2,14.41,179,36.3,0.99,-0.21,-0.02,7.31,,,,,
sterling_kite_engine,SENSEX,delta1,14,0.75,14,2.0,7,3.0,one_red,fast,18,15,625,39.5,1.08,17.26,0.4,12.29,1.13,19.05,179,39.1,0.98,-1.79,-0.1,14.4,,,,,
sterling_kite_engine,SENSEX,options_atm,14,0.75,14,2.0,7,3.0,one_red,fast,18,15,625,37.4,1.16,17.59,0.74,5.62,1.24,16.97,179,36.9,1.02,0.63,0.07,6.52,,,,,
sterling_kite_engine,SENSEX,delta1,14,0.75,14,2.0,7,3.0,one_red,fast,30,15,625,39.5,1.06,12.98,0.3,13.58,1.11,15.91,179,39.1,0.97,-2.93,-0.17,15.53,,,,,
sterling_kite_engine,SENSEX,options_atm,14,0.75,14,2.0,7,3.0,one_red,fast,30,15,625,37.1,1.13,14.2,0.61,6.44,1.2,14.41,179,36.3,0.99,-0.21,-0.02,7.31,,,,,
sterling_kite_engine,SENSEX,delta1,14,0.75,14,2.0,7,3.0,one_red,fast,48,15,625,39.5,1.06,12.98,0.3,13.58,1.11,15.91,179,39.1,0.97,-2.93,-0.17,15.53,,,,,
sterling_kite_engine,SENSEX,options_atm,14,0.75,14,2.0,7,3.0,one_red,fast,48,15,625,37.1,1.13,14.2,0.61,6.44,1.2,14.41,179,36.3,0.99,-0.21,-0.02,7.31,,,,,
sterling_kite_engine,SENSEX,delta1,14,0.75,14,2.0,7,3.0,one_red,fast,none,20,451,37.5,0.97,-4.58,-0.15,17.89,1.0,-0.24,142,38.0,0.94,-4.34,-0.29,16.24,,,,,
sterling_kite_engine,SENSEX,options_atm,14,0.75,14,2.0,7,3.0,one_red,fast,none,20,451,35.3,1.05,4.11,0.23,7.63,1.1,5.56,142,34.5,0.96,-1.45,-0.19,8.03,,,,,
sterling_kite_engine,SENSEX,delta1,14,0.75,14,2.0,7,3.0,one_red,fast,18,20,451,37.5,0.99,-1.51,-0.05,16.83,1.01,1.5,142,38.0,0.96,-3.01,-0.2,15.29,,,,,
sterling_kite_engine,SENSEX,options_atm,14,0.75,14,2.0,7,3.0,one_red,fast,18,20,451,35.5,1.07,6.45,0.36,6.97,1.13,7.02,142,35.2,0.98,-0.56,-0.07,7.43,,,,,
sterling_kite_engine,SENSEX,delta1,14,0.75,14,2.0,7,3.0,one_red,fast,30,20,451,37.5,0.97,-4.58,-0.15,17.89,1.0,-0.24,142,38.0,0.94,-4.34,-0.29,16.24,,,,,
sterling_kite_engine,SENSEX,options_atm,14,0.75,14,2.0,7,3.0,one_red,fast,30,20,451,35.3,1.05,4.11,0.23,7.63,1.1,5.56,142,34.5,0.96,-1.45,-0.19,8.03,,,,,
sterling_kite_engine,SENSEX,delta1,14,0.75,14,2.0,7,3.0,one_red,fast,48,20,451,37.5,0.97,-4.58,-0.15,17.89,1.0,-0.24,142,38.0,0.94,-4.34,-0.29,16.24,,,,,
sterling_kite_engine,SENSEX,options_atm,14,0.75,14,2.0,7,3.0,one_red,fast,48,20,451,35.3,1.05,4.11,0.23,7.63,1.1,5.56,142,34.5,0.96,-1.45,-0.19,8.03,,,,,
sterling_kite_engine,SENSEX,delta1,14,0.75,14,2.0,7,3.0,one_red,fast,none,25,259,35.5,0.93,-7.19,-0.38,23.66,0.82,-12.06,78,41.0,1.13,4.87,0.39,7.33,,,,,
sterling_kite_engine,SENSEX,options_atm,14,0.75,14,2.0,7,3.0,one_red,fast,none,25,259,34.0,1.03,1.43,0.13,11.18,0.95,-1.79,78,39.7,1.18,3.22,0.5,3.76,,,,,
sterling_kite_engine,SENSEX,delta1,14,0.75,14,2.0,7,3.0,one_red,fast,18,25,259,35.5,0.94,-6.27,-0.33,23.52,0.83,-11.41,78,41.0,1.14,5.13,0.41,7.31,,,,,
sterling_kite_engine,SENSEX,options_atm,14,0.75,14,2.0,7,3.0,one_red,fast,18,25,259,34.0,1.05,2.41,0.22,11.12,0.96,-1.18,78,39.7,1.2,3.59,0.54,3.74,,,,,
sterling_kite_engine,SENSEX,delta1,14,0.75,14,2.0,7,3.0,one_red,fast,30,25,259,35.5,0.93,-7.19,-0.38,23.66,0.82,-12.06,78,41.0,1.13,4.87,0.39,7.33,,,,,
sterling_kite_engine,SENSEX,options_atm,14,0.75,14,2.0,7,3.0,one_red,fast,30,25,259,34.0,1.03,1.43,0.13,11.18,0.95,-1.79,78,39.7,1.18,3.22,0.5,3.76,,,,,
sterling_kite_engine,SENSEX,delta1,14,0.75,14,2.0,7,3.0,one_red,fast,48,25,259,35.5,0.93,-7.19,-0.38,23.66,0.82,-12.06,78,41.0,1.13,4.87,0.39,7.33,,,,,
sterling_kite_engine,SENSEX,options_atm,14,0.75,14,2.0,7,3.0,one_red,fast,48,25,259,34.0,1.03,1.43,0.13,11.18,0.95,-1.79,78,39.7,1.18,3.22,0.5,3.76,,,,,
sterling_kite_engine,SENSEX,delta1,14,0.75,14,2.0,7,3.0,one_red,mid,none,none,659,35.7,1.15,46.8,0.75,12.46,1.2,39.53,184,38.0,1.07,7.27,0.31,16.57,,,,,
sterling_kite_engine,SENSEX,options_atm,14,0.75,14,2.0,7,3.0,one_red,mid,none,none,659,32.0,1.2,31.15,0.84,9.5,1.28,28.9,184,33.2,1.04,2.25,0.17,9.7,,,,,
sterling_kite_engine,SENSEX,delta1,14,0.75,14,2.0,7,3.0,one_red,mid,18,none,664,37.3,1.11,33.0,0.59,13.39,1.11,21.35,186,39.8,1.11,11.65,0.52,15.7,,,,,
sterling_kite_engine,SENSEX,options_atm,14,0.75,14,2.0,7,3.0,one_red,mid,18,none,664,34.0,1.14,22.05,0.71,7.66,1.16,16.1,186,35.5,1.11,5.96,0.5,8.76,,,,,
sterling_kite_engine,SENSEX,delta1,14,0.75,14,2.0,7,3.0,one_red,mid,30,none,659,35.8,1.13,40.76,0.67,12.89,1.18,35.49,184,38.0,1.05,5.27,0.23,16.75,,,,,
sterling_kite_engine,SENSEX,options_atm,14,0.75,14,2.0,7,3.0,one_red,mid,30,none,659,32.2,1.18,28.68,0.78,9.49,1.26,26.84,184,33.2,1.03,1.84,0.14,9.73,,,,,
sterling_kite_engine,SENSEX,delta1,14,0.75,14,2.0,7,3.0,one_red,mid,48,none,659,35.7,1.16,49.25,0.78,12.27,1.21,41.26,184,38.0,1.07,7.99,0.34,16.48,,,,,
sterling_kite_engine,SENSEX,options_atm,14,0.75,14,2.0,7,3.0,one_red,mid,48,none,659,32.0,1.21,33.67,0.89,9.18,1.3,30.69,184,33.2,1.05,2.98,0.23,9.64,,,,,
sterling_kite_engine,SENSEX,delta1,14,0.75,14,2.0,7,3.0,one_red,mid,none,15,619,35.9,1.18,51.44,0.87,12.2,1.25,45.57,176,37.5,1.06,5.87,0.26,15.44,,,,,
sterling_kite_engine,SENSEX,options_atm,14,0.75,14,2.0,7,3.0,one_red,mid,none,15,619,32.1,1.23,33.47,0.94,9.8,1.34,31.95,176,32.4,1.03,1.52,0.12,9.06,,,,,
sterling_kite_engine,SENSEX,delta1,14,0.75,14,2.0,7,3.0,one_red,mid,18,15,622,37.5,1.13,36.41,0.69,11.98,1.14,24.57,178,39.3,1.11,11.84,0.54,14.39,,,,,
sterling_kite_engine,SENSEX,options_atm,14,0.75,14,2.0,7,3.0,one_red,mid,18,15,622,34.1,1.16,23.37,0.8,7.08,1.19,17.38,178,34.8,1.12,5.99,0.51,8.07,,,,,
sterling_kite_engine,SENSEX,delta1,14,0.75,14,2.0,7,3.0,one_red,mid,30,15,619,36.0,1.16,47.58,0.82,12.63,1.24,43.76,176,37.5,1.04,3.82,0.17,15.61,,,,,
sterling_kite_engine,SENSEX,options_atm,14,0.75,14,2.0,7,3.0,one_red,mid,30,15,619,32.3,1.22,32.35,0.92,9.83,1.33,31.44,176,32.4,1.02,0.91,0.07,9.11,,,,,
sterling_kite_engine,SENSEX,delta1,14,0.75,14,2.0,7,3.0,one_red,mid,48,15,619,35.9,1.18,52.91,0.89,11.95,1.25,46.31,176,37.5,1.06,6.6,0.29,15.35,,,,,
sterling_kite_engine,SENSEX,options_atm,14,0.75,14,2.0,7,3.0,one_red,mid,48,15,619,32.1,1.24,35.09,0.98,9.54,1.35,32.84,176,32.4,1.04,2.25,0.17,9.01,,,,,
sterling_kite_engine,SENSEX,delta1,14,0.75,14,2.0,7,3.0,one_red,mid,none,20,448,32.1,0.99,-2.29,-0.06,17.48,1.04,4.8,139,35.3,0.92,-7.09,-0.37,18.24,,,,,
sterling_kite_engine,SENSEX,options_atm,14,0.75,14,2.0,7,3.0,one_red,mid,none,20,448,29.2,1.0,0.43,0.02,12.4,1.09,6.12,139,30.2,0.87,-5.69,-0.53,11.15,,,,,
sterling_kite_engine,SENSEX,delta1,14,0.75,14,2.0,7,3.0,one_red,mid,18,20,450,33.8,1.0,-1.0,-0.03,17.24,0.97,-3.91,141,37.6,1.03,2.9,0.15,16.68,,,,,
sterling_kite_engine,SENSEX,options_atm,14,0.75,14,2.0,7,3.0,one_red,mid,18,20,450,30.9,1.02,2.3,0.11,9.69,1.02,1.59,141,33.3,1.02,0.71,0.07,9.83,,,,,
sterling_kite_engine,SENSEX,delta1,14,0.75,14,2.0,7,3.0,one_red,mid,30,20,448,32.4,0.97,-6.24,-0.16,18.64,1.02,2.21,139,35.3,0.9,-8.46,-0.44,19.01,,,,,
sterling_kite_engine,SENSEX,options_atm,14,0.75,14,2.0,7,3.0,one_red,mid,30,20,448,29.5,0.98,-1.83,-0.08,12.41,1.06,4.34,139,30.2,0.86,-6.17,-0.58,11.29,,,,,
sterling_kite_engine,SENSEX,delta1,14,0.75,14,2.0,7,3.0,one_red,mid,48,20,448,32.1,1.0,-0.86,-0.02,17.27,1.04,5.8,139,35.3,0.92,-6.66,-0.34,18.14,,,,,
sterling_kite_engine,SENSEX,options_atm,14,0.75,14,2.0,7,3.0,one_red,mid,48,20,448,29.2,1.02,1.86,0.08,12.29,1.1,7.08,139,30.2,0.88,-5.22,-0.47,11.06,,,,,
sterling_kite_engine,SENSEX,delta1,14,0.75,14,2.0,7,3.0,one_red,mid,none,25,257,29.6,1.0,-0.42,-0.02,28.96,0.93,-5.95,76,35.5,1.12,5.53,0.33,15.12,,,,,
sterling_kite_engine,SENSEX,options_atm,14,0.75,14,2.0,7,3.0,one_red,mid,none,25,257,27.6,1.05,3.68,0.25,16.28,1.03,1.12,76,31.6,1.1,2.56,0.26,8.96,,,,,
sterling_kite_engine,SENSEX,delta1,14,0.75,14,2.0,7,3.0,one_red,mid,18,25,259,31.7,0.97,-4.13,-0.18,25.62,0.82,-14.87,78,39.7,1.23,10.74,0.67,8.48,,,,,
sterling_kite_engine,SENSEX,options_atm,14,0.75,14,2.0,7,3.0,one_red,mid,18,25,259,29.7,1.03,1.82,0.14,13.33,0.91,-4.01,78,35.9,1.25,5.84,0.66,4.26,,,,,
sterling_kite_engine,SENSEX,delta1,14,0.75,14,2.0,7,3.0,one_red,mid,30,25,257,30.0,0.95,-6.76,-0.29,31.01,0.87,-10.93,76,35.5,1.09,4.17,0.25,15.12,,,,,
sterling_kite_engine,SENSEX,options_atm,14,0.75,14,2.0,7,3.0,one_red,mid,30,25,257,28.0,0.99,-0.52,-0.04,17.34,0.94,-2.6,76,31.6,1.08,2.08,0.21,8.96,,,,,
sterling_kite_engine,SENSEX,delta1,14,0.75,14,2.0,7,3.0,one_red,mid,48,25,257,29.6,1.01,1.02,0.04,28.49,0.94,-4.95,76,35.5,1.13,5.97,0.35,15.12,,,,,
sterling_kite_engine,SENSEX,options_atm,14,0.75,14,2.0,7,3.0,one_red,mid,48,25,257,27.6,1.07,5.1,0.34,15.91,1.05,2.08,76,31.6,1.12,3.02,0.3,8.96,,,,,
sterling_kite_engine,SENSEX,delta1,14,0.75,14,2.0,7,3.0,two_red,fast,none,none,667,39.6,1.04,9.71,0.22,14.39,1.1,15.05,187,39.0,0.94,-5.34,-0.31,16.37,,,,,
sterling_kite_engine,SENSEX,options_atm,14,0.75,14,2.0,7,3.0,two_red,fast,none,none,667,37.0,1.11,12.62,0.51,6.81,1.18,14.1,187,36.4,0.97,-1.48,-0.17,7.72,,,,,
sterling_kite_engine,SENSEX,delta1,14,0.75,14,2.0,7,3.0,two_red,fast,18,none,667,39.6,1.06,14.4,0.32,13.01,1.12,18.6,187,39.0,0.95,-4.2,-0.24,15.22,,,,,
sterling_kite_engine,SENSEX,options_atm,14,0.75,14,2.0,7,3.0,two_red,fast,18,none,667,37.3,1.14,16.35,0.65,5.96,1.22,17.0,187,36.9,0.98,-0.65,-0.07,6.92,,,,,
sterling_kite_engine,SENSEX,delta1,14,0.75,14,2.0,7,3.0,two_red,fast,30,none,667,39.6,1.04,9.71,0.22,14.39,1.1,15.05,187,39.0,0.94,-5.34,-0.31,16.37,,,,,
sterling_kite_engine,SENSEX,options_atm,14,0.75,14,2.0,7,3.0,two_red,fast,30,none,667,37.0,1.11,12.62,0.51,6.81,1.18,14.1,187,36.4,0.97,-1.48,-0.17,7.72,,,,,
sterling_kite_engine,SENSEX,delta1,14,0.75,14,2.0,7,3.0,two_red,fast,48,none,667,39.6,1.04,9.71,0.22,14.39,1.1,15.05,187,39.0,0.94,-5.34,-0.31,16.37,,,,,
sterling_kite_engine,SENSEX,options_atm,14,0.75,14,2.0,7,3.0,two_red,fast,48,none,667,37.0,1.11,12.62,0.51,6.81,1.18,14.1,187,36.4,0.97,-1.48,-0.17,7.72,,,,,
sterling_kite_engine,SENSEX,delta1,14,0.75,14,2.0,7,3.0,two_red,fast,none,15,625,39.5,1.06,12.98,0.3,13.58,1.11,15.91,179,39.1,0.97,-2.93,-0.17,15.53,,,,,
sterling_kite_engine,SENSEX,options_atm,14,0.75,14,2.0,7,3.0,two_red,fast,none,15,625,37.1,1.13,14.2,0.61,6.44,1.2,14.41,179,36.3,0.99,-0.21,-0.02,7.31,,,,,
sterling_kite_engine,SENSEX,delta1,14,0.75,14,2.0,7,3.0,two_red,fast,18,15,625,39.5,1.08,17.26,0.4,12.29,1.13,19.05,179,39.1,0.98,-1.79,-0.1,14.4,,,,,
sterling_kite_engine,SENSEX,options_atm,14,0.75,14,2.0,7,3.0,two_red,fast,18,15,625,37.4,1.16,17.59,0.74,5.62,1.24,16.97,179,36.9,1.02,0.63,0.07,6.52,,,,,
sterling_kite_engine,SENSEX,delta1,14,0.75,14,2.0,7,3.0,two_red,fast,30,15,625,39.5,1.06,12.98,0.3,13.58,1.11,15.91,179,39.1,0.97,-2.93,-0.17,15.53,,,,,
sterling_kite_engine,SENSEX,options_atm,14,0.75,14,2.0,7,3.0,two_red,fast,30,15,625,37.1,1.13,14.2,0.61,6.44,1.2,14.41,179,36.3,0.99,-0.21,-0.02,7.31,,,,,
sterling_kite_engine,SENSEX,delta1,14,0.75,14,2.0,7,3.0,two_red,fast,48,15,625,39.5,1.06,12.98,0.3,13.58,1.11,15.91,179,39.1,0.97,-2.93,-0.17,15.53,,,,,
sterling_kite_engine,SENSEX,options_atm,14,0.75,14,2.0,7,3.0,two_red,fast,48,15,625,37.1,1.13,14.2,0.61,6.44,1.2,14.41,179,36.3,0.99,-0.21,-0.02,7.31,,,,,
sterling_kite_engine,SENSEX,delta1,14,0.75,14,2.0,7,3.0,two_red,fast,none,20,451,37.5,0.97,-4.58,-0.15,17.89,1.0,-0.24,142,38.0,0.94,-4.34,-0.29,16.24,,,,,
sterling_kite_engine,SENSEX,options_atm,14,0.75,14,2.0,7,3.0,two_red,fast,none,20,451,35.3,1.05,4.11,0.23,7.63,1.1,5.56,142,34.5,0.96,-1.45,-0.19,8.03,,,,,
sterling_kite_engine,SENSEX,delta1,14,0.75,14,2.0,7,3.0,two_red,fast,18,20,451,37.5,0.99,-1.51,-0.05,16.83,1.01,1.5,142,38.0,0.96,-3.01,-0.2,15.29,,,,,
sterling_kite_engine,SENSEX,options_atm,14,0.75,14,2.0,7,3.0,two_red,fast,18,20,451,35.5,1.07,6.45,0.36,6.97,1.13,7.02,142,35.2,0.98,-0.56,-0.07,7.43,,,,,
sterling_kite_engine,SENSEX,delta1,14,0.75,14,2.0,7,3.0,two_red,fast,30,20,451,37.5,0.97,-4.58,-0.15,17.89,1.0,-0.24,142,38.0,0.94,-4.34,-0.29,16.24,,,,,
sterling_kite_engine,SENSEX,options_atm,14,0.75,14,2.0,7,3.0,two_red,fast,30,20,451,35.3,1.05,4.11,0.23,7.63,1.1,5.56,142,34.5,0.96,-1.45,-0.19,8.03,,,,,
sterling_kite_engine,SENSEX,delta1,14,0.75,14,2.0,7,3.0,two_red,fast,48,20,451,37.5,0.97,-4.58,-0.15,17.89,1.0,-0.24,142,38.0,0.94,-4.34,-0.29,16.24,,,,,
sterling_kite_engine,SENSEX,options_atm,14,0.75,14,2.0,7,3.0,two_red,fast,48,20,451,35.3,1.05,4.11,0.23,7.63,1.1,5.56,142,34.5,0.96,-1.45,-0.19,8.03,,,,,
sterling_kite_engine,SENSEX,delta1,14,0.75,14,2.0,7,3.0,two_red,fast,none,25,259,35.5,0.93,-7.19,-0.38,23.66,0.82,-12.06,78,41.0,1.13,4.87,0.39,7.33,,,,,
sterling_kite_engine,SENSEX,options_atm,14,0.75,14,2.0,7,3.0,two_red,fast,none,25,259,34.0,1.03,1.43,0.13,11.18,0.95,-1.79,78,39.7,1.18,3.22,0.5,3.76,,,,,
sterling_kite_engine,SENSEX,delta1,14,0.75,14,2.0,7,3.0,two_red,fast,18,25,259,35.5,0.94,-6.27,-0.33,23.52,0.83,-11.41,78,41.0,1.14,5.13,0.41,7.31,,,,,
sterling_kite_engine,SENSEX,options_atm,14,0.75,14,2.0,7,3.0,two_red,fast,18,25,259,34.0,1.05,2.41,0.22,11.12,0.96,-1.18,78,39.7,1.2,3.59,0.54,3.74,,,,,
sterling_kite_engine,SENSEX,delta1,14,0.75,14,2.0,7,3.0,two_red,fast,30,25,259,35.5,0.93,-7.19,-0.38,23.66,0.82,-12.06,78,41.0,1.13,4.87,0.39,7.33,,,,,
sterling_kite_engine,SENSEX,options_atm,14,0.75,14,2.0,7,3.0,two_red,fast,30,25,259,34.0,1.03,1.43,0.13,11.18,0.95,-1.79,78,39.7,1.18,3.22,0.5,3.76,,,,,
sterling_kite_engine,SENSEX,delta1,14,0.75,14,2.0,7,3.0,two_red,fast,48,25,259,35.5,0.93,-7.19,-0.38,23.66,0.82,-12.06,78,41.0,1.13,4.87,0.39,7.33,,,,,
sterling_kite_engine,SENSEX,options_atm,14,0.75,14,2.0,7,3.0,two_red,fast,48,25,259,34.0,1.03,1.43,0.13,11.18,0.95,-1.79,78,39.7,1.18,3.22,0.5,3.76,,,,,
sterling_kite_engine,SENSEX,delta1,14,0.75,14,2.0,7,3.0,two_red,mid,none,none,465,37.2,1.1,30.15,0.56,16.55,1.17,30.19,137,40.9,1.0,-0.04,-0.0,18.69,,,,,
sterling_kite_engine,SENSEX,options_atm,14,0.75,14,2.0,7,3.0,two_red,mid,none,none,465,31.0,1.09,14.12,0.45,11.25,1.2,19.22,137,34.3,0.91,-5.1,-0.41,13.24,,,,,
sterling_kite_engine,SENSEX,delta1,14,0.75,14,2.0,7,3.0,two_red,mid,18,none,554,39.9,1.0,1.39,0.03,20.59,1.05,10.26,156,42.3,0.93,-8.86,-0.39,22.43,,,,,
sterling_kite_engine,SENSEX,options_atm,14,0.75,14,2.0,7,3.0,two_red,mid,18,none,554,36.6,1.04,6.76,0.23,12.22,1.11,11.48,156,40.4,0.92,-4.72,-0.41,11.6,,,,,
sterling_kite_engine,SENSEX,delta1,14,0.75,14,2.0,7,3.0,two_red,mid,30,none,499,37.3,1.04,14.04,0.25,17.21,1.06,11.15,147,40.8,1.02,2.89,0.11,17.76,,,,,
sterling_kite_engine,SENSEX,options_atm,14,0.75,14,2.0,7,3.0,two_red,mid,30,none,499,32.1,1.08,12.67,0.38,10.79,1.11,11.13,147,35.4,1.03,1.54,0.11,10.73,,,,,
sterling_kite_engine,SENSEX,delta1,14,0.75,14,2.0,7,3.0,two_red,mid,48,none,479,37.2,1.1,30.36,0.54,15.75,1.15,29.33,141,41.8,1.01,1.03,0.04,18.35,,,,,
sterling_kite_engine,SENSEX,options_atm,14,0.75,14,2.0,7,3.0,two_red,mid,48,none,479,31.3,1.12,18.72,0.57,10.54,1.22,21.7,141,34.8,0.95,-2.98,-0.22,12.62,,,,,
sterling_kite_engine,SENSEX,delta1,14,0.75,14,2.0,7,3.0,two_red,mid,none,15,442,38.0,1.14,38.94,0.75,13.77,1.24,40.42,133,40.6,0.99,-1.48,-0.06,17.7,,,,,
sterling_kite_engine,SENSEX,options_atm,14,0.75,14,2.0,7,3.0,two_red,mid,none,15,442,31.4,1.13,18.42,0.61,11.1,1.27,24.17,133,33.8,0.9,-5.75,-0.47,12.67,,,,,
sterling_kite_engine,SENSEX,delta1,14,0.75,14,2.0,7,3.0,two_red,mid,18,15,523,40.3,1.02,5.88,0.12,18.78,1.08,15.26,152,42.1,0.92,-9.37,-0.42,21.32,,,,,
sterling_kite_engine,SENSEX,options_atm,14,0.75,14,2.0,7,3.0,two_red,mid,18,15,523,36.9,1.05,8.52,0.31,11.43,1.14,13.56,152,40.1,0.91,-5.04,-0.44,10.97,,,,,
sterling_kite_engine,SENSEX,delta1,14,0.75,14,2.0,7,3.0,two_red,mid,30,15,475,38.1,1.09,27.98,0.52,14.0,1.15,26.58,143,40.6,1.01,1.4,0.05,16.78,,,,,
sterling_kite_engine,SENSEX,options_atm,14,0.75,14,2.0,7,3.0,two_red,mid,30,15,475,32.6,1.13,20.34,0.63,10.64,1.21,19.65,143,35.0,1.01,0.69,0.05,10.17,,,,,
sterling_kite_engine,SENSEX,delta1,14,0.75,14,2.0,7,3.0,two_red,mid,48,15,454,38.1,1.15,40.9,0.76,12.93,1.23,39.73,136,41.9,1.01,1.17,0.05,17.13,,,,,
sterling_kite_engine,SENSEX,options_atm,14,0.75,14,2.0,7,3.0,two_red,mid,48,15,454,31.9,1.16,23.34,0.74,9.72,1.29,26.34,136,34.6,0.95,-2.99,-0.23,11.98,,,,,
sterling_kite_engine,SENSEX,delta1,14,0.75,14,2.0,7,3.0,two_red,mid,none,20,338,37.0,1.01,3.04,0.08,19.18,1.12,15.05,106,39.6,0.87,-12.02,-0.55,21.79,,,,,
sterling_kite_engine,SENSEX,options_atm,14,0.75,14,2.0,7,3.0,two_red,mid,none,20,338,30.2,0.99,-1.5,-0.07,12.93,1.12,8.09,106,31.1,0.8,-9.59,-0.86,13.22,,,,,
sterling_kite_engine,SENSEX,delta1,14,0.75,14,2.0,7,3.0,two_red,mid,18,20,391,38.9,0.89,-26.37,-0.71,33.1,0.96,-5.9,121,43.0,0.79,-20.48,-1.03,29.99,,,,,
sterling_kite_engine,SENSEX,options_atm,14,0.75,14,2.0,7,3.0,two_red,mid,18,20,391,35.3,0.92,-9.68,-0.49,18.08,1.01,1.03,121,40.5,0.78,-10.71,-1.11,15.67,,,,,
sterling_kite_engine,SENSEX,delta1,14,0.75,14,2.0,7,3.0,two_red,mid,30,20,363,37.7,1.0,-0.85,-0.02,19.2,1.04,5.39,113,40.7,0.94,-6.23,-0.26,20.1,,,,,
sterling_kite_engine,SENSEX,options_atm,14,0.75,14,2.0,7,3.0,two_red,mid,30,20,363,32.2,1.03,3.04,0.13,11.02,1.07,5.37,113,33.6,0.95,-2.33,-0.18,10.82,,,,,
sterling_kite_engine,SENSEX,delta1,14,0.75,14,2.0,7,3.0,two_red,mid,48,20,344,37.5,1.06,12.83,0.32,18.19,1.17,22.79,108,40.7,0.89,-9.97,-0.44,21.85,,,,,
sterling_kite_engine,SENSEX,options_atm,14,0.75,14,2.0,7,3.0,two_red,mid,48,20,344,31.7,1.06,7.42,0.33,11.45,1.22,14.68,108,32.4,0.84,-7.26,-0.61,13.04,,,,,
sterling_kite_engine,SENSEX,delta1,14,0.75,14,2.0,7,3.0,two_red,mid,none,25,208,33.7,0.85,-22.12,-0.85,43.02,0.82,-16.13,64,37.5,0.9,-5.99,-0.34,19.21,,,,,
sterling_kite_engine,SENSEX,options_atm,14,0.75,14,2.0,7,3.0,two_red,mid,none,25,208,26.0,0.84,-12.44,-0.86,26.43,0.85,-7.09,64,28.1,0.83,-5.35,-0.56,11.25,,,,,
sterling_kite_engine,SENSEX,delta1,14,0.75,14,2.0,7,3.0,two_red,mid,18,25,232,36.6,0.78,-34.02,-1.48,39.17,0.77,-21.78,69,40.6,0.79,-12.25,-0.81,13.29,,,,,
sterling_kite_engine,SENSEX,options_atm,14,0.75,14,2.0,7,3.0,two_red,mid,18,25,232,31.9,0.82,-13.83,-1.09,20.36,0.85,-7.19,69,37.7,0.77,-6.64,-0.86,6.89,,,,,
sterling_kite_engine,SENSEX,delta1,14,0.75,14,2.0,7,3.0,two_red,mid,30,25,221,35.3,0.86,-20.58,-0.78,40.75,0.76,-22.58,69,40.6,1.04,2.0,0.1,12.68,,,,,
sterling_kite_engine,SENSEX,options_atm,14,0.75,14,2.0,7,3.0,two_red,mid,30,25,221,29.0,0.89,-8.17,-0.53,24.02,0.8,-9.76,69,31.9,1.05,1.59,0.14,7.8,,,,,
sterling_kite_engine,SENSEX,delta1,14,0.75,14,2.0,7,3.0,two_red,mid,48,25,212,34.4,0.93,-10.01,-0.36,34.61,0.94,-5.25,66,37.9,0.92,-4.77,-0.26,19.21,,,,,
sterling_kite_engine,SENSEX,options_atm,14,0.75,14,2.0,7,3.0,two_red,mid,48,25,212,28.3,0.96,-2.91,-0.18,20.12,1.02,0.91,66,30.3,0.88,-3.82,-0.36,11.25,,,,,
sterling_kite_engine,SENSEX,delta1,14,0.75,14,2.0,7,3.0,three_red,fast,none,none,667,39.6,1.04,9.71,0.22,14.39,1.1,15.05,187,39.0,0.94,-5.34,-0.31,16.37,,,,,
sterling_kite_engine,SENSEX,options_atm,14,0.75,14,2.0,7,3.0,three_red,fast,none,none,667,37.0,1.11,12.62,0.51,6.81,1.18,14.1,187,36.4,0.97,-1.48,-0.17,7.72,,,,,
sterling_kite_engine,SENSEX,delta1,14,0.75,14,2.0,7,3.0,three_red,fast,18,none,667,39.6,1.06,14.4,0.32,13.01,1.12,18.6,187,39.0,0.95,-4.2,-0.24,15.22,,,,,
sterling_kite_engine,SENSEX,options_atm,14,0.75,14,2.0,7,3.0,three_red,fast,18,none,667,37.3,1.14,16.35,0.65,5.96,1.22,17.0,187,36.9,0.98,-0.65,-0.07,6.92,,,,,
sterling_kite_engine,SENSEX,delta1,14,0.75,14,2.0,7,3.0,three_red,fast,30,none,667,39.6,1.04,9.71,0.22,14.39,1.1,15.05,187,39.0,0.94,-5.34,-0.31,16.37,,,,,
sterling_kite_engine,SENSEX,options_atm,14,0.75,14,2.0,7,3.0,three_red,fast,30,none,667,37.0,1.11,12.62,0.51,6.81,1.18,14.1,187,36.4,0.97,-1.48,-0.17,7.72,,,,,
sterling_kite_engine,SENSEX,delta1,14,0.75,14,2.0,7,3.0,three_red,fast,48,none,667,39.6,1.04,9.71,0.22,14.39,1.1,15.05,187,39.0,0.94,-5.34,-0.31,16.37,,,,,
sterling_kite_engine,SENSEX,options_atm,14,0.75,14,2.0,7,3.0,three_red,fast,48,none,667,37.0,1.11,12.62,0.51,6.81,1.18,14.1,187,36.4,0.97,-1.48,-0.17,7.72,,,,,
sterling_kite_engine,SENSEX,delta1,14,0.75,14,2.0,7,3.0,three_red,fast,none,15,625,39.5,1.06,12.98,0.3,13.58,1.11,15.91,179,39.1,0.97,-2.93,-0.17,15.53,,,,,
sterling_kite_engine,SENSEX,options_atm,14,0.75,14,2.0,7,3.0,three_red,fast,none,15,625,37.1,1.13,14.2,0.61,6.44,1.2,14.41,179,36.3,0.99,-0.21,-0.02,7.31,,,,,
sterling_kite_engine,SENSEX,delta1,14,0.75,14,2.0,7,3.0,three_red,fast,18,15,625,39.5,1.08,17.26,0.4,12.29,1.13,19.05,179,39.1,0.98,-1.79,-0.1,14.4,,,,,
sterling_kite_engine,SENSEX,options_atm,14,0.75,14,2.0,7,3.0,three_red,fast,18,15,625,37.4,1.16,17.59,0.74,5.62,1.24,16.97,179,36.9,1.02,0.63,0.07,6.52,,,,,
sterling_kite_engine,SENSEX,delta1,14,0.75,14,2.0,7,3.0,three_red,fast,30,15,625,39.5,1.06,12.98,0.3,13.58,1.11,15.91,179,39.1,0.97,-2.93,-0.17,15.53,,,,,
sterling_kite_engine,SENSEX,options_atm,14,0.75,14,2.0,7,3.0,three_red,fast,30,15,625,37.1,1.13,14.2,0.61,6.44,1.2,14.41,179,36.3,0.99,-0.21,-0.02,7.31,,,,,
sterling_kite_engine,SENSEX,delta1,14,0.75,14,2.0,7,3.0,three_red,fast,48,15,625,39.5,1.06,12.98,0.3,13.58,1.11,15.91,179,39.1,0.97,-2.93,-0.17,15.53,,,,,
sterling_kite_engine,SENSEX,options_atm,14,0.75,14,2.0,7,3.0,three_red,fast,48,15,625,37.1,1.13,14.2,0.61,6.44,1.2,14.41,179,36.3,0.99,-0.21,-0.02,7.31,,,,,
sterling_kite_engine,SENSEX,delta1,14,0.75,14,2.0,7,3.0,three_red,fast,none,20,451,37.5,0.97,-4.58,-0.15,17.89,1.0,-0.24,142,38.0,0.94,-4.34,-0.29,16.24,,,,,
sterling_kite_engine,SENSEX,options_atm,14,0.75,14,2.0,7,3.0,three_red,fast,none,20,451,35.3,1.05,4.11,0.23,7.63,1.1,5.56,142,34.5,0.96,-1.45,-0.19,8.03,,,,,
sterling_kite_engine,SENSEX,delta1,14,0.75,14,2.0,7,3.0,three_red,fast,18,20,451,37.5,0.99,-1.51,-0.05,16.83,1.01,1.5,142,38.0,0.96,-3.01,-0.2,15.29,,,,,
sterling_kite_engine,SENSEX,options_atm,14,0.75,14,2.0,7,3.0,three_red,fast,18,20,451,35.5,1.07,6.45,0.36,6.97,1.13,7.02,142,35.2,0.98,-0.56,-0.07,7.43,,,,,
sterling_kite_engine,SENSEX,delta1,14,0.75,14,2.0,7,3.0,three_red,fast,30,20,451,37.5,0.97,-4.58,-0.15,17.89,1.0,-0.24,142,38.0,0.94,-4.34,-0.29,16.24,,,,,
sterling_kite_engine,SENSEX,options_atm,14,0.75,14,2.0,7,3.0,three_red,fast,30,20,451,35.3,1.05,4.11,0.23,7.63,1.1,5.56,142,34.5,0.96,-1.45,-0.19,8.03,,,,,
sterling_kite_engine,SENSEX,delta1,14,0.75,14,2.0,7,3.0,three_red,fast,48,20,451,37.5,0.97,-4.58,-0.15,17.89,1.0,-0.24,142,38.0,0.94,-4.34,-0.29,16.24,,,,,
sterling_kite_engine,SENSEX,options_atm,14,0.75,14,2.0,7,3.0,three_red,fast,48,20,451,35.3,1.05,4.11,0.23,7.63,1.1,5.56,142,34.5,0.96,-1.45,-0.19,8.03,,,,,
sterling_kite_engine,SENSEX,delta1,14,0.75,14,2.0,7,3.0,three_red,fast,none,25,259,35.5,0.93,-7.19,-0.38,23.66,0.82,-12.06,78,41.0,1.13,4.87,0.39,7.33,,,,,
sterling_kite_engine,SENSEX,options_atm,14,0.75,14,2.0,7,3.0,three_red,fast,none,25,259,34.0,1.03,1.43,0.13,11.18,0.95,-1.79,78,39.7,1.18,3.22,0.5,3.76,,,,,
sterling_kite_engine,SENSEX,delta1,14,0.75,14,2.0,7,3.0,three_red,fast,18,25,259,35.5,0.94,-6.27,-0.33,23.52,0.83,-11.41,78,41.0,1.14,5.13,0.41,7.31,,,,,
sterling_kite_engine,SENSEX,options_atm,14,0.75,14,2.0,7,3.0,three_red,fast,18,25,259,34.0,1.05,2.41,0.22,11.12,0.96,-1.18,78,39.7,1.2,3.59,0.54,3.74,,,,,
sterling_kite_engine,SENSEX,delta1,14,0.75,14,2.0,7,3.0,three_red,fast,30,25,259,35.5,0.93,-7.19,-0.38,23.66,0.82,-12.06,78,41.0,1.13,4.87,0.39,7.33,,,,,
sterling_kite_engine,SENSEX,options_atm,14,0.75,14,2.0,7,3.0,three_red,fast,30,25,259,34.0,1.03,1.43,0.13,11.18,0.95,-1.79,78,39.7,1.18,3.22,0.5,3.76,,,,,
sterling_kite_engine,SENSEX,delta1,14,0.75,14,2.0,7,3.0,three_red,fast,48,25,259,35.5,0.93,-7.19,-0.38,23.66,0.82,-12.06,78,41.0,1.13,4.87,0.39,7.33,,,,,
sterling_kite_engine,SENSEX,options_atm,14,0.75,14,2.0,7,3.0,three_red,fast,48,25,259,34.0,1.03,1.43,0.13,11.18,0.95,-1.79,78,39.7,1.18,3.22,0.5,3.76,,,,,
sterling_kite_engine,SENSEX,delta1,14,0.75,14,2.0,7,3.0,three_red,mid,none,none,465,37.2,1.1,30.15,0.56,16.55,1.17,30.19,137,40.9,1.0,-0.04,-0.0,18.69,,,,,
sterling_kite_engine,SENSEX,options_atm,14,0.75,14,2.0,7,3.0,three_red,mid,none,none,465,31.0,1.09,14.12,0.45,11.25,1.2,19.22,137,34.3,0.91,-5.1,-0.41,13.24,,,,,
sterling_kite_engine,SENSEX,delta1,14,0.75,14,2.0,7,3.0,three_red,mid,18,none,554,39.9,1.0,1.39,0.03,20.59,1.05,10.26,156,42.3,0.93,-8.86,-0.39,22.43,,,,,
sterling_kite_engine,SENSEX,options_atm,14,0.75,14,2.0,7,3.0,three_red,mid,18,none,554,36.6,1.04,6.76,0.23,12.22,1.11,11.48,156,40.4,0.92,-4.72,-0.41,11.6,,,,,
sterling_kite_engine,SENSEX,delta1,14,0.75,14,2.0,7,3.0,three_red,mid,30,none,499,37.3,1.04,14.04,0.25,17.21,1.06,11.15,147,40.8,1.02,2.89,0.11,17.76,,,,,
sterling_kite_engine,SENSEX,options_atm,14,0.75,14,2.0,7,3.0,three_red,mid,30,none,499,32.1,1.08,12.67,0.38,10.79,1.11,11.13,147,35.4,1.03,1.54,0.11,10.73,,,,,
sterling_kite_engine,SENSEX,delta1,14,0.75,14,2.0,7,3.0,three_red,mid,48,none,479,37.2,1.1,30.36,0.54,15.75,1.15,29.33,141,41.8,1.01,1.03,0.04,18.35,,,,,
sterling_kite_engine,SENSEX,options_atm,14,0.75,14,2.0,7,3.0,three_red,mid,48,none,479,31.3,1.12,18.72,0.57,10.54,1.22,21.7,141,34.8,0.95,-2.98,-0.22,12.62,,,,,
sterling_kite_engine,SENSEX,delta1,14,0.75,14,2.0,7,3.0,three_red,mid,none,15,442,38.0,1.14,38.94,0.75,13.77,1.24,40.42,133,40.6,0.99,-1.48,-0.06,17.7,,,,,
sterling_kite_engine,SENSEX,options_atm,14,0.75,14,2.0,7,3.0,three_red,mid,none,15,442,31.4,1.13,18.42,0.61,11.1,1.27,24.17,133,33.8,0.9,-5.75,-0.47,12.67,,,,,
sterling_kite_engine,SENSEX,delta1,14,0.75,14,2.0,7,3.0,three_red,mid,18,15,523,40.3,1.02,5.88,0.12,18.78,1.08,15.26,152,42.1,0.92,-9.37,-0.42,21.32,,,,,
sterling_kite_engine,SENSEX,options_atm,14,0.75,14,2.0,7,3.0,three_red,mid,18,15,523,36.9,1.05,8.52,0.31,11.43,1.14,13.56,152,40.1,0.91,-5.04,-0.44,10.97,,,,,
sterling_kite_engine,SENSEX,delta1,14,0.75,14,2.0,7,3.0,three_red,mid,30,15,475,38.1,1.09,27.98,0.52,14.0,1.15,26.58,143,40.6,1.01,1.4,0.05,16.78,,,,,
sterling_kite_engine,SENSEX,options_atm,14,0.75,14,2.0,7,3.0,three_red,mid,30,15,475,32.6,1.13,20.34,0.63,10.64,1.21,19.65,143,35.0,1.01,0.69,0.05,10.17,,,,,
sterling_kite_engine,SENSEX,delta1,14,0.75,14,2.0,7,3.0,three_red,mid,48,15,454,38.1,1.15,40.9,0.76,12.93,1.23,39.73,136,41.9,1.01,1.17,0.05,17.13,,,,,
sterling_kite_engine,SENSEX,options_atm,14,0.75,14,2.0,7,3.0,three_red,mid,48,15,454,31.9,1.16,23.34,0.74,9.72,1.29,26.34,136,34.6,0.95,-2.99,-0.23,11.98,,,,,
sterling_kite_engine,SENSEX,delta1,14,0.75,14,2.0,7,3.0,three_red,mid,none,20,338,37.0,1.01,3.04,0.08,19.18,1.12,15.05,106,39.6,0.87,-12.02,-0.55,21.79,,,,,
sterling_kite_engine,SENSEX,options_atm,14,0.75,14,2.0,7,3.0,three_red,mid,none,20,338,30.2,0.99,-1.5,-0.07,12.93,1.12,8.09,106,31.1,0.8,-9.59,-0.86,13.22,,,,,
sterling_kite_engine,SENSEX,delta1,14,0.75,14,2.0,7,3.0,three_red,mid,18,20,391,38.9,0.89,-26.37,-0.71,33.1,0.96,-5.9,121,43.0,0.79,-20.48,-1.03,29.99,,,,,
sterling_kite_engine,SENSEX,options_atm,14,0.75,14,2.0,7,3.0,three_red,mid,18,20,391,35.3,0.92,-9.68,-0.49,18.08,1.01,1.03,121,40.5,0.78,-10.71,-1.11,15.67,,,,,
sterling_kite_engine,SENSEX,delta1,14,0.75,14,2.0,7,3.0,three_red,mid,30,20,363,37.7,1.0,-0.85,-0.02,19.2,1.04,5.39,113,40.7,0.94,-6.23,-0.26,20.1,,,,,
sterling_kite_engine,SENSEX,options_atm,14,0.75,14,2.0,7,3.0,three_red,mid,30,20,363,32.2,1.03,3.04,0.13,11.02,1.07,5.37,113,33.6,0.95,-2.33,-0.18,10.82,,,,,
sterling_kite_engine,SENSEX,delta1,14,0.75,14,2.0,7,3.0,three_red,mid,48,20,344,37.5,1.06,12.83,0.32,18.19,1.17,22.79,108,40.7,0.89,-9.97,-0.44,21.85,,,,,
sterling_kite_engine,SENSEX,options_atm,14,0.75,14,2.0,7,3.0,three_red,mid,48,20,344,31.7,1.06,7.42,0.33,11.45,1.22,14.68,108,32.4,0.84,-7.26,-0.61,13.04,,,,,
sterling_kite_engine,SENSEX,delta1,14,0.75,14,2.0,7,3.0,three_red,mid,none,25,208,33.7,0.85,-22.12,-0.85,43.02,0.82,-16.13,64,37.5,0.9,-5.99,-0.34,19.21,,,,,
sterling_kite_engine,SENSEX,options_atm,14,0.75,14,2.0,7,3.0,three_red,mid,none,25,208,26.0,0.84,-12.44,-0.86,26.43,0.85,-7.09,64,28.1,0.83,-5.35,-0.56,11.25,,,,,
sterling_kite_engine,SENSEX,delta1,14,0.75,14,2.0,7,3.0,three_red,mid,18,25,232,36.6,0.78,-34.02,-1.48,39.17,0.77,-21.78,69,40.6,0.79,-12.25,-0.81,13.29,,,,,
sterling_kite_engine,SENSEX,options_atm,14,0.75,14,2.0,7,3.0,three_red,mid,18,25,232,31.9,0.82,-13.83,-1.09,20.36,0.85,-7.19,69,37.7,0.77,-6.64,-0.86,6.89,,,,,
sterling_kite_engine,SENSEX,delta1,14,0.75,14,2.0,7,3.0,three_red,mid,30,25,221,35.3,0.86,-20.58,-0.78,40.75,0.76,-22.58,69,40.6,1.04,2.0,0.1,12.68,,,,,
sterling_kite_engine,SENSEX,options_atm,14,0.75,14,2.0,7,3.0,three_red,mid,30,25,221,29.0,0.89,-8.17,-0.53,24.02,0.8,-9.76,69,31.9,1.05,1.59,0.14,7.8,,,,,
sterling_kite_engine,SENSEX,delta1,14,0.75,14,2.0,7,3.0,three_red,mid,48,25,212,34.4,0.93,-10.01,-0.36,34.61,0.94,-5.25,66,37.9,0.92,-4.77,-0.26,19.21,,,,,
sterling_kite_engine,SENSEX,options_atm,14,0.75,14,2.0,7,3.0,three_red,mid,48,25,212,28.3,0.96,-2.91,-0.18,20.12,1.02,0.91,66,30.3,0.88,-3.82,-0.36,11.25,,,,,
sterling_kite_engine,SENSEX,delta1,14,0.75,14,2.0,7,3.0,three_red_signal,fast,none,none,667,39.6,1.04,9.71,0.22,14.39,1.1,15.05,187,39.0,0.94,-5.34,-0.31,16.37,,,,,
sterling_kite_engine,SENSEX,options_atm,14,0.75,14,2.0,7,3.0,three_red_signal,fast,none,none,667,37.0,1.11,12.62,0.51,6.81,1.18,14.1,187,36.4,0.97,-1.48,-0.17,7.72,,,,,
sterling_kite_engine,SENSEX,delta1,14,0.75,14,2.0,7,3.0,three_red_signal,fast,18,none,667,39.6,1.06,14.4,0.32,13.01,1.12,18.6,187,39.0,0.95,-4.2,-0.24,15.22,,,,,
sterling_kite_engine,SENSEX,options_atm,14,0.75,14,2.0,7,3.0,three_red_signal,fast,18,none,667,37.3,1.14,16.35,0.65,5.96,1.22,17.0,187,36.9,0.98,-0.65,-0.07,6.92,,,,,
sterling_kite_engine,SENSEX,delta1,14,0.75,14,2.0,7,3.0,three_red_signal,fast,30,none,667,39.6,1.04,9.71,0.22,14.39,1.1,15.05,187,39.0,0.94,-5.34,-0.31,16.37,,,,,
sterling_kite_engine,SENSEX,options_atm,14,0.75,14,2.0,7,3.0,three_red_signal,fast,30,none,667,37.0,1.11,12.62,0.51,6.81,1.18,14.1,187,36.4,0.97,-1.48,-0.17,7.72,,,,,
sterling_kite_engine,SENSEX,delta1,14,0.75,14,2.0,7,3.0,three_red_signal,fast,48,none,667,39.6,1.04,9.71,0.22,14.39,1.1,15.05,187,39.0,0.94,-5.34,-0.31,16.37,,,,,
sterling_kite_engine,SENSEX,options_atm,14,0.75,14,2.0,7,3.0,three_red_signal,fast,48,none,667,37.0,1.11,12.62,0.51,6.81,1.18,14.1,187,36.4,0.97,-1.48,-0.17,7.72,,,,,
sterling_kite_engine,SENSEX,delta1,14,0.75,14,2.0,7,3.0,three_red_signal,fast,none,15,625,39.5,1.06,12.98,0.3,13.58,1.11,15.91,179,39.1,0.97,-2.93,-0.17,15.53,,,,,
sterling_kite_engine,SENSEX,options_atm,14,0.75,14,2.0,7,3.0,three_red_signal,fast,none,15,625,37.1,1.13,14.2,0.61,6.44,1.2,14.41,179,36.3,0.99,-0.21,-0.02,7.31,,,,,
sterling_kite_engine,SENSEX,delta1,14,0.75,14,2.0,7,3.0,three_red_signal,fast,18,15,625,39.5,1.08,17.26,0.4,12.29,1.13,19.05,179,39.1,0.98,-1.79,-0.1,14.4,,,,,
sterling_kite_engine,SENSEX,options_atm,14,0.75,14,2.0,7,3.0,three_red_signal,fast,18,15,625,37.4,1.16,17.59,0.74,5.62,1.24,16.97,179,36.9,1.02,0.63,0.07,6.52,,,,,
sterling_kite_engine,SENSEX,delta1,14,0.75,14,2.0,7,3.0,three_red_signal,fast,30,15,625,39.5,1.06,12.98,0.3,13.58,1.11,15.91,179,39.1,0.97,-2.93,-0.17,15.53,,,,,
sterling_kite_engine,SENSEX,options_atm,14,0.75,14,2.0,7,3.0,three_red_signal,fast,30,15,625,37.1,1.13,14.2,0.61,6.44,1.2,14.41,179,36.3,0.99,-0.21,-0.02,7.31,,,,,
sterling_kite_engine,SENSEX,delta1,14,0.75,14,2.0,7,3.0,three_red_signal,fast,48,15,625,39.5,1.06,12.98,0.3,13.58,1.11,15.91,179,39.1,0.97,-2.93,-0.17,15.53,,,,,
sterling_kite_engine,SENSEX,options_atm,14,0.75,14,2.0,7,3.0,three_red_signal,fast,48,15,625,37.1,1.13,14.2,0.61,6.44,1.2,14.41,179,36.3,0.99,-0.21,-0.02,7.31,,,,,
sterling_kite_engine,SENSEX,delta1,14,0.75,14,2.0,7,3.0,three_red_signal,fast,none,20,451,37.5,0.97,-4.58,-0.15,17.89,1.0,-0.24,142,38.0,0.94,-4.34,-0.29,16.24,,,,,
sterling_kite_engine,SENSEX,options_atm,14,0.75,14,2.0,7,3.0,three_red_signal,fast,none,20,451,35.3,1.05,4.11,0.23,7.63,1.1,5.56,142,34.5,0.96,-1.45,-0.19,8.03,,,,,
sterling_kite_engine,SENSEX,delta1,14,0.75,14,2.0,7,3.0,three_red_signal,fast,18,20,451,37.5,0.99,-1.51,-0.05,16.83,1.01,1.5,142,38.0,0.96,-3.01,-0.2,15.29,,,,,
sterling_kite_engine,SENSEX,options_atm,14,0.75,14,2.0,7,3.0,three_red_signal,fast,18,20,451,35.5,1.07,6.45,0.36,6.97,1.13,7.02,142,35.2,0.98,-0.56,-0.07,7.43,,,,,
sterling_kite_engine,SENSEX,delta1,14,0.75,14,2.0,7,3.0,three_red_signal,fast,30,20,451,37.5,0.97,-4.58,-0.15,17.89,1.0,-0.24,142,38.0,0.94,-4.34,-0.29,16.24,,,,,
sterling_kite_engine,SENSEX,options_atm,14,0.75,14,2.0,7,3.0,three_red_signal,fast,30,20,451,35.3,1.05,4.11,0.23,7.63,1.1,5.56,142,34.5,0.96,-1.45,-0.19,8.03,,,,,
sterling_kite_engine,SENSEX,delta1,14,0.75,14,2.0,7,3.0,three_red_signal,fast,48,20,451,37.5,0.97,-4.58,-0.15,17.89,1.0,-0.24,142,38.0,0.94,-4.34,-0.29,16.24,,,,,
sterling_kite_engine,SENSEX,options_atm,14,0.75,14,2.0,7,3.0,three_red_signal,fast,48,20,451,35.3,1.05,4.11,0.23,7.63,1.1,5.56,142,34.5,0.96,-1.45,-0.19,8.03,,,,,
sterling_kite_engine,SENSEX,delta1,14,0.75,14,2.0,7,3.0,three_red_signal,fast,none,25,259,35.5,0.93,-7.19,-0.38,23.66,0.82,-12.06,78,41.0,1.13,4.87,0.39,7.33,,,,,
sterling_kite_engine,SENSEX,options_atm,14,0.75,14,2.0,7,3.0,three_red_signal,fast,none,25,259,34.0,1.03,1.43,0.13,11.18,0.95,-1.79,78,39.7,1.18,3.22,0.5,3.76,,,,,
sterling_kite_engine,SENSEX,delta1,14,0.75,14,2.0,7,3.0,three_red_signal,fast,18,25,259,35.5,0.94,-6.27,-0.33,23.52,0.83,-11.41,78,41.0,1.14,5.13,0.41,7.31,,,,,
sterling_kite_engine,SENSEX,options_atm,14,0.75,14,2.0,7,3.0,three_red_signal,fast,18,25,259,34.0,1.05,2.41,0.22,11.12,0.96,-1.18,78,39.7,1.2,3.59,0.54,3.74,,,,,
sterling_kite_engine,SENSEX,delta1,14,0.75,14,2.0,7,3.0,three_red_signal,fast,30,25,259,35.5,0.93,-7.19,-0.38,23.66,0.82,-12.06,78,41.0,1.13,4.87,0.39,7.33,,,,,
sterling_kite_engine,SENSEX,options_atm,14,0.75,14,2.0,7,3.0,three_red_signal,fast,30,25,259,34.0,1.03,1.43,0.13,11.18,0.95,-1.79,78,39.7,1.18,3.22,0.5,3.76,,,,,
sterling_kite_engine,SENSEX,delta1,14,0.75,14,2.0,7,3.0,three_red_signal,fast,48,25,259,35.5,0.93,-7.19,-0.38,23.66,0.82,-12.06,78,41.0,1.13,4.87,0.39,7.33,,,,,
sterling_kite_engine,SENSEX,options_atm,14,0.75,14,2.0,7,3.0,three_red_signal,fast,48,25,259,34.0,1.03,1.43,0.13,11.18,0.95,-1.79,78,39.7,1.18,3.22,0.5,3.76,,,,,
sterling_kite_engine,SENSEX,delta1,14,0.75,14,2.0,7,3.0,three_red_signal,mid,none,none,465,37.2,1.1,30.15,0.56,16.55,1.17,30.19,137,40.9,1.0,-0.04,-0.0,18.69,,,,,
sterling_kite_engine,SENSEX,options_atm,14,0.75,14,2.0,7,3.0,three_red_signal,mid,none,none,465,31.0,1.09,14.12,0.45,11.25,1.2,19.22,137,34.3,0.91,-5.1,-0.41,13.24,,,,,
sterling_kite_engine,SENSEX,delta1,14,0.75,14,2.0,7,3.0,three_red_signal,mid,18,none,554,39.9,1.0,1.39,0.03,20.59,1.05,10.26,156,42.3,0.93,-8.86,-0.39,22.43,,,,,
sterling_kite_engine,SENSEX,options_atm,14,0.75,14,2.0,7,3.0,three_red_signal,mid,18,none,554,36.6,1.04,6.76,0.23,12.22,1.11,11.48,156,40.4,0.92,-4.72,-0.41,11.6,,,,,
sterling_kite_engine,SENSEX,delta1,14,0.75,14,2.0,7,3.0,three_red_signal,mid,30,none,499,37.3,1.04,14.04,0.25,17.21,1.06,11.15,147,40.8,1.02,2.89,0.11,17.76,,,,,
sterling_kite_engine,SENSEX,options_atm,14,0.75,14,2.0,7,3.0,three_red_signal,mid,30,none,499,32.1,1.08,12.67,0.38,10.79,1.11,11.13,147,35.4,1.03,1.54,0.11,10.73,,,,,
sterling_kite_engine,SENSEX,delta1,14,0.75,14,2.0,7,3.0,three_red_signal,mid,48,none,479,37.2,1.1,30.36,0.54,15.75,1.15,29.33,141,41.8,1.01,1.03,0.04,18.35,,,,,
sterling_kite_engine,SENSEX,options_atm,14,0.75,14,2.0,7,3.0,three_red_signal,mid,48,none,479,31.3,1.12,18.72,0.57,10.54,1.22,21.7,141,34.8,0.95,-2.98,-0.22,12.62,,,,,
sterling_kite_engine,SENSEX,delta1,14,0.75,14,2.0,7,3.0,three_red_signal,mid,none,15,442,38.0,1.14,38.94,0.75,13.77,1.24,40.42,133,40.6,0.99,-1.48,-0.06,17.7,,,,,
sterling_kite_engine,SENSEX,options_atm,14,0.75,14,2.0,7,3.0,three_red_signal,mid,none,15,442,31.4,1.13,18.42,0.61,11.1,1.27,24.17,133,33.8,0.9,-5.75,-0.47,12.67,,,,,
sterling_kite_engine,SENSEX,delta1,14,0.75,14,2.0,7,3.0,three_red_signal,mid,18,15,523,40.3,1.02,5.88,0.12,18.78,1.08,15.26,152,42.1,0.92,-9.37,-0.42,21.32,,,,,
sterling_kite_engine,SENSEX,options_atm,14,0.75,14,2.0,7,3.0,three_red_signal,mid,18,15,523,36.9,1.05,8.52,0.31,11.43,1.14,13.56,152,40.1,0.91,-5.04,-0.44,10.97,,,,,
sterling_kite_engine,SENSEX,delta1,14,0.75,14,2.0,7,3.0,three_red_signal,mid,30,15,475,38.1,1.09,27.98,0.52,14.0,1.15,26.58,143,40.6,1.01,1.4,0.05,16.78,,,,,
sterling_kite_engine,SENSEX,options_atm,14,0.75,14,2.0,7,3.0,three_red_signal,mid,30,15,475,32.6,1.13,20.34,0.63,10.64,1.21,19.65,143,35.0,1.01,0.69,0.05,10.17,,,,,
sterling_kite_engine,SENSEX,delta1,14,0.75,14,2.0,7,3.0,three_red_signal,mid,48,15,454,38.1,1.15,40.9,0.76,12.93,1.23,39.73,136,41.9,1.01,1.17,0.05,17.13,,,,,
sterling_kite_engine,SENSEX,options_atm,14,0.75,14,2.0,7,3.0,three_red_signal,mid,48,15,454,31.9,1.16,23.34,0.74,9.72,1.29,26.34,136,34.6,0.95,-2.99,-0.23,11.98,,,,,
sterling_kite_engine,SENSEX,delta1,14,0.75,14,2.0,7,3.0,three_red_signal,mid,none,20,338,37.0,1.01,3.04,0.08,19.18,1.12,15.05,106,39.6,0.87,-12.02,-0.55,21.79,,,,,
sterling_kite_engine,SENSEX,options_atm,14,0.75,14,2.0,7,3.0,three_red_signal,mid,none,20,338,30.2,0.99,-1.5,-0.07,12.93,1.12,8.09,106,31.1,0.8,-9.59,-0.86,13.22,,,,,
sterling_kite_engine,SENSEX,delta1,14,0.75,14,2.0,7,3.0,three_red_signal,mid,18,20,391,38.9,0.89,-26.37,-0.71,33.1,0.96,-5.9,121,43.0,0.79,-20.48,-1.03,29.99,,,,,
sterling_kite_engine,SENSEX,options_atm,14,0.75,14,2.0,7,3.0,three_red_signal,mid,18,20,391,35.3,0.92,-9.68,-0.49,18.08,1.01,1.03,121,40.5,0.78,-10.71,-1.11,15.67,,,,,
sterling_kite_engine,SENSEX,delta1,14,0.75,14,2.0,7,3.0,three_red_signal,mid,30,20,363,37.7,1.0,-0.85,-0.02,19.2,1.04,5.39,113,40.7,0.94,-6.23,-0.26,20.1,,,,,
sterling_kite_engine,SENSEX,options_atm,14,0.75,14,2.0,7,3.0,three_red_signal,mid,30,20,363,32.2,1.03,3.04,0.13,11.02,1.07,5.37,113,33.6,0.95,-2.33,-0.18,10.82,,,,,
sterling_kite_engine,SENSEX,delta1,14,0.75,14,2.0,7,3.0,three_red_signal,mid,48,20,344,37.5,1.06,12.83,0.32,18.19,1.17,22.79,108,40.7,0.89,-9.97,-0.44,21.85,,,,,
sterling_kite_engine,SENSEX,options_atm,14,0.75,14,2.0,7,3.0,three_red_signal,mid,48,20,344,31.7,1.06,7.42,0.33,11.45,1.22,14.68,108,32.4,0.84,-7.26,-0.61,13.04,,,,,
sterling_kite_engine,SENSEX,delta1,14,0.75,14,2.0,7,3.0,three_red_signal,mid,none,25,208,33.7,0.85,-22.12,-0.85,43.02,0.82,-16.13,64,37.5,0.9,-5.99,-0.34,19.21,,,,,
sterling_kite_engine,SENSEX,options_atm,14,0.75,14,2.0,7,3.0,three_red_signal,mid,none,25,208,26.0,0.84,-12.44,-0.86,26.43,0.85,-7.09,64,28.1,0.83,-5.35,-0.56,11.25,,,,,
sterling_kite_engine,SENSEX,delta1,14,0.75,14,2.0,7,3.0,three_red_signal,mid,18,25,232,36.6,0.78,-34.02,-1.48,39.17,0.77,-21.78,69,40.6,0.79,-12.25,-0.81,13.29,,,,,
sterling_kite_engine,SENSEX,options_atm,14,0.75,14,2.0,7,3.0,three_red_signal,mid,18,25,232,31.9,0.82,-13.83,-1.09,20.36,0.85,-7.19,69,37.7,0.77,-6.64,-0.86,6.89,,,,,
sterling_kite_engine,SENSEX,delta1,14,0.75,14,2.0,7,3.0,three_red_signal,mid,30,25,221,35.3,0.86,-20.58,-0.78,40.75,0.76,-22.58,69,40.6,1.04,2.0,0.1,12.68,,,,,
sterling_kite_engine,SENSEX,options_atm,14,0.75,14,2.0,7,3.0,three_red_signal,mid,30,25,221,29.0,0.89,-8.17,-0.53,24.02,0.8,-9.76,69,31.9,1.05,1.59,0.14,7.8,,,,,
sterling_kite_engine,SENSEX,delta1,14,0.75,14,2.0,7,3.0,three_red_signal,mid,48,25,212,34.4,0.93,-10.01,-0.36,34.61,0.94,-5.25,66,37.9,0.92,-4.77,-0.26,19.21,,,,,
sterling_kite_engine,SENSEX,options_atm,14,0.75,14,2.0,7,3.0,three_red_signal,mid,48,25,212,28.3,0.96,-2.91,-0.18,20.12,1.02,0.91,66,30.3,0.88,-3.82,-0.36,11.25,,,,,
sterling_kite_engine,SENSEX,delta1,14,1.0,14,2.0,7,3.0,one_red,fast,none,none,559,39.2,1.15,37.0,0.71,14.46,1.13,20.25,160,41.2,1.19,16.74,0.76,14.77,,,,,
sterling_kite_engine,SENSEX,options_atm,14,1.0,14,2.0,7,3.0,one_red,fast,none,none,559,35.1,1.25,30.72,0.91,9.69,1.26,20.45,160,38.1,1.23,10.28,0.83,8.05,,,,,
sterling_kite_engine,SENSEX,delta1,14,1.0,14,2.0,7,3.0,one_red,fast,18,none,560,39.5,1.07,17.27,0.39,16.85,1.05,8.05,160,41.9,1.1,9.22,0.46,16.06,,,,,
sterling_kite_engine,SENSEX,options_atm,14,1.0,14,2.0,7,3.0,one_red,fast,18,none,560,35.7,1.13,15.43,0.63,9.86,1.12,9.64,160,38.8,1.13,5.79,0.55,8.4,,,,,
sterling_kite_engine,SENSEX,delta1,14,1.0,14,2.0,7,3.0,one_red,fast,30,none,559,39.2,1.15,35.74,0.69,15.06,1.13,19.6,160,41.2,1.18,16.14,0.74,15.02,,,,,
sterling_kite_engine,SENSEX,options_atm,14,1.0,14,2.0,7,3.0,one_red,fast,30,none,559,35.1,1.25,30.43,0.91,9.71,1.26,19.92,160,38.1,1.24,10.51,0.85,8.11,,,,,
sterling_kite_engine,SENSEX,delta1,14,1.0,14,2.0,7,3.0,one_red,fast,48,none,559,39.2,1.15,37.28,0.71,14.25,1.13,20.25,160,41.2,1.19,17.03,0.77,14.74,,,,,
sterling_kite_engine,SENSEX,options_atm,14,1.0,14,2.0,7,3.0,one_red,fast,48,none,559,35.1,1.25,30.99,0.92,9.49,1.26,20.45,160,38.1,1.24,10.54,0.85,8.03,,,,,
sterling_kite_engine,SENSEX,delta1,14,1.0,14,2.0,7,3.0,one_red,fast,none,15,524,38.9,1.15,33.55,0.68,17.06,1.12,16.82,152,41.4,1.2,16.73,0.77,13.46,,,,,
sterling_kite_engine,SENSEX,options_atm,14,1.0,14,2.0,7,3.0,one_red,fast,none,15,524,34.7,1.25,28.87,0.9,10.83,1.26,18.68,152,38.2,1.24,10.19,0.83,7.36,,,,,
sterling_kite_engine,SENSEX,delta1,14,1.0,14,2.0,7,3.0,one_red,fast,18,15,525,39.2,1.07,16.3,0.39,17.16,1.03,4.43,152,42.1,1.14,11.86,0.6,14.31,,,,,
sterling_kite_engine,SENSEX,options_atm,14,1.0,14,2.0,7,3.0,one_red,fast,18,15,525,35.4,1.13,14.86,0.64,9.85,1.11,7.67,152,38.8,1.17,7.19,0.69,7.57,,,,,
sterling_kite_engine,SENSEX,delta1,14,1.0,14,2.0,7,3.0,one_red,fast,30,15,524,38.9,1.14,32.23,0.65,17.36,1.11,16.16,152,41.4,1.19,16.07,0.75,13.69,,,,,
sterling_kite_engine,SENSEX,options_atm,14,1.0,14,2.0,7,3.0,one_red,fast,30,15,524,34.7,1.25,28.38,0.89,11.01,1.25,18.16,152,38.2,1.24,10.23,0.84,7.44,,,,,
sterling_kite_engine,SENSEX,delta1,14,1.0,14,2.0,7,3.0,one_red,fast,48,15,524,38.9,1.15,33.84,0.68,17.06,1.12,16.82,152,41.4,1.2,17.02,0.78,13.43,,,,,
sterling_kite_engine,SENSEX,options_atm,14,1.0,14,2.0,7,3.0,one_red,fast,48,15,524,34.7,1.25,29.14,0.9,10.62,1.26,18.68,152,38.2,1.25,10.46,0.85,7.35,,,,,
sterling_kite_engine,SENSEX,delta1,14,1.0,14,2.0,7,3.0,one_red,fast,none,20,369,34.7,1.05,9.03,0.25,16.83,1.09,9.84,116,38.8,0.99,-0.8,-0.05,18.23,,,,,
sterling_kite_engine,SENSEX,options_atm,14,1.0,14,2.0,7,3.0,one_red,fast,none,20,369,30.6,1.18,15.39,0.62,9.11,1.3,15.69,116,34.5,0.99,-0.3,-0.03,9.66,,,,,
sterling_kite_engine,SENSEX,delta1,14,1.0,14,2.0,7,3.0,one_red,fast,18,20,369,35.0,0.97,-5.77,-0.19,19.03,0.96,-4.56,116,39.7,0.98,-1.21,-0.07,18.3,,,,,
sterling_kite_engine,SENSEX,options_atm,14,1.0,14,2.0,7,3.0,one_red,fast,18,20,369,30.9,1.02,1.91,0.12,8.95,1.05,2.82,116,35.3,0.97,-0.91,-0.11,9.19,,,,,
sterling_kite_engine,SENSEX,delta1,14,1.0,14,2.0,7,3.0,one_red,fast,30,20,369,34.7,1.05,7.8,0.22,16.99,1.08,8.38,116,38.8,0.99,-0.58,-0.03,18.2,,,,,
sterling_kite_engine,SENSEX,options_atm,14,1.0,14,2.0,7,3.0,one_red,fast,30,20,369,30.6,1.17,14.42,0.59,9.17,1.27,14.5,116,34.5,1.0,-0.08,-0.01,9.2,,,,,
sterling_kite_engine,SENSEX,delta1,14,1.0,14,2.0,7,3.0,one_red,fast,48,20,369,34.7,1.05,9.03,0.25,16.83,1.09,9.84,116,38.8,0.99,-0.8,-0.05,18.23,,,,,
sterling_kite_engine,SENSEX,options_atm,14,1.0,14,2.0,7,3.0,one_red,fast,48,20,369,30.6,1.18,15.39,0.62,9.11,1.3,15.69,116,34.5,0.99,-0.3,-0.03,9.66,,,,,
sterling_kite_engine,SENSEX,delta1,14,1.0,14,2.0,7,3.0,one_red,fast,none,25,207,31.4,0.82,-18.64,-0.95,32.31,0.72,-18.89,63,38.1,1.01,0.25,0.02,11.18,,,,,
sterling_kite_engine,SENSEX,options_atm,14,1.0,14,2.0,7,3.0,one_red,fast,none,25,207,28.0,0.89,-5.63,-0.48,16.38,0.81,-6.22,63,33.3,1.03,0.58,0.07,5.77,,,,,
sterling_kite_engine,SENSEX,delta1,14,1.0,14,2.0,7,3.0,one_red,fast,18,25,207,31.9,0.81,-19.66,-1.05,30.5,0.72,-18.69,63,39.7,0.97,-0.96,-0.08,11.3,,,,,
sterling_kite_engine,SENSEX,options_atm,14,1.0,14,2.0,7,3.0,one_red,fast,18,25,207,29.0,0.88,-6.12,-0.57,15.09,0.83,-5.47,63,36.5,0.97,-0.64,-0.09,5.84,,,,,
sterling_kite_engine,SENSEX,delta1,14,1.0,14,2.0,7,3.0,one_red,fast,30,25,207,31.4,0.81,-19.88,-1.03,32.76,0.7,-20.36,63,38.1,1.01,0.48,0.03,11.15,,,,,
sterling_kite_engine,SENSEX,options_atm,14,1.0,14,2.0,7,3.0,one_red,fast,30,25,207,28.0,0.88,-6.63,-0.59,16.57,0.77,-7.44,63,33.3,1.04,0.81,0.09,5.76,,,,,
sterling_kite_engine,SENSEX,delta1,14,1.0,14,2.0,7,3.0,one_red,fast,48,25,207,31.4,0.82,-18.64,-0.95,32.31,0.72,-18.89,63,38.1,1.01,0.25,0.02,11.18,,,,,
sterling_kite_engine,SENSEX,options_atm,14,1.0,14,2.0,7,3.0,one_red,fast,48,25,207,28.0,0.89,-5.63,-0.48,16.38,0.81,-6.22,63,33.3,1.03,0.58,0.07,5.77,,,,,
sterling_kite_engine,SENSEX,delta1,14,1.0,14,2.0,7,3.0,one_red,mid,none,none,551,37.0,1.16,45.33,0.8,13.91,1.23,41.67,158,40.5,1.03,3.67,0.16,18.63,,,,,
sterling_kite_engine,SENSEX,options_atm,14,1.0,14,2.0,7,3.0,one_red,mid,none,none,551,32.7,1.19,28.3,0.86,9.96,1.31,29.02,158,32.9,0.99,-0.73,-0.06,11.39,,,,,
sterling_kite_engine,SENSEX,delta1,14,1.0,14,2.0,7,3.0,one_red,mid,18,none,556,38.8,1.05,13.54,0.27,16.01,1.05,8.95,159,40.9,1.04,4.59,0.2,16.65,,,,,
sterling_kite_engine,SENSEX,options_atm,14,1.0,14,2.0,7,3.0,one_red,mid,18,none,556,35.1,1.09,12.42,0.45,10.87,1.1,9.35,159,34.6,1.06,3.07,0.25,8.99,,,,,
sterling_kite_engine,SENSEX,delta1,14,1.0,14,2.0,7,3.0,one_red,mid,30,none,552,37.1,1.12,34.2,0.62,15.2,1.17,31.25,159,40.3,1.03,2.95,0.12,18.98,,,,,
sterling_kite_engine,SENSEX,options_atm,14,1.0,14,2.0,7,3.0,one_red,mid,30,none,552,32.8,1.17,24.6,0.76,12.09,1.25,23.54,159,32.7,1.02,1.06,0.08,10.87,,,,,
sterling_kite_engine,SENSEX,delta1,14,1.0,14,2.0,7,3.0,one_red,mid,48,none,552,37.0,1.16,46.98,0.82,13.73,1.23,42.82,159,40.3,1.04,4.16,0.17,18.48,,,,,
sterling_kite_engine,SENSEX,options_atm,14,1.0,14,2.0,7,3.0,one_red,mid,48,none,552,32.6,1.21,31.39,0.94,10.06,1.32,30.5,159,32.7,1.02,0.89,0.07,11.33,,,,,
sterling_kite_engine,SENSEX,delta1,14,1.0,14,2.0,7,3.0,one_red,mid,none,15,519,37.6,1.17,47.51,0.88,12.63,1.26,44.48,150,40.7,1.03,3.03,0.13,17.3,,,,,
sterling_kite_engine,SENSEX,options_atm,14,1.0,14,2.0,7,3.0,one_red,mid,none,15,519,32.9,1.21,29.79,0.95,9.56,1.35,30.9,150,32.7,0.98,-1.11,-0.09,10.75,,,,,
sterling_kite_engine,SENSEX,delta1,14,1.0,14,2.0,7,3.0,one_red,mid,18,15,521,39.0,1.05,12.53,0.27,16.74,1.04,6.99,151,41.1,1.05,5.54,0.25,15.02,,,,,
sterling_kite_engine,SENSEX,options_atm,14,1.0,14,2.0,7,3.0,one_red,mid,18,15,521,34.9,1.09,11.75,0.45,10.93,1.1,8.29,151,34.4,1.07,3.46,0.29,8.17,,,,,
sterling_kite_engine,SENSEX,delta1,14,1.0,14,2.0,7,3.0,one_red,mid,30,15,520,37.7,1.14,38.86,0.73,14.13,1.21,36.61,151,40.4,1.02,2.25,0.1,17.61,,,,,
sterling_kite_engine,SENSEX,options_atm,14,1.0,14,2.0,7,3.0,one_red,mid,30,15,520,33.1,1.2,27.65,0.89,11.53,1.31,27.17,151,32.5,1.01,0.48,0.04,10.14,,,,,
sterling_kite_engine,SENSEX,delta1,14,1.0,14,2.0,7,3.0,one_red,mid,48,15,520,37.5,1.17,48.08,0.88,12.56,1.26,44.55,151,40.4,1.03,3.53,0.15,17.16,,,,,
sterling_kite_engine,SENSEX,options_atm,14,1.0,14,2.0,7,3.0,one_red,mid,48,15,520,32.9,1.23,31.91,1.0,9.74,1.35,31.41,151,32.5,1.01,0.51,0.04,10.69,,,,,
sterling_kite_engine,SENSEX,delta1,14,1.0,14,2.0,7,3.0,one_red,mid,none,20,367,33.8,1.01,1.84,0.05,22.48,1.13,15.94,115,38.3,0.83,-14.1,-0.75,25.63,,,,,
sterling_kite_engine,SENSEX,options_atm,14,1.0,14,2.0,7,3.0,one_red,mid,none,20,367,29.7,1.06,5.87,0.26,13.51,1.24,15.66,115,29.6,0.77,-9.79,-0.97,15.51,,,,,
sterling_kite_engine,SENSEX,delta1,14,1.0,14,2.0,7,3.0,one_red,mid,18,20,367,35.1,0.9,-20.12,-0.6,27.01,0.92,-10.39,115,40.0,0.88,-9.73,-0.52,23.47,,,,,
sterling_kite_engine,SENSEX,options_atm,14,1.0,14,2.0,7,3.0,one_red,mid,18,20,367,31.1,0.94,-6.27,-0.34,14.1,0.99,-0.76,115,32.2,0.87,-5.52,-0.55,13.21,,,,,
sterling_kite_engine,SENSEX,delta1,14,1.0,14,2.0,7,3.0,one_red,mid,30,20,367,34.1,0.97,-5.9,-0.16,23.33,1.07,8.93,115,38.3,0.82,-14.83,-0.78,25.18,,,,,
sterling_kite_engine,SENSEX,options_atm,14,1.0,14,2.0,7,3.0,one_red,mid,30,20,367,30.0,1.02,2.39,0.11,13.82,1.18,11.61,115,29.6,0.78,-9.22,-0.87,14.54,,,,,
sterling_kite_engine,SENSEX,delta1,14,1.0,14,2.0,7,3.0,one_red,mid,48,20,367,33.8,1.02,3.66,0.09,22.44,1.13,15.99,115,38.3,0.85,-12.32,-0.63,25.53,,,,,
sterling_kite_engine,SENSEX,options_atm,14,1.0,14,2.0,7,3.0,one_red,mid,48,20,367,29.7,1.08,8.21,0.36,13.35,1.25,16.09,115,29.6,0.81,-7.88,-0.71,15.33,,,,,
sterling_kite_engine,SENSEX,delta1,14,1.0,14,2.0,7,3.0,one_red,mid,none,25,207,30.0,0.84,-20.79,-0.88,33.84,0.84,-12.49,63,36.5,0.84,-8.31,-0.52,14.42,,,,,
sterling_kite_engine,SENSEX,options_atm,14,1.0,14,2.0,7,3.0,one_red,mid,none,25,207,26.1,0.9,-6.82,-0.5,18.64,0.95,-1.8,63,27.0,0.81,-5.02,-0.57,8.36,,,,,
sterling_kite_engine,SENSEX,delta1,14,1.0,14,2.0,7,3.0,one_red,mid,18,25,207,32.9,0.79,-26.67,-1.21,33.55,0.75,-19.75,63,39.7,0.86,-6.92,-0.45,13.93,,,,,
sterling_kite_engine,SENSEX,options_atm,14,1.0,14,2.0,7,3.0,one_red,mid,18,25,207,29.0,0.87,-8.28,-0.65,16.54,0.86,-5.26,63,31.7,0.88,-3.02,-0.35,7.17,,,,,
sterling_kite_engine,SENSEX,delta1,14,1.0,14,2.0,7,3.0,one_red,mid,30,25,207,30.4,0.81,-24.54,-1.07,35.51,0.78,-17.8,63,36.5,0.87,-6.74,-0.41,14.42,,,,,
sterling_kite_engine,SENSEX,options_atm,14,1.0,14,2.0,7,3.0,one_red,mid,30,25,207,26.6,0.87,-8.52,-0.64,18.9,0.86,-5.39,63,27.0,0.88,-3.13,-0.33,8.36,,,,,
sterling_kite_engine,SENSEX,delta1,14,1.0,14,2.0,7,3.0,one_red,mid,48,25,207,30.0,0.86,-18.44,-0.76,32.92,0.86,-11.35,63,36.5,0.86,-7.09,-0.43,14.42,,,,,
sterling_kite_engine,SENSEX,options_atm,14,1.0,14,2.0,7,3.0,one_red,mid,48,25,207,26.1,0.94,-4.22,-0.29,17.84,0.98,-0.66,63,27.0,0.86,-3.56,-0.36,8.36,,,,,
sterling_kite_engine,SENSEX,delta1,14,1.0,14,2.0,7,3.0,two_red,fast,none,none,559,39.2,1.15,37.0,0.71,14.46,1.13,20.25,160,41.2,1.19,16.74,0.76,14.77,,,,,
sterling_kite_engine,SENSEX,options_atm,14,1.0,14,2.0,7,3.0,two_red,fast,none,none,559,35.1,1.25,30.72,0.91,9.69,1.26,20.45,160,38.1,1.23,10.28,0.83,8.05,,,,,
sterling_kite_engine,SENSEX,delta1,14,1.0,14,2.0,7,3.0,two_red,fast,18,none,560,39.5,1.07,17.27,0.39,16.85,1.05,8.05,160,41.9,1.1,9.22,0.46,16.06,,,,,
sterling_kite_engine,SENSEX,options_atm,14,1.0,14,2.0,7,3.0,two_red,fast,18,none,560,35.7,1.13,15.43,0.63,9.86,1.12,9.64,160,38.8,1.13,5.79,0.55,8.4,,,,,
sterling_kite_engine,SENSEX,delta1,14,1.0,14,2.0,7,3.0,two_red,fast,30,none,559,39.2,1.15,35.74,0.69,15.06,1.13,19.6,160,41.2,1.18,16.14,0.74,15.02,,,,,
sterling_kite_engine,SENSEX,options_atm,14,1.0,14,2.0,7,3.0,two_red,fast,30,none,559,35.1,1.25,30.43,0.91,9.71,1.26,19.92,160,38.1,1.24,10.51,0.85,8.11,,,,,
sterling_kite_engine,SENSEX,delta1,14,1.0,14,2.0,7,3.0,two_red,fast,48,none,559,39.2,1.15,37.28,0.71,14.25,1.13,20.25,160,41.2,1.19,17.03,0.77,14.74,,,,,
sterling_kite_engine,SENSEX,options_atm,14,1.0,14,2.0,7,3.0,two_red,fast,48,none,559,35.1,1.25,30.99,0.92,9.49,1.26,20.45,160,38.1,1.24,10.54,0.85,8.03,,,,,
sterling_kite_engine,SENSEX,delta1,14,1.0,14,2.0,7,3.0,two_red,fast,none,15,524,38.9,1.15,33.55,0.68,17.06,1.12,16.82,152,41.4,1.2,16.73,0.77,13.46,,,,,
sterling_kite_engine,SENSEX,options_atm,14,1.0,14,2.0,7,3.0,two_red,fast,none,15,524,34.7,1.25,28.87,0.9,10.83,1.26,18.68,152,38.2,1.24,10.19,0.83,7.36,,,,,
sterling_kite_engine,SENSEX,delta1,14,1.0,14,2.0,7,3.0,two_red,fast,18,15,525,39.2,1.07,16.3,0.39,17.16,1.03,4.43,152,42.1,1.14,11.86,0.6,14.31,,,,,
sterling_kite_engine,SENSEX,options_atm,14,1.0,14,2.0,7,3.0,two_red,fast,18,15,525,35.4,1.13,14.86,0.64,9.85,1.11,7.67,152,38.8,1.17,7.19,0.69,7.57,,,,,
sterling_kite_engine,SENSEX,delta1,14,1.0,14,2.0,7,3.0,two_red,fast,30,15,524,38.9,1.14,32.23,0.65,17.36,1.11,16.16,152,41.4,1.19,16.07,0.75,13.69,,,,,
sterling_kite_engine,SENSEX,options_atm,14,1.0,14,2.0,7,3.0,two_red,fast,30,15,524,34.7,1.25,28.38,0.89,11.01,1.25,18.16,152,38.2,1.24,10.23,0.84,7.44,,,,,
sterling_kite_engine,SENSEX,delta1,14,1.0,14,2.0,7,3.0,two_red,fast,48,15,524,38.9,1.15,33.84,0.68,17.06,1.12,16.82,152,41.4,1.2,17.02,0.78,13.43,,,,,
sterling_kite_engine,SENSEX,options_atm,14,1.0,14,2.0,7,3.0,two_red,fast,48,15,524,34.7,1.25,29.14,0.9,10.62,1.26,18.68,152,38.2,1.25,10.46,0.85,7.35,,,,,
sterling_kite_engine,SENSEX,delta1,14,1.0,14,2.0,7,3.0,two_red,fast,none,20,369,34.7,1.05,9.03,0.25,16.83,1.09,9.84,116,38.8,0.99,-0.8,-0.05,18.23,,,,,
sterling_kite_engine,SENSEX,options_atm,14,1.0,14,2.0,7,3.0,two_red,fast,none,20,369,30.6,1.18,15.39,0.62,9.11,1.3,15.69,116,34.5,0.99,-0.3,-0.03,9.66,,,,,
sterling_kite_engine,SENSEX,delta1,14,1.0,14,2.0,7,3.0,two_red,fast,18,20,369,35.0,0.97,-5.77,-0.19,19.03,0.96,-4.56,116,39.7,0.98,-1.21,-0.07,18.3,,,,,
sterling_kite_engine,SENSEX,options_atm,14,1.0,14,2.0,7,3.0,two_red,fast,18,20,369,30.9,1.02,1.91,0.12,8.95,1.05,2.82,116,35.3,0.97,-0.91,-0.11,9.19,,,,,
sterling_kite_engine,SENSEX,delta1,14,1.0,14,2.0,7,3.0,two_red,fast,30,20,369,34.7,1.05,7.8,0.22,16.99,1.08,8.38,116,38.8,0.99,-0.58,-0.03,18.2,,,,,
sterling_kite_engine,SENSEX,options_atm,14,1.0,14,2.0,7,3.0,two_red,fast,30,20,369,30.6,1.17,14.42,0.59,9.17,1.27,14.5,116,34.5,1.0,-0.08,-0.01,9.2,,,,,
sterling_kite_engine,SENSEX,delta1,14,1.0,14,2.0,7,3.0,two_red,fast,48,20,369,34.7,1.05,9.03,0.25,16.83,1.09,9.84,116,38.8,0.99,-0.8,-0.05,18.23,,,,,
sterling_kite_engine,SENSEX,options_atm,14,1.0,14,2.0,7,3.0,two_red,fast,48,20,369,30.6,1.18,15.39,0.62,9.11,1.3,15.69,116,34.5,0.99,-0.3,-0.03,9.66,,,,,
sterling_kite_engine,SENSEX,delta1,14,1.0,14,2.0,7,3.0,two_red,fast,none,25,207,31.4,0.82,-18.64,-0.95,32.31,0.72,-18.89,63,38.1,1.01,0.25,0.02,11.18,,,,,
sterling_kite_engine,SENSEX,options_atm,14,1.0,14,2.0,7,3.0,two_red,fast,none,25,207,28.0,0.89,-5.63,-0.48,16.38,0.81,-6.22,63,33.3,1.03,0.58,0.07,5.77,,,,,
sterling_kite_engine,SENSEX,delta1,14,1.0,14,2.0,7,3.0,two_red,fast,18,25,207,31.9,0.81,-19.66,-1.05,30.5,0.72,-18.69,63,39.7,0.97,-0.96,-0.08,11.3,,,,,
sterling_kite_engine,SENSEX,options_atm,14,1.0,14,2.0,7,3.0,two_red,fast,18,25,207,29.0,0.88,-6.12,-0.57,15.09,0.83,-5.47,63,36.5,0.97,-0.64,-0.09,5.84,,,,,
sterling_kite_engine,SENSEX,delta1,14,1.0,14,2.0,7,3.0,two_red,fast,30,25,207,31.4,0.81,-19.88,-1.03,32.76,0.7,-20.36,63,38.1,1.01,0.48,0.03,11.15,,,,,
sterling_kite_engine,SENSEX,options_atm,14,1.0,14,2.0,7,3.0,two_red,fast,30,25,207,28.0,0.88,-6.63,-0.59,16.57,0.77,-7.44,63,33.3,1.04,0.81,0.09,5.76,,,,,
sterling_kite_engine,SENSEX,delta1,14,1.0,14,2.0,7,3.0,two_red,fast,48,25,207,31.4,0.82,-18.64,-0.95,32.31,0.72,-18.89,63,38.1,1.01,0.25,0.02,11.18,,,,,
sterling_kite_engine,SENSEX,options_atm,14,1.0,14,2.0,7,3.0,two_red,fast,48,25,207,28.0,0.89,-5.63,-0.48,16.38,0.81,-6.22,63,33.3,1.03,0.58,0.07,5.77,,,,,
sterling_kite_engine,SENSEX,delta1,14,1.0,14,2.0,7,3.0,two_red,mid,none,none,449,37.2,1.07,19.58,0.38,19.76,1.14,25.75,133,41.4,0.94,-6.17,-0.26,23.95,,,,,
sterling_kite_engine,SENSEX,options_atm,14,1.0,14,2.0,7,3.0,two_red,mid,none,none,449,31.4,1.06,8.55,0.29,13.93,1.17,16.45,133,34.6,0.86,-7.9,-0.64,16.03,,,,,
sterling_kite_engine,SENSEX,delta1,14,1.0,14,2.0,7,3.0,two_red,mid,18,none,499,40.7,0.99,-3.83,-0.08,22.66,1.04,6.69,143,44.1,0.91,-10.53,-0.48,23.98,,,,,
sterling_kite_engine,SENSEX,options_atm,14,1.0,14,2.0,7,3.0,two_red,mid,18,none,499,37.7,1.02,3.36,0.13,11.52,1.09,8.57,143,42.0,0.91,-5.2,-0.47,12.36,,,,,
sterling_kite_engine,SENSEX,delta1,14,1.0,14,2.0,7,3.0,two_red,mid,30,none,472,37.5,1.03,9.1,0.17,18.23,1.05,9.02,137,41.6,1.0,0.07,0.0,19.57,,,,,
sterling_kite_engine,SENSEX,options_atm,14,1.0,14,2.0,7,3.0,two_red,mid,30,none,472,32.6,1.07,10.46,0.34,10.86,1.1,10.0,137,35.8,1.01,0.46,0.03,11.6,,,,,
sterling_kite_engine,SENSEX,delta1,14,1.0,14,2.0,7,3.0,two_red,mid,48,none,457,37.0,1.08,25.02,0.47,18.21,1.16,30.08,135,41.5,0.96,-5.06,-0.2,22.73,,,,,
sterling_kite_engine,SENSEX,options_atm,14,1.0,14,2.0,7,3.0,two_red,mid,48,none,457,31.9,1.11,16.79,0.54,12.26,1.23,21.98,135,34.8,0.91,-5.2,-0.39,14.7,,,,,
sterling_kite_engine,SENSEX,delta1,14,1.0,14,2.0,7,3.0,two_red,mid,none,15,427,37.9,1.1,26.62,0.53,17.93,1.21,34.23,129,41.1,0.93,-7.6,-0.32,23.11,,,,,
sterling_kite_engine,SENSEX,options_atm,14,1.0,14,2.0,7,3.0,two_red,mid,none,15,427,31.9,1.08,12.0,0.42,13.02,1.23,20.55,129,34.1,0.84,-8.55,-0.71,15.5,,,,,
sterling_kite_engine,SENSEX,delta1,14,1.0,14,2.0,7,3.0,two_red,mid,18,15,471,41.0,0.99,-3.17,-0.07,21.41,1.05,7.87,139,43.9,0.9,-11.04,-0.51,22.9,,,,,
sterling_kite_engine,SENSEX,options_atm,14,1.0,14,2.0,7,3.0,two_red,mid,18,15,471,37.8,1.02,3.26,0.13,11.6,1.1,8.79,139,41.7,0.9,-5.53,-0.5,11.73,,,,,
sterling_kite_engine,SENSEX,delta1,14,1.0,14,2.0,7,3.0,two_red,mid,30,15,450,38.2,1.07,20.53,0.4,15.74,1.12,21.95,133,41.4,0.99,-1.42,-0.06,18.63,,,,,
sterling_kite_engine,SENSEX,options_atm,14,1.0,14,2.0,7,3.0,two_red,mid,30,15,450,33.1,1.11,16.89,0.56,9.94,1.19,17.28,133,35.3,0.99,-0.39,-0.03,11.06,,,,,
sterling_kite_engine,SENSEX,delta1,14,1.0,14,2.0,7,3.0,two_red,mid,48,15,434,37.8,1.12,32.55,0.63,16.42,1.22,37.47,130,41.5,0.95,-4.92,-0.2,21.57,,,,,
sterling_kite_engine,SENSEX,options_atm,14,1.0,14,2.0,7,3.0,two_red,mid,48,15,434,32.5,1.14,19.9,0.67,11.46,1.28,25.11,130,34.6,0.9,-5.21,-0.4,14.08,,,,,
sterling_kite_engine,SENSEX,delta1,14,1.0,14,2.0,7,3.0,two_red,mid,none,20,315,36.8,1.03,6.94,0.19,20.58,1.14,17.46,101,40.6,0.88,-10.53,-0.51,23.69,,,,,
sterling_kite_engine,SENSEX,options_atm,14,1.0,14,2.0,7,3.0,two_red,mid,none,20,315,30.5,1.03,3.47,0.16,14.59,1.2,12.98,101,31.7,0.79,-9.51,-0.88,13.87,,,,,
sterling_kite_engine,SENSEX,delta1,14,1.0,14,2.0,7,3.0,two_red,mid,18,20,343,39.1,0.91,-18.68,-0.57,28.01,0.97,-3.86,107,44.9,0.83,-14.83,-0.81,25.82,,,,,
sterling_kite_engine,SENSEX,options_atm,14,1.0,14,2.0,7,3.0,two_red,mid,18,20,343,35.9,0.94,-5.99,-0.33,16.11,1.04,2.49,107,42.1,0.8,-8.48,-0.93,14.46,,,,,
sterling_kite_engine,SENSEX,delta1,14,1.0,14,2.0,7,3.0,two_red,mid,30,20,330,38.2,1.04,8.57,0.22,18.78,1.06,8.08,102,43.1,1.01,0.48,0.02,20.0,,,,,
sterling_kite_engine,SENSEX,options_atm,14,1.0,14,2.0,7,3.0,two_red,mid,30,20,330,32.7,1.1,11.31,0.49,10.86,1.16,10.78,102,35.3,1.01,0.53,0.04,10.12,,,,,
sterling_kite_engine,SENSEX,delta1,14,1.0,14,2.0,7,3.0,two_red,mid,48,20,319,37.0,1.08,17.23,0.44,19.1,1.19,23.97,101,41.6,0.92,-6.74,-0.31,22.94,,,,,
sterling_kite_engine,SENSEX,options_atm,14,1.0,14,2.0,7,3.0,two_red,mid,48,20,319,32.0,1.12,13.0,0.57,10.6,1.29,18.98,101,33.7,0.86,-5.98,-0.51,12.48,,,,,
sterling_kite_engine,SENSEX,delta1,14,1.0,14,2.0,7,3.0,two_red,mid,none,25,185,31.4,0.77,-32.68,-1.29,49.46,0.72,-24.59,58,36.2,0.85,-8.09,-0.47,19.15,,,,,
sterling_kite_engine,SENSEX,options_atm,14,1.0,14,2.0,7,3.0,two_red,mid,none,25,185,24.9,0.79,-15.44,-1.09,27.44,0.78,-9.73,58,27.6,0.8,-5.71,-0.61,10.51,,,,,
sterling_kite_engine,SENSEX,delta1,14,1.0,14,2.0,7,3.0,two_red,mid,18,25,196,34.7,0.71,-41.09,-1.87,44.69,0.7,-26.18,59,40.7,0.72,-14.91,-1.04,15.1,,,,,
sterling_kite_engine,SENSEX,options_atm,14,1.0,14,2.0,7,3.0,two_red,mid,18,25,196,30.6,0.77,-15.92,-1.31,21.61,0.8,-8.42,59,37.3,0.71,-7.5,-1.03,7.43,,,,,
sterling_kite_engine,SENSEX,delta1,14,1.0,14,2.0,7,3.0,two_red,mid,30,25,192,33.3,0.81,-26.61,-1.03,44.28,0.7,-27.73,59,39.0,1.02,1.12,0.06,12.9,,,,,
sterling_kite_engine,SENSEX,options_atm,14,1.0,14,2.0,7,3.0,two_red,mid,30,25,192,27.6,0.88,-8.61,-0.58,23.54,0.76,-10.58,59,30.5,1.07,1.96,0.17,7.44,,,,,
sterling_kite_engine,SENSEX,delta1,14,1.0,14,2.0,7,3.0,two_red,mid,48,25,187,31.6,0.85,-22.15,-0.82,41.11,0.83,-14.89,58,36.2,0.87,-7.26,-0.41,19.15,,,,,
sterling_kite_engine,SENSEX,options_atm,14,1.0,14,2.0,7,3.0,two_red,mid,48,25,187,26.7,0.91,-6.58,-0.42,21.23,0.95,-2.31,58,29.3,0.85,-4.27,-0.41,10.51,,,,,
sterling_kite_engine,SENSEX,delta1,14,1.0,14,2.0,7,3.0,three_red,fast,none,none,559,39.2,1.15,37.0,0.71,14.46,1.13,20.25,160,41.2,1.19,16.74,0.76,14.77,,,,,
sterling_kite_engine,SENSEX,options_atm,14,1.0,14,2.0,7,3.0,three_red,fast,none,none,559,35.1,1.25,30.72,0.91,9.69,1.26,20.45,160,38.1,1.23,10.28,0.83,8.05,,,,,
sterling_kite_engine,SENSEX,delta1,14,1.0,14,2.0,7,3.0,three_red,fast,18,none,560,39.5,1.07,17.27,0.39,16.85,1.05,8.05,160,41.9,1.1,9.22,0.46,16.06,,,,,
sterling_kite_engine,SENSEX,options_atm,14,1.0,14,2.0,7,3.0,three_red,fast,18,none,560,35.7,1.13,15.43,0.63,9.86,1.12,9.64,160,38.8,1.13,5.79,0.55,8.4,,,,,
sterling_kite_engine,SENSEX,delta1,14,1.0,14,2.0,7,3.0,three_red,fast,30,none,559,39.2,1.15,35.74,0.69,15.06,1.13,19.6,160,41.2,1.18,16.14,0.74,15.02,,,,,
sterling_kite_engine,SENSEX,options_atm,14,1.0,14,2.0,7,3.0,three_red,fast,30,none,559,35.1,1.25,30.43,0.91,9.71,1.26,19.92,160,38.1,1.24,10.51,0.85,8.11,,,,,
sterling_kite_engine,SENSEX,delta1,14,1.0,14,2.0,7,3.0,three_red,fast,48,none,559,39.2,1.15,37.28,0.71,14.25,1.13,20.25,160,41.2,1.19,17.03,0.77,14.74,,,,,
sterling_kite_engine,SENSEX,options_atm,14,1.0,14,2.0,7,3.0,three_red,fast,48,none,559,35.1,1.25,30.99,0.92,9.49,1.26,20.45,160,38.1,1.24,10.54,0.85,8.03,,,,,
sterling_kite_engine,SENSEX,delta1,14,1.0,14,2.0,7,3.0,three_red,fast,none,15,524,38.9,1.15,33.55,0.68,17.06,1.12,16.82,152,41.4,1.2,16.73,0.77,13.46,,,,,
sterling_kite_engine,SENSEX,options_atm,14,1.0,14,2.0,7,3.0,three_red,fast,none,15,524,34.7,1.25,28.87,0.9,10.83,1.26,18.68,152,38.2,1.24,10.19,0.83,7.36,,,,,
sterling_kite_engine,SENSEX,delta1,14,1.0,14,2.0,7,3.0,three_red,fast,18,15,525,39.2,1.07,16.3,0.39,17.16,1.03,4.43,152,42.1,1.14,11.86,0.6,14.31,,,,,
sterling_kite_engine,SENSEX,options_atm,14,1.0,14,2.0,7,3.0,three_red,fast,18,15,525,35.4,1.13,14.86,0.64,9.85,1.11,7.67,152,38.8,1.17,7.19,0.69,7.57,,,,,
sterling_kite_engine,SENSEX,delta1,14,1.0,14,2.0,7,3.0,three_red,fast,30,15,524,38.9,1.14,32.23,0.65,17.36,1.11,16.16,152,41.4,1.19,16.07,0.75,13.69,,,,,
sterling_kite_engine,SENSEX,options_atm,14,1.0,14,2.0,7,3.0,three_red,fast,30,15,524,34.7,1.25,28.38,0.89,11.01,1.25,18.16,152,38.2,1.24,10.23,0.84,7.44,,,,,
sterling_kite_engine,SENSEX,delta1,14,1.0,14,2.0,7,3.0,three_red,fast,48,15,524,38.9,1.15,33.84,0.68,17.06,1.12,16.82,152,41.4,1.2,17.02,0.78,13.43,,,,,
sterling_kite_engine,SENSEX,options_atm,14,1.0,14,2.0,7,3.0,three_red,fast,48,15,524,34.7,1.25,29.14,0.9,10.62,1.26,18.68,152,38.2,1.25,10.46,0.85,7.35,,,,,
sterling_kite_engine,SENSEX,delta1,14,1.0,14,2.0,7,3.0,three_red,fast,none,20,369,34.7,1.05,9.03,0.25,16.83,1.09,9.84,116,38.8,0.99,-0.8,-0.05,18.23,,,,,
sterling_kite_engine,SENSEX,options_atm,14,1.0,14,2.0,7,3.0,three_red,fast,none,20,369,30.6,1.18,15.39,0.62,9.11,1.3,15.69,116,34.5,0.99,-0.3,-0.03,9.66,,,,,
sterling_kite_engine,SENSEX,delta1,14,1.0,14,2.0,7,3.0,three_red,fast,18,20,369,35.0,0.97,-5.77,-0.19,19.03,0.96,-4.56,116,39.7,0.98,-1.21,-0.07,18.3,,,,,
sterling_kite_engine,SENSEX,options_atm,14,1.0,14,2.0,7,3.0,three_red,fast,18,20,369,30.9,1.02,1.91,0.12,8.95,1.05,2.82,116,35.3,0.97,-0.91,-0.11,9.19,,,,,
sterling_kite_engine,SENSEX,delta1,14,1.0,14,2.0,7,3.0,three_red,fast,30,20,369,34.7,1.05,7.8,0.22,16.99,1.08,8.38,116,38.8,0.99,-0.58,-0.03,18.2,,,,,
sterling_kite_engine,SENSEX,options_atm,14,1.0,14,2.0,7,3.0,three_red,fast,30,20,369,30.6,1.17,14.42,0.59,9.17,1.27,14.5,116,34.5,1.0,-0.08,-0.01,9.2,,,,,
sterling_kite_engine,SENSEX,delta1,14,1.0,14,2.0,7,3.0,three_red,fast,48,20,369,34.7,1.05,9.03,0.25,16.83,1.09,9.84,116,38.8,0.99,-0.8,-0.05,18.23,,,,,
sterling_kite_engine,SENSEX,options_atm,14,1.0,14,2.0,7,3.0,three_red,fast,48,20,369,30.6,1.18,15.39,0.62,9.11,1.3,15.69,116,34.5,0.99,-0.3,-0.03,9.66,,,,,
sterling_kite_engine,SENSEX,delta1,14,1.0,14,2.0,7,3.0,three_red,fast,none,25,207,31.4,0.82,-18.64,-0.95,32.31,0.72,-18.89,63,38.1,1.01,0.25,0.02,11.18,,,,,
sterling_kite_engine,SENSEX,options_atm,14,1.0,14,2.0,7,3.0,three_red,fast,none,25,207,28.0,0.89,-5.63,-0.48,16.38,0.81,-6.22,63,33.3,1.03,0.58,0.07,5.77,,,,,
sterling_kite_engine,SENSEX,delta1,14,1.0,14,2.0,7,3.0,three_red,fast,18,25,207,31.9,0.81,-19.66,-1.05,30.5,0.72,-18.69,63,39.7,0.97,-0.96,-0.08,11.3,,,,,
sterling_kite_engine,SENSEX,options_atm,14,1.0,14,2.0,7,3.0,three_red,fast,18,25,207,29.0,0.88,-6.12,-0.57,15.09,0.83,-5.47,63,36.5,0.97,-0.64,-0.09,5.84,,,,,
sterling_kite_engine,SENSEX,delta1,14,1.0,14,2.0,7,3.0,three_red,fast,30,25,207,31.4,0.81,-19.88,-1.03,32.76,0.7,-20.36,63,38.1,1.01,0.48,0.03,11.15,,,,,
sterling_kite_engine,SENSEX,options_atm,14,1.0,14,2.0,7,3.0,three_red,fast,30,25,207,28.0,0.88,-6.63,-0.59,16.57,0.77,-7.44,63,33.3,1.04,0.81,0.09,5.76,,,,,
sterling_kite_engine,SENSEX,delta1,14,1.0,14,2.0,7,3.0,three_red,fast,48,25,207,31.4,0.82,-18.64,-0.95,32.31,0.72,-18.89,63,38.1,1.01,0.25,0.02,11.18,,,,,
sterling_kite_engine,SENSEX,options_atm,14,1.0,14,2.0,7,3.0,three_red,fast,48,25,207,28.0,0.89,-5.63,-0.48,16.38,0.81,-6.22,63,33.3,1.03,0.58,0.07,5.77,,,,,
sterling_kite_engine,SENSEX,delta1,14,1.0,14,2.0,7,3.0,three_red,mid,none,none,449,37.2,1.07,19.58,0.38,19.76,1.14,25.75,133,41.4,0.94,-6.17,-0.26,23.95,,,,,
sterling_kite_engine,SENSEX,options_atm,14,1.0,14,2.0,7,3.0,three_red,mid,none,none,449,31.4,1.06,8.55,0.29,13.93,1.17,16.45,133,34.6,0.86,-7.9,-0.64,16.03,,,,,
sterling_kite_engine,SENSEX,delta1,14,1.0,14,2.0,7,3.0,three_red,mid,18,none,499,40.7,0.99,-3.83,-0.08,22.66,1.04,6.69,143,44.1,0.91,-10.53,-0.48,23.98,,,,,
sterling_kite_engine,SENSEX,options_atm,14,1.0,14,2.0,7,3.0,three_red,mid,18,none,499,37.7,1.02,3.36,0.13,11.52,1.09,8.57,143,42.0,0.91,-5.2,-0.47,12.36,,,,,
sterling_kite_engine,SENSEX,delta1,14,1.0,14,2.0,7,3.0,three_red,mid,30,none,472,37.5,1.03,9.1,0.17,18.23,1.05,9.02,137,41.6,1.0,0.07,0.0,19.57,,,,,
sterling_kite_engine,SENSEX,options_atm,14,1.0,14,2.0,7,3.0,three_red,mid,30,none,472,32.6,1.07,10.46,0.34,10.86,1.1,10.0,137,35.8,1.01,0.46,0.03,11.6,,,,,
sterling_kite_engine,SENSEX,delta1,14,1.0,14,2.0,7,3.0,three_red,mid,48,none,457,37.0,1.08,25.02,0.47,18.21,1.16,30.08,135,41.5,0.96,-5.06,-0.2,22.73,,,,,
sterling_kite_engine,SENSEX,options_atm,14,1.0,14,2.0,7,3.0,three_red,mid,48,none,457,31.9,1.11,16.79,0.54,12.26,1.23,21.98,135,34.8,0.91,-5.2,-0.39,14.7,,,,,
sterling_kite_engine,SENSEX,delta1,14,1.0,14,2.0,7,3.0,three_red,mid,none,15,427,37.9,1.1,26.62,0.53,17.93,1.21,34.23,129,41.1,0.93,-7.6,-0.32,23.11,,,,,
sterling_kite_engine,SENSEX,options_atm,14,1.0,14,2.0,7,3.0,three_red,mid,none,15,427,31.9,1.08,12.0,0.42,13.02,1.23,20.55,129,34.1,0.84,-8.55,-0.71,15.5,,,,,
sterling_kite_engine,SENSEX,delta1,14,1.0,14,2.0,7,3.0,three_red,mid,18,15,471,41.0,0.99,-3.17,-0.07,21.41,1.05,7.87,139,43.9,0.9,-11.04,-0.51,22.9,,,,,
sterling_kite_engine,SENSEX,options_atm,14,1.0,14,2.0,7,3.0,three_red,mid,18,15,471,37.8,1.02,3.26,0.13,11.6,1.1,8.79,139,41.7,0.9,-5.53,-0.5,11.73,,,,,
sterling_kite_engine,SENSEX,delta1,14,1.0,14,2.0,7,3.0,three_red,mid,30,15,450,38.2,1.07,20.53,0.4,15.74,1.12,21.95,133,41.4,0.99,-1.42,-0.06,18.63,,,,,
sterling_kite_engine,SENSEX,options_atm,14,1.0,14,2.0,7,3.0,three_red,mid,30,15,450,33.1,1.11,16.89,0.56,9.94,1.19,17.28,133,35.3,0.99,-0.39,-0.03,11.06,,,,,
sterling_kite_engine,SENSEX,delta1,14,1.0,14,2.0,7,3.0,three_red,mid,48,15,434,37.8,1.12,32.55,0.63,16.42,1.22,37.47,130,41.5,0.95,-4.92,-0.2,21.57,,,,,
sterling_kite_engine,SENSEX,options_atm,14,1.0,14,2.0,7,3.0,three_red,mid,48,15,434,32.5,1.14,19.9,0.67,11.46,1.28,25.11,130,34.6,0.9,-5.21,-0.4,14.08,,,,,
sterling_kite_engine,SENSEX,delta1,14,1.0,14,2.0,7,3.0,three_red,mid,none,20,315,36.8,1.03,6.94,0.19,20.58,1.14,17.46,101,40.6,0.88,-10.53,-0.51,23.69,,,,,
sterling_kite_engine,SENSEX,options_atm,14,1.0,14,2.0,7,3.0,three_red,mid,none,20,315,30.5,1.03,3.47,0.16,14.59,1.2,12.98,101,31.7,0.79,-9.51,-0.88,13.87,,,,,
sterling_kite_engine,SENSEX,delta1,14,1.0,14,2.0,7,3.0,three_red,mid,18,20,343,39.1,0.91,-18.68,-0.57,28.01,0.97,-3.86,107,44.9,0.83,-14.83,-0.81,25.82,,,,,
sterling_kite_engine,SENSEX,options_atm,14,1.0,14,2.0,7,3.0,three_red,mid,18,20,343,35.9,0.94,-5.99,-0.33,16.11,1.04,2.49,107,42.1,0.8,-8.48,-0.93,14.46,,,,,
sterling_kite_engine,SENSEX,delta1,14,1.0,14,2.0,7,3.0,three_red,mid,30,20,330,38.2,1.04,8.57,0.22,18.78,1.06,8.08,102,43.1,1.01,0.48,0.02,20.0,,,,,
sterling_kite_engine,SENSEX,options_atm,14,1.0,14,2.0,7,3.0,three_red,mid,30,20,330,32.7,1.1,11.31,0.49,10.86,1.16,10.78,102,35.3,1.01,0.53,0.04,10.12,,,,,
sterling_kite_engine,SENSEX,delta1,14,1.0,14,2.0,7,3.0,three_red,mid,48,20,319,37.0,1.08,17.23,0.44,19.1,1.19,23.97,101,41.6,0.92,-6.74,-0.31,22.94,,,,,
sterling_kite_engine,SENSEX,options_atm,14,1.0,14,2.0,7,3.0,three_red,mid,48,20,319,32.0,1.12,13.0,0.57,10.6,1.29,18.98,101,33.7,0.86,-5.98,-0.51,12.48,,,,,
sterling_kite_engine,SENSEX,delta1,14,1.0,14,2.0,7,3.0,three_red,mid,none,25,185,31.4,0.77,-32.68,-1.29,49.46,0.72,-24.59,58,36.2,0.85,-8.09,-0.47,19.15,,,,,
sterling_kite_engine,SENSEX,options_atm,14,1.0,14,2.0,7,3.0,three_red,mid,none,25,185,24.9,0.79,-15.44,-1.09,27.44,0.78,-9.73,58,27.6,0.8,-5.71,-0.61,10.51,,,,,
sterling_kite_engine,SENSEX,delta1,14,1.0,14,2.0,7,3.0,three_red,mid,18,25,196,34.7,0.71,-41.09,-1.87,44.69,0.7,-26.18,59,40.7,0.72,-14.91,-1.04,15.1,,,,,
sterling_kite_engine,SENSEX,options_atm,14,1.0,14,2.0,7,3.0,three_red,mid,18,25,196,30.6,0.77,-15.92,-1.31,21.61,0.8,-8.42,59,37.3,0.71,-7.5,-1.03,7.43,,,,,
sterling_kite_engine,SENSEX,delta1,14,1.0,14,2.0,7,3.0,three_red,mid,30,25,192,33.3,0.81,-26.61,-1.03,44.28,0.7,-27.73,59,39.0,1.02,1.12,0.06,12.9,,,,,
sterling_kite_engine,SENSEX,options_atm,14,1.0,14,2.0,7,3.0,three_red,mid,30,25,192,27.6,0.88,-8.61,-0.58,23.54,0.76,-10.58,59,30.5,1.07,1.96,0.17,7.44,,,,,
sterling_kite_engine,SENSEX,delta1,14,1.0,14,2.0,7,3.0,three_red,mid,48,25,187,31.6,0.85,-22.15,-0.82,41.11,0.83,-14.89,58,36.2,0.87,-7.26,-0.41,19.15,,,,,
sterling_kite_engine,SENSEX,options_atm,14,1.0,14,2.0,7,3.0,three_red,mid,48,25,187,26.7,0.91,-6.58,-0.42,21.23,0.95,-2.31,58,29.3,0.85,-4.27,-0.41,10.51,,,,,
sterling_kite_engine,SENSEX,delta1,14,1.0,14,2.0,7,3.0,three_red_signal,fast,none,none,559,39.2,1.15,37.0,0.71,14.46,1.13,20.25,160,41.2,1.19,16.74,0.76,14.77,,,,,
sterling_kite_engine,SENSEX,options_atm,14,1.0,14,2.0,7,3.0,three_red_signal,fast,none,none,559,35.1,1.25,30.72,0.91,9.69,1.26,20.45,160,38.1,1.23,10.28,0.83,8.05,,,,,
sterling_kite_engine,SENSEX,delta1,14,1.0,14,2.0,7,3.0,three_red_signal,fast,18,none,560,39.5,1.07,17.27,0.39,16.85,1.05,8.05,160,41.9,1.1,9.22,0.46,16.06,,,,,
sterling_kite_engine,SENSEX,options_atm,14,1.0,14,2.0,7,3.0,three_red_signal,fast,18,none,560,35.7,1.13,15.43,0.63,9.86,1.12,9.64,160,38.8,1.13,5.79,0.55,8.4,,,,,
sterling_kite_engine,SENSEX,delta1,14,1.0,14,2.0,7,3.0,three_red_signal,fast,30,none,559,39.2,1.15,35.74,0.69,15.06,1.13,19.6,160,41.2,1.18,16.14,0.74,15.02,,,,,
sterling_kite_engine,SENSEX,options_atm,14,1.0,14,2.0,7,3.0,three_red_signal,fast,30,none,559,35.1,1.25,30.43,0.91,9.71,1.26,19.92,160,38.1,1.24,10.51,0.85,8.11,,,,,
sterling_kite_engine,SENSEX,delta1,14,1.0,14,2.0,7,3.0,three_red_signal,fast,48,none,559,39.2,1.15,37.28,0.71,14.25,1.13,20.25,160,41.2,1.19,17.03,0.77,14.74,,,,,
sterling_kite_engine,SENSEX,options_atm,14,1.0,14,2.0,7,3.0,three_red_signal,fast,48,none,559,35.1,1.25,30.99,0.92,9.49,1.26,20.45,160,38.1,1.24,10.54,0.85,8.03,,,,,
sterling_kite_engine,SENSEX,delta1,14,1.0,14,2.0,7,3.0,three_red_signal,fast,none,15,524,38.9,1.15,33.55,0.68,17.06,1.12,16.82,152,41.4,1.2,16.73,0.77,13.46,,,,,
sterling_kite_engine,SENSEX,options_atm,14,1.0,14,2.0,7,3.0,three_red_signal,fast,none,15,524,34.7,1.25,28.87,0.9,10.83,1.26,18.68,152,38.2,1.24,10.19,0.83,7.36,,,,,
sterling_kite_engine,SENSEX,delta1,14,1.0,14,2.0,7,3.0,three_red_signal,fast,18,15,525,39.2,1.07,16.3,0.39,17.16,1.03,4.43,152,42.1,1.14,11.86,0.6,14.31,,,,,
sterling_kite_engine,SENSEX,options_atm,14,1.0,14,2.0,7,3.0,three_red_signal,fast,18,15,525,35.4,1.13,14.86,0.64,9.85,1.11,7.67,152,38.8,1.17,7.19,0.69,7.57,,,,,
sterling_kite_engine,SENSEX,delta1,14,1.0,14,2.0,7,3.0,three_red_signal,fast,30,15,524,38.9,1.14,32.23,0.65,17.36,1.11,16.16,152,41.4,1.19,16.07,0.75,13.69,,,,,
sterling_kite_engine,SENSEX,options_atm,14,1.0,14,2.0,7,3.0,three_red_signal,fast,30,15,524,34.7,1.25,28.38,0.89,11.01,1.25,18.16,152,38.2,1.24,10.23,0.84,7.44,,,,,
sterling_kite_engine,SENSEX,delta1,14,1.0,14,2.0,7,3.0,three_red_signal,fast,48,15,524,38.9,1.15,33.84,0.68,17.06,1.12,16.82,152,41.4,1.2,17.02,0.78,13.43,,,,,
sterling_kite_engine,SENSEX,options_atm,14,1.0,14,2.0,7,3.0,three_red_signal,fast,48,15,524,34.7,1.25,29.14,0.9,10.62,1.26,18.68,152,38.2,1.25,10.46,0.85,7.35,,,,,
sterling_kite_engine,SENSEX,delta1,14,1.0,14,2.0,7,3.0,three_red_signal,fast,none,20,369,34.7,1.05,9.03,0.25,16.83,1.09,9.84,116,38.8,0.99,-0.8,-0.05,18.23,,,,,
sterling_kite_engine,SENSEX,options_atm,14,1.0,14,2.0,7,3.0,three_red_signal,fast,none,20,369,30.6,1.18,15.39,0.62,9.11,1.3,15.69,116,34.5,0.99,-0.3,-0.03,9.66,,,,,
sterling_kite_engine,SENSEX,delta1,14,1.0,14,2.0,7,3.0,three_red_signal,fast,18,20,369,35.0,0.97,-5.77,-0.19,19.03,0.96,-4.56,116,39.7,0.98,-1.21,-0.07,18.3,,,,,
sterling_kite_engine,SENSEX,options_atm,14,1.0,14,2.0,7,3.0,three_red_signal,fast,18,20,369,30.9,1.02,1.91,0.12,8.95,1.05,2.82,116,35.3,0.97,-0.91,-0.11,9.19,,,,,
sterling_kite_engine,SENSEX,delta1,14,1.0,14,2.0,7,3.0,three_red_signal,fast,30,20,369,34.7,1.05,7.8,0.22,16.99,1.08,8.38,116,38.8,0.99,-0.58,-0.03,18.2,,,,,
sterling_kite_engine,SENSEX,options_atm,14,1.0,14,2.0,7,3.0,three_red_signal,fast,30,20,369,30.6,1.17,14.42,0.59,9.17,1.27,14.5,116,34.5,1.0,-0.08,-0.01,9.2,,,,,
sterling_kite_engine,SENSEX,delta1,14,1.0,14,2.0,7,3.0,three_red_signal,fast,48,20,369,34.7,1.05,9.03,0.25,16.83,1.09,9.84,116,38.8,0.99,-0.8,-0.05,18.23,,,,,
sterling_kite_engine,SENSEX,options_atm,14,1.0,14,2.0,7,3.0,three_red_signal,fast,48,20,369,30.6,1.18,15.39,0.62,9.11,1.3,15.69,116,34.5,0.99,-0.3,-0.03,9.66,,,,,
sterling_kite_engine,SENSEX,delta1,14,1.0,14,2.0,7,3.0,three_red_signal,fast,none,25,207,31.4,0.82,-18.64,-0.95,32.31,0.72,-18.89,63,38.1,1.01,0.25,0.02,11.18,,,,,
sterling_kite_engine,SENSEX,options_atm,14,1.0,14,2.0,7,3.0,three_red_signal,fast,none,25,207,28.0,0.89,-5.63,-0.48,16.38,0.81,-6.22,63,33.3,1.03,0.58,0.07,5.77,,,,,
sterling_kite_engine,SENSEX,delta1,14,1.0,14,2.0,7,3.0,three_red_signal,fast,18,25,207,31.9,0.81,-19.66,-1.05,30.5,0.72,-18.69,63,39.7,0.97,-0.96,-0.08,11.3,,,,,
sterling_kite_engine,SENSEX,options_atm,14,1.0,14,2.0,7,3.0,three_red_signal,fast,18,25,207,29.0,0.88,-6.12,-0.57,15.09,0.83,-5.47,63,36.5,0.97,-0.64,-0.09,5.84,,,,,
sterling_kite_engine,SENSEX,delta1,14,1.0,14,2.0,7,3.0,three_red_signal,fast,30,25,207,31.4,0.81,-19.88,-1.03,32.76,0.7,-20.36,63,38.1,1.01,0.48,0.03,11.15,,,,,
sterling_kite_engine,SENSEX,options_atm,14,1.0,14,2.0,7,3.0,three_red_signal,fast,30,25,207,28.0,0.88,-6.63,-0.59,16.57,0.77,-7.44,63,33.3,1.04,0.81,0.09,5.76,,,,,
sterling_kite_engine,SENSEX,delta1,14,1.0,14,2.0,7,3.0,three_red_signal,fast,48,25,207,31.4,0.82,-18.64,-0.95,32.31,0.72,-18.89,63,38.1,1.01,0.25,0.02,11.18,,,,,
sterling_kite_engine,SENSEX,options_atm,14,1.0,14,2.0,7,3.0,three_red_signal,fast,48,25,207,28.0,0.89,-5.63,-0.48,16.38,0.81,-6.22,63,33.3,1.03,0.58,0.07,5.77,,,,,
sterling_kite_engine,SENSEX,delta1,14,1.0,14,2.0,7,3.0,three_red_signal,mid,none,none,449,37.2,1.07,19.58,0.38,19.76,1.14,25.75,133,41.4,0.94,-6.17,-0.26,23.95,,,,,
sterling_kite_engine,SENSEX,options_atm,14,1.0,14,2.0,7,3.0,three_red_signal,mid,none,none,449,31.4,1.06,8.55,0.29,13.93,1.17,16.45,133,34.6,0.86,-7.9,-0.64,16.03,,,,,
sterling_kite_engine,SENSEX,delta1,14,1.0,14,2.0,7,3.0,three_red_signal,mid,18,none,499,40.7,0.99,-3.83,-0.08,22.66,1.04,6.69,143,44.1,0.91,-10.53,-0.48,23.98,,,,,
sterling_kite_engine,SENSEX,options_atm,14,1.0,14,2.0,7,3.0,three_red_signal,mid,18,none,499,37.7,1.02,3.36,0.13,11.52,1.09,8.57,143,42.0,0.91,-5.2,-0.47,12.36,,,,,
sterling_kite_engine,SENSEX,delta1,14,1.0,14,2.0,7,3.0,three_red_signal,mid,30,none,472,37.5,1.03,9.1,0.17,18.23,1.05,9.02,137,41.6,1.0,0.07,0.0,19.57,,,,,
sterling_kite_engine,SENSEX,options_atm,14,1.0,14,2.0,7,3.0,three_red_signal,mid,30,none,472,32.6,1.07,10.46,0.34,10.86,1.1,10.0,137,35.8,1.01,0.46,0.03,11.6,,,,,
sterling_kite_engine,SENSEX,delta1,14,1.0,14,2.0,7,3.0,three_red_signal,mid,48,none,457,37.0,1.08,25.02,0.47,18.21,1.16,30.08,135,41.5,0.96,-5.06,-0.2,22.73,,,,,
sterling_kite_engine,SENSEX,options_atm,14,1.0,14,2.0,7,3.0,three_red_signal,mid,48,none,457,31.9,1.11,16.79,0.54,12.26,1.23,21.98,135,34.8,0.91,-5.2,-0.39,14.7,,,,,
sterling_kite_engine,SENSEX,delta1,14,1.0,14,2.0,7,3.0,three_red_signal,mid,none,15,427,37.9,1.1,26.62,0.53,17.93,1.21,34.23,129,41.1,0.93,-7.6,-0.32,23.11,,,,,
sterling_kite_engine,SENSEX,options_atm,14,1.0,14,2.0,7,3.0,three_red_signal,mid,none,15,427,31.9,1.08,12.0,0.42,13.02,1.23,20.55,129,34.1,0.84,-8.55,-0.71,15.5,,,,,
sterling_kite_engine,SENSEX,delta1,14,1.0,14,2.0,7,3.0,three_red_signal,mid,18,15,471,41.0,0.99,-3.17,-0.07,21.41,1.05,7.87,139,43.9,0.9,-11.04,-0.51,22.9,,,,,
sterling_kite_engine,SENSEX,options_atm,14,1.0,14,2.0,7,3.0,three_red_signal,mid,18,15,471,37.8,1.02,3.26,0.13,11.6,1.1,8.79,139,41.7,0.9,-5.53,-0.5,11.73,,,,,
sterling_kite_engine,SENSEX,delta1,14,1.0,14,2.0,7,3.0,three_red_signal,mid,30,15,450,38.2,1.07,20.53,0.4,15.74,1.12,21.95,133,41.4,0.99,-1.42,-0.06,18.63,,,,,
sterling_kite_engine,SENSEX,options_atm,14,1.0,14,2.0,7,3.0,three_red_signal,mid,30,15,450,33.1,1.11,16.89,0.56,9.94,1.19,17.28,133,35.3,0.99,-0.39,-0.03,11.06,,,,,
sterling_kite_engine,SENSEX,delta1,14,1.0,14,2.0,7,3.0,three_red_signal,mid,48,15,434,37.8,1.12,32.55,0.63,16.42,1.22,37.47,130,41.5,0.95,-4.92,-0.2,21.57,,,,,
sterling_kite_engine,SENSEX,options_atm,14,1.0,14,2.0,7,3.0,three_red_signal,mid,48,15,434,32.5,1.14,19.9,0.67,11.46,1.28,25.11,130,34.6,0.9,-5.21,-0.4,14.08,,,,,
sterling_kite_engine,SENSEX,delta1,14,1.0,14,2.0,7,3.0,three_red_signal,mid,none,20,315,36.8,1.03,6.94,0.19,20.58,1.14,17.46,101,40.6,0.88,-10.53,-0.51,23.69,,,,,
sterling_kite_engine,SENSEX,options_atm,14,1.0,14,2.0,7,3.0,three_red_signal,mid,none,20,315,30.5,1.03,3.47,0.16,14.59,1.2,12.98,101,31.7,0.79,-9.51,-0.88,13.87,,,,,
sterling_kite_engine,SENSEX,delta1,14,1.0,14,2.0,7,3.0,three_red_signal,mid,18,20,343,39.1,0.91,-18.68,-0.57,28.01,0.97,-3.86,107,44.9,0.83,-14.83,-0.81,25.82,,,,,
sterling_kite_engine,SENSEX,options_atm,14,1.0,14,2.0,7,3.0,three_red_signal,mid,18,20,343,35.9,0.94,-5.99,-0.33,16.11,1.04,2.49,107,42.1,0.8,-8.48,-0.93,14.46,,,,,
sterling_kite_engine,SENSEX,delta1,14,1.0,14,2.0,7,3.0,three_red_signal,mid,30,20,330,38.2,1.04,8.57,0.22,18.78,1.06,8.08,102,43.1,1.01,0.48,0.02,20.0,,,,,
sterling_kite_engine,SENSEX,options_atm,14,1.0,14,2.0,7,3.0,three_red_signal,mid,30,20,330,32.7,1.1,11.31,0.49,10.86,1.16,10.78,102,35.3,1.01,0.53,0.04,10.12,,,,,
sterling_kite_engine,SENSEX,delta1,14,1.0,14,2.0,7,3.0,three_red_signal,mid,48,20,319,37.0,1.08,17.23,0.44,19.1,1.19,23.97,101,41.6,0.92,-6.74,-0.31,22.94,,,,,
sterling_kite_engine,SENSEX,options_atm,14,1.0,14,2.0,7,3.0,three_red_signal,mid,48,20,319,32.0,1.12,13.0,0.57,10.6,1.29,18.98,101,33.7,0.86,-5.98,-0.51,12.48,,,,,
sterling_kite_engine,SENSEX,delta1,14,1.0,14,2.0,7,3.0,three_red_signal,mid,none,25,185,31.4,0.77,-32.68,-1.29,49.46,0.72,-24.59,58,36.2,0.85,-8.09,-0.47,19.15,,,,,
sterling_kite_engine,SENSEX,options_atm,14,1.0,14,2.0,7,3.0,three_red_signal,mid,none,25,185,24.9,0.79,-15.44,-1.09,27.44,0.78,-9.73,58,27.6,0.8,-5.71,-0.61,10.51,,,,,
sterling_kite_engine,SENSEX,delta1,14,1.0,14,2.0,7,3.0,three_red_signal,mid,18,25,196,34.7,0.71,-41.09,-1.87,44.69,0.7,-26.18,59,40.7,0.72,-14.91,-1.04,15.1,,,,,
sterling_kite_engine,SENSEX,options_atm,14,1.0,14,2.0,7,3.0,three_red_signal,mid,18,25,196,30.6,0.77,-15.92,-1.31,21.61,0.8,-8.42,59,37.3,0.71,-7.5,-1.03,7.43,,,,,
sterling_kite_engine,SENSEX,delta1,14,1.0,14,2.0,7,3.0,three_red_signal,mid,30,25,192,33.3,0.81,-26.61,-1.03,44.28,0.7,-27.73,59,39.0,1.02,1.12,0.06,12.9,,,,,
sterling_kite_engine,SENSEX,options_atm,14,1.0,14,2.0,7,3.0,three_red_signal,mid,30,25,192,27.6,0.88,-8.61,-0.58,23.54,0.76,-10.58,59,30.5,1.07,1.96,0.17,7.44,,,,,
sterling_kite_engine,SENSEX,delta1,14,1.0,14,2.0,7,3.0,three_red_signal,mid,48,25,187,31.6,0.85,-22.15,-0.82,41.11,0.83,-14.89,58,36.2,0.87,-7.26,-0.41,19.15,,,,,
sterling_kite_engine,SENSEX,options_atm,14,1.0,14,2.0,7,3.0,three_red_signal,mid,48,25,187,26.7,0.91,-6.58,-0.42,21.23,0.95,-2.31,58,29.3,0.85,-4.27,-0.41,10.51,,,,,
sterling_kite_engine,SENSEX,delta1,21,1.0,14,2.0,7,3.0,one_red,fast,none,none,557,39.9,1.15,36.17,0.71,12.0,1.14,21.18,162,40.7,1.17,14.99,0.7,14.07,,,,,
sterling_kite_engine,SENSEX,options_atm,21,1.0,14,2.0,7,3.0,one_red,fast,none,none,557,35.9,1.24,29.22,0.9,7.85,1.26,20.29,162,38.3,1.2,8.93,0.77,8.07,,,,,
sterling_kite_engine,SENSEX,delta1,21,1.0,14,2.0,7,3.0,one_red,fast,18,none,559,40.4,1.11,27.45,0.62,13.01,1.08,12.27,163,42.3,1.18,15.18,0.76,14.35,,,,,
sterling_kite_engine,SENSEX,options_atm,21,1.0,14,2.0,7,3.0,one_red,fast,18,none,559,36.9,1.18,21.25,0.87,6.89,1.16,12.01,163,39.3,1.22,9.23,0.87,7.65,,,,,
sterling_kite_engine,SENSEX,delta1,21,1.0,14,2.0,7,3.0,one_red,fast,30,none,557,39.9,1.15,35.28,0.69,12.13,1.13,20.61,162,40.7,1.17,14.67,0.69,14.19,,,,,
sterling_kite_engine,SENSEX,options_atm,21,1.0,14,2.0,7,3.0,one_red,fast,30,none,557,35.9,1.25,29.54,0.9,7.85,1.26,19.92,162,38.3,1.22,9.62,0.8,8.07,,,,,
sterling_kite_engine,SENSEX,delta1,21,1.0,14,2.0,7,3.0,one_red,fast,48,none,557,39.9,1.16,38.11,0.74,11.84,1.14,21.18,162,40.7,1.19,16.93,0.77,13.85,,,,,
sterling_kite_engine,SENSEX,options_atm,21,1.0,14,2.0,7,3.0,one_red,fast,48,none,557,35.9,1.26,31.08,0.93,7.64,1.26,20.29,162,38.3,1.25,10.79,0.86,7.94,,,,,
sterling_kite_engine,SENSEX,delta1,21,1.0,14,2.0,7,3.0,one_red,fast,none,15,522,39.5,1.14,32.83,0.68,14.38,1.13,18.35,154,40.3,1.17,14.48,0.69,12.81,,,,,
sterling_kite_engine,SENSEX,options_atm,21,1.0,14,2.0,7,3.0,one_red,fast,none,15,522,35.6,1.24,27.47,0.88,8.85,1.26,18.89,154,37.7,1.2,8.58,0.75,7.4,,,,,
sterling_kite_engine,SENSEX,delta1,21,1.0,14,2.0,7,3.0,one_red,fast,18,15,524,40.1,1.12,26.58,0.63,12.17,1.06,9.25,155,41.9,1.21,17.33,0.87,12.76,,,,,
sterling_kite_engine,SENSEX,options_atm,21,1.0,14,2.0,7,3.0,one_red,fast,18,15,524,36.6,1.18,20.77,0.9,6.89,1.15,10.4,155,38.7,1.25,10.37,0.99,6.87,,,,,
sterling_kite_engine,SENSEX,delta1,21,1.0,14,2.0,7,3.0,one_red,fast,30,15,522,39.5,1.14,31.89,0.66,14.18,1.12,17.78,154,40.3,1.17,14.11,0.67,12.92,,,,,
sterling_kite_engine,SENSEX,options_atm,21,1.0,14,2.0,7,3.0,one_red,fast,30,15,522,35.6,1.24,27.59,0.88,8.81,1.26,18.51,154,37.7,1.22,9.07,0.77,7.41,,,,,
sterling_kite_engine,SENSEX,delta1,21,1.0,14,2.0,7,3.0,one_red,fast,48,15,522,39.5,1.15,34.77,0.71,14.38,1.13,18.35,154,40.3,1.19,16.43,0.76,12.61,,,,,
sterling_kite_engine,SENSEX,options_atm,21,1.0,14,2.0,7,3.0,one_red,fast,48,15,522,35.6,1.26,29.33,0.92,8.85,1.26,18.89,154,37.7,1.25,10.44,0.85,7.28,,,,,
sterling_kite_engine,SENSEX,delta1,21,1.0,14,2.0,7,3.0,one_red,fast,none,20,367,36.2,1.04,7.19,0.21,17.14,1.09,8.92,118,39.0,0.97,-1.73,-0.1,18.46,,,,,
sterling_kite_engine,SENSEX,options_atm,21,1.0,14,2.0,7,3.0,one_red,fast,none,20,367,32.7,1.15,12.9,0.55,9.2,1.27,13.99,118,35.6,0.97,-1.09,-0.12,10.39,,,,,
sterling_kite_engine,SENSEX,delta1,21,1.0,14,2.0,7,3.0,one_red,fast,18,20,368,37.0,1.03,5.69,0.19,17.33,1.01,0.61,119,41.2,1.08,5.08,0.31,17.41,,,,,
sterling_kite_engine,SENSEX,options_atm,21,1.0,14,2.0,7,3.0,one_red,fast,18,20,368,33.4,1.1,8.36,0.5,8.5,1.11,5.62,119,37.0,1.09,2.74,0.32,8.93,,,,,
sterling_kite_engine,SENSEX,delta1,21,1.0,14,2.0,7,3.0,one_red,fast,30,20,367,36.2,1.04,6.37,0.18,17.26,1.07,7.46,118,39.0,0.98,-1.1,-0.06,18.36,,,,,
sterling_kite_engine,SENSEX,options_atm,21,1.0,14,2.0,7,3.0,one_red,fast,30,20,367,32.7,1.15,12.5,0.53,9.23,1.25,12.8,118,35.6,0.99,-0.3,-0.03,10.31,,,,,
sterling_kite_engine,SENSEX,delta1,21,1.0,14,2.0,7,3.0,one_red,fast,48,20,367,36.2,1.05,8.85,0.25,16.92,1.09,8.92,118,39.0,1.0,-0.07,-0.0,18.2,,,,,
sterling_kite_engine,SENSEX,options_atm,21,1.0,14,2.0,7,3.0,one_red,fast,48,20,367,32.7,1.17,14.49,0.6,9.08,1.27,13.99,118,35.6,1.02,0.5,0.05,10.24,,,,,
sterling_kite_engine,SENSEX,delta1,21,1.0,14,2.0,7,3.0,one_red,fast,none,25,206,34.5,0.87,-13.44,-0.71,27.57,0.8,-12.68,64,39.1,0.98,-0.77,-0.06,11.15,,,,,
sterling_kite_engine,SENSEX,options_atm,21,1.0,14,2.0,7,3.0,one_red,fast,none,25,206,31.1,0.93,-3.61,-0.33,14.18,0.9,-3.11,64,35.9,0.97,-0.5,-0.07,5.84,,,,,
sterling_kite_engine,SENSEX,delta1,21,1.0,14,2.0,7,3.0,one_red,fast,18,25,207,35.7,0.94,-5.69,-0.3,20.64,0.83,-11.1,65,43.1,1.15,5.41,0.42,10.55,,,,,
sterling_kite_engine,SENSEX,options_atm,21,1.0,14,2.0,7,3.0,one_red,fast,18,25,207,32.9,1.03,1.4,0.13,10.04,0.95,-1.44,65,40.0,1.15,2.84,0.41,5.66,,,,,
sterling_kite_engine,SENSEX,delta1,21,1.0,14,2.0,7,3.0,one_red,fast,30,25,206,34.5,0.86,-14.27,-0.75,27.94,0.78,-14.14,64,39.1,1.0,-0.13,-0.01,11.08,,,,,
sterling_kite_engine,SENSEX,options_atm,21,1.0,14,2.0,7,3.0,one_red,fast,30,25,206,31.1,0.92,-4.04,-0.37,14.34,0.86,-4.33,64,35.9,1.01,0.29,0.04,5.79,,,,,
sterling_kite_engine,SENSEX,delta1,21,1.0,14,2.0,7,3.0,one_red,fast,48,25,206,34.5,0.89,-11.78,-0.6,27.57,0.8,-12.68,64,39.1,1.02,0.9,0.06,10.98,,,,,
sterling_kite_engine,SENSEX,options_atm,21,1.0,14,2.0,7,3.0,one_red,fast,48,25,206,31.1,0.96,-2.01,-0.17,14.18,0.9,-3.11,64,35.9,1.06,1.09,0.12,5.75,,,,,
sterling_kite_engine,SENSEX,delta1,21,1.0,14,2.0,7,3.0,one_red,mid,none,none,550,37.1,1.15,43.23,0.76,14.59,1.24,43.43,160,40.0,1.0,-0.2,-0.01,19.77,,,,,
sterling_kite_engine,SENSEX,options_atm,21,1.0,14,2.0,7,3.0,one_red,mid,none,none,550,32.0,1.18,26.8,0.82,10.24,1.32,29.4,160,32.5,0.95,-2.59,-0.21,12.96,,,,,
sterling_kite_engine,SENSEX,delta1,21,1.0,14,2.0,7,3.0,one_red,mid,18,none,556,39.2,1.06,18.17,0.37,14.5,1.07,12.29,162,41.4,1.05,5.88,0.26,15.96,,,,,
sterling_kite_engine,SENSEX,options_atm,21,1.0,14,2.0,7,3.0,one_red,mid,18,none,556,34.7,1.1,14.97,0.55,8.13,1.12,10.88,162,34.6,1.08,4.09,0.34,8.78,,,,,
sterling_kite_engine,SENSEX,delta1,21,1.0,14,2.0,7,3.0,one_red,mid,30,none,551,37.2,1.11,31.8,0.58,15.03,1.18,33.16,161,39.8,0.99,-1.36,-0.06,19.25,,,,,
sterling_kite_engine,SENSEX,options_atm,21,1.0,14,2.0,7,3.0,one_red,mid,30,none,551,32.1,1.15,22.83,0.71,12.13,1.26,24.0,161,32.3,0.98,-1.17,-0.09,11.32,,,,,
sterling_kite_engine,SENSEX,delta1,21,1.0,14,2.0,7,3.0,one_red,mid,48,none,551,37.0,1.16,45.5,0.8,14.62,1.25,45.21,161,39.8,1.0,0.29,0.01,19.98,,,,,
sterling_kite_engine,SENSEX,options_atm,21,1.0,14,2.0,7,3.0,one_red,mid,48,none,551,31.9,1.21,30.44,0.91,10.06,1.34,31.41,161,32.3,0.98,-0.98,-0.07,12.88,,,,,
sterling_kite_engine,SENSEX,delta1,21,1.0,14,2.0,7,3.0,one_red,mid,none,15,518,37.6,1.17,46.42,0.86,13.67,1.28,47.68,152,40.1,0.99,-1.26,-0.06,19.1,,,,,
sterling_kite_engine,SENSEX,options_atm,21,1.0,14,2.0,7,3.0,one_red,mid,none,15,518,32.4,1.21,28.92,0.93,9.65,1.37,32.06,152,32.2,0.94,-3.14,-0.26,12.48,,,,,
sterling_kite_engine,SENSEX,delta1,21,1.0,14,2.0,7,3.0,one_red,mid,18,15,521,39.3,1.06,17.46,0.37,13.5,1.07,11.06,154,41.6,1.06,6.4,0.28,14.73,,,,,
sterling_kite_engine,SENSEX,options_atm,21,1.0,14,2.0,7,3.0,one_red,mid,18,15,521,34.7,1.11,14.53,0.56,7.87,1.12,10.21,154,34.4,1.08,4.32,0.36,8.11,,,,,
sterling_kite_engine,SENSEX,delta1,21,1.0,14,2.0,7,3.0,one_red,mid,30,15,519,37.8,1.14,37.48,0.71,13.58,1.24,39.96,153,39.9,0.98,-2.48,-0.11,18.26,,,,,
sterling_kite_engine,SENSEX,options_atm,21,1.0,14,2.0,7,3.0,one_red,mid,30,15,519,32.6,1.19,26.5,0.86,11.02,1.33,28.41,153,32.0,0.96,-1.91,-0.15,10.83,,,,,
sterling_kite_engine,SENSEX,delta1,21,1.0,14,2.0,7,3.0,one_red,mid,48,15,519,37.6,1.17,47.6,0.88,13.8,1.29,48.37,153,39.9,0.99,-0.77,-0.03,19.32,,,,,
sterling_kite_engine,SENSEX,options_atm,21,1.0,14,2.0,7,3.0,one_red,mid,48,15,519,32.4,1.23,31.58,0.99,9.55,1.38,33.1,153,32.0,0.97,-1.52,-0.12,12.4,,,,,
sterling_kite_engine,SENSEX,delta1,21,1.0,14,2.0,7,3.0,one_red,mid,none,20,366,34.4,1.03,6.41,0.17,22.34,1.18,22.06,117,37.6,0.82,-15.65,-0.82,26.7,,,,,
sterling_kite_engine,SENSEX,options_atm,21,1.0,14,2.0,7,3.0,one_red,mid,none,20,366,30.1,1.08,8.39,0.37,13.39,1.3,18.54,117,29.1,0.76,-10.15,-1.01,15.73,,,,,
sterling_kite_engine,SENSEX,delta1,21,1.0,14,2.0,7,3.0,one_red,mid,18,20,367,36.0,0.94,-11.36,-0.34,25.38,0.97,-3.41,118,40.7,0.9,-7.95,-0.42,24.66,,,,,
sterling_kite_engine,SENSEX,options_atm,21,1.0,14,2.0,7,3.0,one_red,mid,18,20,367,31.6,0.99,-1.3,-0.07,13.43,1.05,2.86,118,32.2,0.9,-4.16,-0.41,13.78,,,,,
sterling_kite_engine,SENSEX,delta1,21,1.0,14,2.0,7,3.0,one_red,mid,30,20,366,34.7,0.99,-1.05,-0.03,23.09,1.13,15.33,117,37.6,0.81,-16.39,-0.86,26.26,,,,,
sterling_kite_engine,SENSEX,options_atm,21,1.0,14,2.0,7,3.0,one_red,mid,30,20,366,30.3,1.05,5.1,0.23,13.61,1.24,14.68,117,29.1,0.78,-9.58,-0.9,14.76,,,,,
sterling_kite_engine,SENSEX,delta1,21,1.0,14,2.0,7,3.0,one_red,mid,48,20,366,34.4,1.04,8.85,0.23,22.2,1.19,22.73,117,37.6,0.84,-13.88,-0.7,26.57,,,,,
sterling_kite_engine,SENSEX,options_atm,21,1.0,14,2.0,7,3.0,one_red,mid,48,20,366,30.1,1.11,11.27,0.49,13.17,1.32,19.51,117,29.1,0.81,-8.24,-0.74,15.55,,,,,
sterling_kite_engine,SENSEX,delta1,21,1.0,14,2.0,7,3.0,one_red,mid,none,25,206,31.1,0.86,-18.39,-0.78,32.9,0.88,-9.12,64,35.9,0.82,-9.27,-0.58,14.69,,,,,
sterling_kite_engine,SENSEX,options_atm,21,1.0,14,2.0,7,3.0,one_red,mid,none,25,206,26.7,0.91,-5.67,-0.41,18.56,0.99,-0.35,64,26.6,0.8,-5.32,-0.6,8.46,,,,,
sterling_kite_engine,SENSEX,delta1,21,1.0,14,2.0,7,3.0,one_red,mid,18,25,207,34.8,0.86,-18.11,-0.81,26.58,0.81,-14.9,65,41.5,0.93,-3.22,-0.2,13.47,,,,,
sterling_kite_engine,SENSEX,options_atm,21,1.0,14,2.0,7,3.0,one_red,mid,18,25,207,30.0,0.94,-3.56,-0.28,13.05,0.93,-2.68,65,32.3,0.96,-0.88,-0.1,7.02,,,,,
sterling_kite_engine,SENSEX,delta1,21,1.0,14,2.0,7,3.0,one_red,mid,30,25,206,31.6,0.83,-21.89,-0.96,34.26,0.82,-14.19,64,35.9,0.85,-7.7,-0.47,14.69,,,,,
sterling_kite_engine,SENSEX,options_atm,21,1.0,14,2.0,7,3.0,one_red,mid,30,25,206,27.2,0.89,-7.13,-0.54,18.61,0.9,-3.7,64,26.6,0.87,-3.43,-0.36,8.46,,,,,
sterling_kite_engine,SENSEX,delta1,21,1.0,14,2.0,7,3.0,one_red,mid,48,25,206,31.1,0.88,-15.57,-0.64,31.62,0.9,-7.52,64,35.9,0.84,-8.05,-0.48,14.69,,,,,
sterling_kite_engine,SENSEX,options_atm,21,1.0,14,2.0,7,3.0,one_red,mid,48,25,206,26.7,0.96,-2.66,-0.18,17.41,1.03,1.2,64,26.6,0.85,-3.86,-0.39,8.46,,,,,
sterling_kite_engine,SENSEX,delta1,21,1.0,14,2.0,7,3.0,two_red,fast,none,none,557,39.9,1.15,36.17,0.71,12.0,1.14,21.18,162,40.7,1.17,14.99,0.7,14.07,,,,,
sterling_kite_engine,SENSEX,options_atm,21,1.0,14,2.0,7,3.0,two_red,fast,none,none,557,35.9,1.24,29.22,0.9,7.85,1.26,20.29,162,38.3,1.2,8.93,0.77,8.07,,,,,
sterling_kite_engine,SENSEX,delta1,21,1.0,14,2.0,7,3.0,two_red,fast,18,none,559,40.4,1.11,27.45,0.62,13.01,1.08,12.27,163,42.3,1.18,15.18,0.76,14.35,,,,,
sterling_kite_engine,SENSEX,options_atm,21,1.0,14,2.0,7,3.0,two_red,fast,18,none,559,36.9,1.18,21.25,0.87,6.89,1.16,12.01,163,39.3,1.22,9.23,0.87,7.65,,,,,
sterling_kite_engine,SENSEX,delta1,21,1.0,14,2.0,7,3.0,two_red,fast,30,none,557,39.9,1.15,35.28,0.69,12.13,1.13,20.61,162,40.7,1.17,14.67,0.69,14.19,,,,,
sterling_kite_engine,SENSEX,options_atm,21,1.0,14,2.0,7,3.0,two_red,fast,30,none,557,35.9,1.25,29.54,0.9,7.85,1.26,19.92,162,38.3,1.22,9.62,0.8,8.07,,,,,
sterling_kite_engine,SENSEX,delta1,21,1.0,14,2.0,7,3.0,two_red,fast,48,none,557,39.9,1.16,38.11,0.74,11.84,1.14,21.18,162,40.7,1.19,16.93,0.77,13.85,,,,,
sterling_kite_engine,SENSEX,options_atm,21,1.0,14,2.0,7,3.0,two_red,fast,48,none,557,35.9,1.26,31.08,0.93,7.64,1.26,20.29,162,38.3,1.25,10.79,0.86,7.94,,,,,
sterling_kite_engine,SENSEX,delta1,21,1.0,14,2.0,7,3.0,two_red,fast,none,15,522,39.5,1.14,32.83,0.68,14.38,1.13,18.35,154,40.3,1.17,14.48,0.69,12.81,,,,,
sterling_kite_engine,SENSEX,options_atm,21,1.0,14,2.0,7,3.0,two_red,fast,none,15,522,35.6,1.24,27.47,0.88,8.85,1.26,18.89,154,37.7,1.2,8.58,0.75,7.4,,,,,
sterling_kite_engine,SENSEX,delta1,21,1.0,14,2.0,7,3.0,two_red,fast,18,15,524,40.1,1.12,26.58,0.63,12.17,1.06,9.25,155,41.9,1.21,17.33,0.87,12.76,,,,,
sterling_kite_engine,SENSEX,options_atm,21,1.0,14,2.0,7,3.0,two_red,fast,18,15,524,36.6,1.18,20.77,0.9,6.89,1.15,10.4,155,38.7,1.25,10.37,0.99,6.87,,,,,
sterling_kite_engine,SENSEX,delta1,21,1.0,14,2.0,7,3.0,two_red,fast,30,15,522,39.5,1.14,31.89,0.66,14.18,1.12,17.78,154,40.3,1.17,14.11,0.67,12.92,,,,,
sterling_kite_engine,SENSEX,options_atm,21,1.0,14,2.0,7,3.0,two_red,fast,30,15,522,35.6,1.24,27.59,0.88,8.81,1.26,18.51,154,37.7,1.22,9.07,0.77,7.41,,,,,
sterling_kite_engine,SENSEX,delta1,21,1.0,14,2.0,7,3.0,two_red,fast,48,15,522,39.5,1.15,34.77,0.71,14.38,1.13,18.35,154,40.3,1.19,16.43,0.76,12.61,,,,,
sterling_kite_engine,SENSEX,options_atm,21,1.0,14,2.0,7,3.0,two_red,fast,48,15,522,35.6,1.26,29.33,0.92,8.85,1.26,18.89,154,37.7,1.25,10.44,0.85,7.28,,,,,
sterling_kite_engine,SENSEX,delta1,21,1.0,14,2.0,7,3.0,two_red,fast,none,20,367,36.2,1.04,7.19,0.21,17.14,1.09,8.92,118,39.0,0.97,-1.73,-0.1,18.46,,,,,
sterling_kite_engine,SENSEX,options_atm,21,1.0,14,2.0,7,3.0,two_red,fast,none,20,367,32.7,1.15,12.9,0.55,9.2,1.27,13.99,118,35.6,0.97,-1.09,-0.12,10.39,,,,,
sterling_kite_engine,SENSEX,delta1,21,1.0,14,2.0,7,3.0,two_red,fast,18,20,368,37.0,1.03,5.69,0.19,17.33,1.01,0.61,119,41.2,1.08,5.08,0.31,17.41,,,,,
sterling_kite_engine,SENSEX,options_atm,21,1.0,14,2.0,7,3.0,two_red,fast,18,20,368,33.4,1.1,8.36,0.5,8.5,1.11,5.62,119,37.0,1.09,2.74,0.32,8.93,,,,,
sterling_kite_engine,SENSEX,delta1,21,1.0,14,2.0,7,3.0,two_red,fast,30,20,367,36.2,1.04,6.37,0.18,17.26,1.07,7.46,118,39.0,0.98,-1.1,-0.06,18.36,,,,,
sterling_kite_engine,SENSEX,options_atm,21,1.0,14,2.0,7,3.0,two_red,fast,30,20,367,32.7,1.15,12.5,0.53,9.23,1.25,12.8,118,35.6,0.99,-0.3,-0.03,10.31,,,,,
sterling_kite_engine,SENSEX,delta1,21,1.0,14,2.0,7,3.0,two_red,fast,48,20,367,36.2,1.05,8.85,0.25,16.92,1.09,8.92,118,39.0,1.0,-0.07,-0.0,18.2,,,,,
sterling_kite_engine,SENSEX,options_atm,21,1.0,14,2.0,7,3.0,two_red,fast,48,20,367,32.7,1.17,14.49,0.6,9.08,1.27,13.99,118,35.6,1.02,0.5,0.05,10.24,,,,,
sterling_kite_engine,SENSEX,delta1,21,1.0,14,2.0,7,3.0,two_red,fast,none,25,206,34.5,0.87,-13.44,-0.71,27.57,0.8,-12.68,64,39.1,0.98,-0.77,-0.06,11.15,,,,,
sterling_kite_engine,SENSEX,options_atm,21,1.0,14,2.0,7,3.0,two_red,fast,none,25,206,31.1,0.93,-3.61,-0.33,14.18,0.9,-3.11,64,35.9,0.97,-0.5,-0.07,5.84,,,,,
sterling_kite_engine,SENSEX,delta1,21,1.0,14,2.0,7,3.0,two_red,fast,18,25,207,35.7,0.94,-5.69,-0.3,20.64,0.83,-11.1,65,43.1,1.15,5.41,0.42,10.55,,,,,
sterling_kite_engine,SENSEX,options_atm,21,1.0,14,2.0,7,3.0,two_red,fast,18,25,207,32.9,1.03,1.4,0.13,10.04,0.95,-1.44,65,40.0,1.15,2.84,0.41,5.66,,,,,
sterling_kite_engine,SENSEX,delta1,21,1.0,14,2.0,7,3.0,two_red,fast,30,25,206,34.5,0.86,-14.27,-0.75,27.94,0.78,-14.14,64,39.1,1.0,-0.13,-0.01,11.08,,,,,
sterling_kite_engine,SENSEX,options_atm,21,1.0,14,2.0,7,3.0,two_red,fast,30,25,206,31.1,0.92,-4.04,-0.37,14.34,0.86,-4.33,64,35.9,1.01,0.29,0.04,5.79,,,,,
sterling_kite_engine,SENSEX,delta1,21,1.0,14,2.0,7,3.0,two_red,fast,48,25,206,34.5,0.89,-11.78,-0.6,27.57,0.8,-12.68,64,39.1,1.02,0.9,0.06,10.98,,,,,
sterling_kite_engine,SENSEX,options_atm,21,1.0,14,2.0,7,3.0,two_red,fast,48,25,206,31.1,0.96,-2.01,-0.17,14.18,0.9,-3.11,64,35.9,1.06,1.09,0.12,5.75,,,,,
sterling_kite_engine,SENSEX,delta1,21,1.0,14,2.0,7,3.0,two_red,mid,none,none,448,37.5,1.07,19.72,0.38,19.78,1.15,26.15,133,41.4,0.94,-6.43,-0.27,24.04,,,,,
sterling_kite_engine,SENSEX,options_atm,21,1.0,14,2.0,7,3.0,two_red,mid,none,none,448,31.7,1.06,8.86,0.3,13.92,1.18,16.84,133,34.6,0.86,-7.99,-0.65,16.06,,,,,
sterling_kite_engine,SENSEX,delta1,21,1.0,14,2.0,7,3.0,two_red,mid,18,none,496,41.1,0.99,-2.37,-0.05,23.74,1.06,10.48,144,43.8,0.89,-12.85,-0.58,25.91,,,,,
sterling_kite_engine,SENSEX,options_atm,21,1.0,14,2.0,7,3.0,two_red,mid,18,none,496,37.9,1.03,4.7,0.18,12.02,1.12,10.86,144,41.7,0.89,-6.16,-0.55,13.23,,,,,
sterling_kite_engine,SENSEX,delta1,21,1.0,14,2.0,7,3.0,two_red,mid,30,none,471,37.6,1.03,8.7,0.16,19.71,1.06,11.16,138,41.3,0.98,-2.46,-0.1,21.5,,,,,
sterling_kite_engine,SENSEX,options_atm,21,1.0,14,2.0,7,3.0,two_red,mid,30,none,471,32.9,1.07,10.7,0.35,11.38,1.12,11.33,138,35.5,0.99,-0.63,-0.04,12.52,,,,,
sterling_kite_engine,SENSEX,delta1,21,1.0,14,2.0,7,3.0,two_red,mid,48,none,455,37.4,1.09,26.31,0.49,18.09,1.17,31.63,135,41.5,0.95,-5.32,-0.22,22.82,,,,,
sterling_kite_engine,SENSEX,options_atm,21,1.0,14,2.0,7,3.0,two_red,mid,48,none,455,32.3,1.12,17.69,0.57,12.2,1.24,22.98,135,34.8,0.91,-5.29,-0.4,14.74,,,,,
sterling_kite_engine,SENSEX,delta1,21,1.0,14,2.0,7,3.0,two_red,mid,none,15,427,38.2,1.09,25.77,0.52,18.06,1.2,33.63,129,41.1,0.93,-7.86,-0.33,23.2,,,,,
sterling_kite_engine,SENSEX,options_atm,21,1.0,14,2.0,7,3.0,two_red,mid,none,15,427,32.1,1.08,11.88,0.42,13.05,1.23,20.52,129,34.1,0.84,-8.64,-0.71,15.54,,,,,
sterling_kite_engine,SENSEX,delta1,21,1.0,14,2.0,7,3.0,two_red,mid,18,15,469,41.4,0.99,-2.7,-0.06,22.72,1.06,10.67,140,43.6,0.88,-13.36,-0.61,24.87,,,,,
sterling_kite_engine,SENSEX,options_atm,21,1.0,14,2.0,7,3.0,two_red,mid,18,15,469,38.0,1.03,4.18,0.17,11.73,1.12,10.67,140,41.4,0.88,-6.48,-0.59,12.62,,,,,
sterling_kite_engine,SENSEX,delta1,21,1.0,14,2.0,7,3.0,two_red,mid,30,15,450,38.2,1.07,19.14,0.37,17.27,1.13,23.09,134,41.0,0.97,-3.95,-0.16,20.61,,,,,
sterling_kite_engine,SENSEX,options_atm,21,1.0,14,2.0,7,3.0,two_red,mid,30,15,450,33.3,1.11,16.71,0.56,10.31,1.2,18.19,134,35.1,0.97,-1.48,-0.11,11.99,,,,,
sterling_kite_engine,SENSEX,delta1,21,1.0,14,2.0,7,3.0,two_red,mid,48,15,433,38.1,1.12,32.84,0.64,16.42,1.22,38.02,130,41.5,0.95,-5.18,-0.21,21.65,,,,,
sterling_kite_engine,SENSEX,options_atm,21,1.0,14,2.0,7,3.0,two_red,mid,48,15,433,32.8,1.14,20.38,0.69,11.44,1.29,25.68,130,34.6,0.9,-5.3,-0.41,14.12,,,,,
sterling_kite_engine,SENSEX,delta1,21,1.0,14,2.0,7,3.0,two_red,mid,none,20,316,37.3,1.04,7.92,0.21,20.43,1.15,18.65,101,40.6,0.88,-10.73,-0.52,23.74,,,,,
sterling_kite_engine,SENSEX,options_atm,21,1.0,14,2.0,7,3.0,two_red,mid,none,20,316,31.0,1.04,4.06,0.19,14.25,1.21,13.62,101,31.7,0.79,-9.57,-0.89,13.87,,,,,
sterling_kite_engine,SENSEX,delta1,21,1.0,14,2.0,7,3.0,two_red,mid,18,20,343,39.7,0.92,-16.71,-0.5,27.73,1.0,0.38,108,44.4,0.81,-17.09,-0.93,27.74,,,,,
sterling_kite_engine,SENSEX,options_atm,21,1.0,14,2.0,7,3.0,two_red,mid,18,20,343,36.2,0.96,-4.42,-0.25,15.72,1.08,4.98,108,41.7,0.78,-9.41,-1.03,15.32,,,,,
sterling_kite_engine,SENSEX,delta1,21,1.0,14,2.0,7,3.0,two_red,mid,30,20,331,38.4,1.04,9.23,0.24,18.68,1.08,11.07,103,42.7,0.98,-1.84,-0.08,20.38,,,,,
sterling_kite_engine,SENSEX,options_atm,21,1.0,14,2.0,7,3.0,two_red,mid,30,20,331,33.2,1.11,11.98,0.52,10.16,1.19,12.42,103,35.0,0.99,-0.43,-0.03,10.21,,,,,
sterling_kite_engine,SENSEX,delta1,21,1.0,14,2.0,7,3.0,two_red,mid,48,20,319,37.6,1.09,19.59,0.5,18.79,1.21,26.53,101,41.6,0.92,-6.94,-0.32,22.98,,,,,
sterling_kite_engine,SENSEX,options_atm,21,1.0,14,2.0,7,3.0,two_red,mid,48,20,319,32.6,1.13,14.34,0.63,10.48,1.32,20.38,101,33.7,0.86,-6.03,-0.51,12.48,,,,,
sterling_kite_engine,SENSEX,delta1,21,1.0,14,2.0,7,3.0,two_red,mid,none,25,186,32.3,0.78,-32.4,-1.28,47.94,0.75,-22.25,59,35.6,0.82,-10.14,-0.58,19.09,,,,,
sterling_kite_engine,SENSEX,options_atm,21,1.0,14,2.0,7,3.0,two_red,mid,none,25,186,25.8,0.79,-15.23,-1.08,26.88,0.8,-8.64,59,27.1,0.78,-6.59,-0.7,10.49,,,,,
sterling_kite_engine,SENSEX,delta1,21,1.0,14,2.0,7,3.0,two_red,mid,18,25,195,35.9,0.72,-39.39,-1.78,44.12,0.74,-22.43,60,40.0,0.69,-16.97,-1.18,17.16,,,,,
sterling_kite_engine,SENSEX,options_atm,21,1.0,14,2.0,7,3.0,two_red,mid,18,25,195,31.3,0.78,-14.83,-1.22,21.35,0.84,-6.46,60,36.7,0.69,-8.37,-1.14,8.26,,,,,
sterling_kite_engine,SENSEX,delta1,21,1.0,14,2.0,7,3.0,two_red,mid,30,25,192,33.9,0.82,-25.68,-0.99,42.42,0.72,-24.75,60,38.3,0.98,-0.93,-0.05,12.84,,,,,
sterling_kite_engine,SENSEX,options_atm,21,1.0,14,2.0,7,3.0,two_red,mid,30,25,192,28.6,0.89,-8.08,-0.54,22.85,0.79,-9.16,60,30.0,1.04,1.08,0.1,7.41,,,,,
sterling_kite_engine,SENSEX,delta1,21,1.0,14,2.0,7,3.0,two_red,mid,48,25,188,32.4,0.85,-21.87,-0.81,39.7,0.86,-12.55,59,35.6,0.84,-9.32,-0.52,19.09,,,,,
sterling_kite_engine,SENSEX,options_atm,21,1.0,14,2.0,7,3.0,two_red,mid,48,25,188,27.7,0.91,-6.37,-0.41,20.71,0.97,-1.22,59,28.8,0.83,-5.15,-0.5,10.49,,,,,
sterling_kite_engine,SENSEX,delta1,21,1.0,14,2.0,7,3.0,three_red,fast,none,none,557,39.9,1.15,36.17,0.71,12.0,1.14,21.18,162,40.7,1.17,14.99,0.7,14.07,,,,,
sterling_kite_engine,SENSEX,options_atm,21,1.0,14,2.0,7,3.0,three_red,fast,none,none,557,35.9,1.24,29.22,0.9,7.85,1.26,20.29,162,38.3,1.2,8.93,0.77,8.07,,,,,
sterling_kite_engine,SENSEX,delta1,21,1.0,14,2.0,7,3.0,three_red,fast,18,none,559,40.4,1.11,27.45,0.62,13.01,1.08,12.27,163,42.3,1.18,15.18,0.76,14.35,,,,,
sterling_kite_engine,SENSEX,options_atm,21,1.0,14,2.0,7,3.0,three_red,fast,18,none,559,36.9,1.18,21.25,0.87,6.89,1.16,12.01,163,39.3,1.22,9.23,0.87,7.65,,,,,
sterling_kite_engine,SENSEX,delta1,21,1.0,14,2.0,7,3.0,three_red,fast,30,none,557,39.9,1.15,35.28,0.69,12.13,1.13,20.61,162,40.7,1.17,14.67,0.69,14.19,,,,,
sterling_kite_engine,SENSEX,options_atm,21,1.0,14,2.0,7,3.0,three_red,fast,30,none,557,35.9,1.25,29.54,0.9,7.85,1.26,19.92,162,38.3,1.22,9.62,0.8,8.07,,,,,
sterling_kite_engine,SENSEX,delta1,21,1.0,14,2.0,7,3.0,three_red,fast,48,none,557,39.9,1.16,38.11,0.74,11.84,1.14,21.18,162,40.7,1.19,16.93,0.77,13.85,,,,,
sterling_kite_engine,SENSEX,options_atm,21,1.0,14,2.0,7,3.0,three_red,fast,48,none,557,35.9,1.26,31.08,0.93,7.64,1.26,20.29,162,38.3,1.25,10.79,0.86,7.94,,,,,
sterling_kite_engine,SENSEX,delta1,21,1.0,14,2.0,7,3.0,three_red,fast,none,15,522,39.5,1.14,32.83,0.68,14.38,1.13,18.35,154,40.3,1.17,14.48,0.69,12.81,,,,,
sterling_kite_engine,SENSEX,options_atm,21,1.0,14,2.0,7,3.0,three_red,fast,none,15,522,35.6,1.24,27.47,0.88,8.85,1.26,18.89,154,37.7,1.2,8.58,0.75,7.4,,,,,
sterling_kite_engine,SENSEX,delta1,21,1.0,14,2.0,7,3.0,three_red,fast,18,15,524,40.1,1.12,26.58,0.63,12.17,1.06,9.25,155,41.9,1.21,17.33,0.87,12.76,,,,,
sterling_kite_engine,SENSEX,options_atm,21,1.0,14,2.0,7,3.0,three_red,fast,18,15,524,36.6,1.18,20.77,0.9,6.89,1.15,10.4,155,38.7,1.25,10.37,0.99,6.87,,,,,
sterling_kite_engine,SENSEX,delta1,21,1.0,14,2.0,7,3.0,three_red,fast,30,15,522,39.5,1.14,31.89,0.66,14.18,1.12,17.78,154,40.3,1.17,14.11,0.67,12.92,,,,,
sterling_kite_engine,SENSEX,options_atm,21,1.0,14,2.0,7,3.0,three_red,fast,30,15,522,35.6,1.24,27.59,0.88,8.81,1.26,18.51,154,37.7,1.22,9.07,0.77,7.41,,,,,
sterling_kite_engine,SENSEX,delta1,21,1.0,14,2.0,7,3.0,three_red,fast,48,15,522,39.5,1.15,34.77,0.71,14.38,1.13,18.35,154,40.3,1.19,16.43,0.76,12.61,,,,,
sterling_kite_engine,SENSEX,options_atm,21,1.0,14,2.0,7,3.0,three_red,fast,48,15,522,35.6,1.26,29.33,0.92,8.85,1.26,18.89,154,37.7,1.25,10.44,0.85,7.28,,,,,
sterling_kite_engine,SENSEX,delta1,21,1.0,14,2.0,7,3.0,three_red,fast,none,20,367,36.2,1.04,7.19,0.21,17.14,1.09,8.92,118,39.0,0.97,-1.73,-0.1,18.46,,,,,
sterling_kite_engine,SENSEX,options_atm,21,1.0,14,2.0,7,3.0,three_red,fast,none,20,367,32.7,1.15,12.9,0.55,9.2,1.27,13.99,118,35.6,0.97,-1.09,-0.12,10.39,,,,,
sterling_kite_engine,SENSEX,delta1,21,1.0,14,2.0,7,3.0,three_red,fast,18,20,368,37.0,1.03,5.69,0.19,17.33,1.01,0.61,119,41.2,1.08,5.08,0.31,17.41,,,,,
sterling_kite_engine,SENSEX,options_atm,21,1.0,14,2.0,7,3.0,three_red,fast,18,20,368,33.4,1.1,8.36,0.5,8.5,1.11,5.62,119,37.0,1.09,2.74,0.32,8.93,,,,,
sterling_kite_engine,SENSEX,delta1,21,1.0,14,2.0,7,3.0,three_red,fast,30,20,367,36.2,1.04,6.37,0.18,17.26,1.07,7.46,118,39.0,0.98,-1.1,-0.06,18.36,,,,,
sterling_kite_engine,SENSEX,options_atm,21,1.0,14,2.0,7,3.0,three_red,fast,30,20,367,32.7,1.15,12.5,0.53,9.23,1.25,12.8,118,35.6,0.99,-0.3,-0.03,10.31,,,,,
sterling_kite_engine,SENSEX,delta1,21,1.0,14,2.0,7,3.0,three_red,fast,48,20,367,36.2,1.05,8.85,0.25,16.92,1.09,8.92,118,39.0,1.0,-0.07,-0.0,18.2,,,,,
sterling_kite_engine,SENSEX,options_atm,21,1.0,14,2.0,7,3.0,three_red,fast,48,20,367,32.7,1.17,14.49,0.6,9.08,1.27,13.99,118,35.6,1.02,0.5,0.05,10.24,,,,,
sterling_kite_engine,SENSEX,delta1,21,1.0,14,2.0,7,3.0,three_red,fast,none,25,206,34.5,0.87,-13.44,-0.71,27.57,0.8,-12.68,64,39.1,0.98,-0.77,-0.06,11.15,,,,,
sterling_kite_engine,SENSEX,options_atm,21,1.0,14,2.0,7,3.0,three_red,fast,none,25,206,31.1,0.93,-3.61,-0.33,14.18,0.9,-3.11,64,35.9,0.97,-0.5,-0.07,5.84,,,,,
sterling_kite_engine,SENSEX,delta1,21,1.0,14,2.0,7,3.0,three_red,fast,18,25,207,35.7,0.94,-5.69,-0.3,20.64,0.83,-11.1,65,43.1,1.15,5.41,0.42,10.55,,,,,
sterling_kite_engine,SENSEX,options_atm,21,1.0,14,2.0,7,3.0,three_red,fast,18,25,207,32.9,1.03,1.4,0.13,10.04,0.95,-1.44,65,40.0,1.15,2.84,0.41,5.66,,,,,
sterling_kite_engine,SENSEX,delta1,21,1.0,14,2.0,7,3.0,three_red,fast,30,25,206,34.5,0.86,-14.27,-0.75,27.94,0.78,-14.14,64,39.1,1.0,-0.13,-0.01,11.08,,,,,
sterling_kite_engine,SENSEX,options_atm,21,1.0,14,2.0,7,3.0,three_red,fast,30,25,206,31.1,0.92,-4.04,-0.37,14.34,0.86,-4.33,64,35.9,1.01,0.29,0.04,5.79,,,,,
sterling_kite_engine,SENSEX,delta1,21,1.0,14,2.0,7,3.0,three_red,fast,48,25,206,34.5,0.89,-11.78,-0.6,27.57,0.8,-12.68,64,39.1,1.02,0.9,0.06,10.98,,,,,
sterling_kite_engine,SENSEX,options_atm,21,1.0,14,2.0,7,3.0,three_red,fast,48,25,206,31.1,0.96,-2.01,-0.17,14.18,0.9,-3.11,64,35.9,1.06,1.09,0.12,5.75,,,,,
sterling_kite_engine,SENSEX,delta1,21,1.0,14,2.0,7,3.0,three_red,mid,none,none,448,37.5,1.07,19.72,0.38,19.78,1.15,26.15,133,41.4,0.94,-6.43,-0.27,24.04,,,,,
sterling_kite_engine,SENSEX,options_atm,21,1.0,14,2.0,7,3.0,three_red,mid,none,none,448,31.7,1.06,8.86,0.3,13.92,1.18,16.84,133,34.6,0.86,-7.99,-0.65,16.06,,,,,
sterling_kite_engine,SENSEX,delta1,21,1.0,14,2.0,7,3.0,three_red,mid,18,none,496,41.1,0.99,-2.37,-0.05,23.74,1.06,10.48,144,43.8,0.89,-12.85,-0.58,25.91,,,,,
sterling_kite_engine,SENSEX,options_atm,21,1.0,14,2.0,7,3.0,three_red,mid,18,none,496,37.9,1.03,4.7,0.18,12.02,1.12,10.86,144,41.7,0.89,-6.16,-0.55,13.23,,,,,
sterling_kite_engine,SENSEX,delta1,21,1.0,14,2.0,7,3.0,three_red,mid,30,none,471,37.6,1.03,8.7,0.16,19.71,1.06,11.16,138,41.3,0.98,-2.46,-0.1,21.5,,,,,
sterling_kite_engine,SENSEX,options_atm,21,1.0,14,2.0,7,3.0,three_red,mid,30,none,471,32.9,1.07,10.7,0.35,11.38,1.12,11.33,138,35.5,0.99,-0.63,-0.04,12.52,,,,,
sterling_kite_engine,SENSEX,delta1,21,1.0,14,2.0,7,3.0,three_red,mid,48,none,455,37.4,1.09,26.31,0.49,18.09,1.17,31.63,135,41.5,0.95,-5.32,-0.22,22.82,,,,,
sterling_kite_engine,SENSEX,options_atm,21,1.0,14,2.0,7,3.0,three_red,mid,48,none,455,32.3,1.12,17.69,0.57,12.2,1.24,22.98,135,34.8,0.91,-5.29,-0.4,14.74,,,,,
sterling_kite_engine,SENSEX,delta1,21,1.0,14,2.0,7,3.0,three_red,mid,none,15,427,38.2,1.09,25.77,0.52,18.06,1.2,33.63,129,41.1,0.93,-7.86,-0.33,23.2,,,,,
sterling_kite_engine,SENSEX,options_atm,21,1.0,14,2.0,7,3.0,three_red,mid,none,15,427,32.1,1.08,11.88,0.42,13.05,1.23,20.52,129,34.1,0.84,-8.64,-0.71,15.54,,,,,
sterling_kite_engine,SENSEX,delta1,21,1.0,14,2.0,7,3.0,three_red,mid,18,15,469,41.4,0.99,-2.7,-0.06,22.72,1.06,10.67,140,43.6,0.88,-13.36,-0.61,24.87,,,,,
sterling_kite_engine,SENSEX,options_atm,21,1.0,14,2.0,7,3.0,three_red,mid,18,15,469,38.0,1.03,4.18,0.17,11.73,1.12,10.67,140,41.4,0.88,-6.48,-0.59,12.62,,,,,
sterling_kite_engine,SENSEX,delta1,21,1.0,14,2.0,7,3.0,three_red,mid,30,15,450,38.2,1.07,19.14,0.37,17.27,1.13,23.09,134,41.0,0.97,-3.95,-0.16,20.61,,,,,
sterling_kite_engine,SENSEX,options_atm,21,1.0,14,2.0,7,3.0,three_red,mid,30,15,450,33.3,1.11,16.71,0.56,10.31,1.2,18.19,134,35.1,0.97,-1.48,-0.11,11.99,,,,,
sterling_kite_engine,SENSEX,delta1,21,1.0,14,2.0,7,3.0,three_red,mid,48,15,433,38.1,1.12,32.84,0.64,16.42,1.22,38.02,130,41.5,0.95,-5.18,-0.21,21.65,,,,,
sterling_kite_engine,SENSEX,options_atm,21,1.0,14,2.0,7,3.0,three_red,mid,48,15,433,32.8,1.14,20.38,0.69,11.44,1.29,25.68,130,34.6,0.9,-5.3,-0.41,14.12,,,,,
sterling_kite_engine,SENSEX,delta1,21,1.0,14,2.0,7,3.0,three_red,mid,none,20,316,37.3,1.04,7.92,0.21,20.43,1.15,18.65,101,40.6,0.88,-10.73,-0.52,23.74,,,,,
sterling_kite_engine,SENSEX,options_atm,21,1.0,14,2.0,7,3.0,three_red,mid,none,20,316,31.0,1.04,4.06,0.19,14.25,1.21,13.62,101,31.7,0.79,-9.57,-0.89,13.87,,,,,
sterling_kite_engine,SENSEX,delta1,21,1.0,14,2.0,7,3.0,three_red,mid,18,20,343,39.7,0.92,-16.71,-0.5,27.73,1.0,0.38,108,44.4,0.81,-17.09,-0.93,27.74,,,,,
sterling_kite_engine,SENSEX,options_atm,21,1.0,14,2.0,7,3.0,three_red,mid,18,20,343,36.2,0.96,-4.42,-0.25,15.72,1.08,4.98,108,41.7,0.78,-9.41,-1.03,15.32,,,,,
sterling_kite_engine,SENSEX,delta1,21,1.0,14,2.0,7,3.0,three_red,mid,30,20,331,38.4,1.04,9.23,0.24,18.68,1.08,11.07,103,42.7,0.98,-1.84,-0.08,20.38,,,,,
sterling_kite_engine,SENSEX,options_atm,21,1.0,14,2.0,7,3.0,three_red,mid,30,20,331,33.2,1.11,11.98,0.52,10.16,1.19,12.42,103,35.0,0.99,-0.43,-0.03,10.21,,,,,
sterling_kite_engine,SENSEX,delta1,21,1.0,14,2.0,7,3.0,three_red,mid,48,20,319,37.6,1.09,19.59,0.5,18.79,1.21,26.53,101,41.6,0.92,-6.94,-0.32,22.98,,,,,
sterling_kite_engine,SENSEX,options_atm,21,1.0,14,2.0,7,3.0,three_red,mid,48,20,319,32.6,1.13,14.34,0.63,10.48,1.32,20.38,101,33.7,0.86,-6.03,-0.51,12.48,,,,,
sterling_kite_engine,SENSEX,delta1,21,1.0,14,2.0,7,3.0,three_red,mid,none,25,186,32.3,0.78,-32.4,-1.28,47.94,0.75,-22.25,59,35.6,0.82,-10.14,-0.58,19.09,,,,,
sterling_kite_engine,SENSEX,options_atm,21,1.0,14,2.0,7,3.0,three_red,mid,none,25,186,25.8,0.79,-15.23,-1.08,26.88,0.8,-8.64,59,27.1,0.78,-6.59,-0.7,10.49,,,,,
sterling_kite_engine,SENSEX,delta1,21,1.0,14,2.0,7,3.0,three_red,mid,18,25,195,35.9,0.72,-39.39,-1.78,44.12,0.74,-22.43,60,40.0,0.69,-16.97,-1.18,17.16,,,,,
sterling_kite_engine,SENSEX,options_atm,21,1.0,14,2.0,7,3.0,three_red,mid,18,25,195,31.3,0.78,-14.83,-1.22,21.35,0.84,-6.46,60,36.7,0.69,-8.37,-1.14,8.26,,,,,
sterling_kite_engine,SENSEX,delta1,21,1.0,14,2.0,7,3.0,three_red,mid,30,25,192,33.9,0.82,-25.68,-0.99,42.42,0.72,-24.75,60,38.3,0.98,-0.93,-0.05,12.84,,,,,
sterling_kite_engine,SENSEX,options_atm,21,1.0,14,2.0,7,3.0,three_red,mid,30,25,192,28.6,0.89,-8.08,-0.54,22.85,0.79,-9.16,60,30.0,1.04,1.08,0.1,7.41,,,,,
sterling_kite_engine,SENSEX,delta1,21,1.0,14,2.0,7,3.0,three_red,mid,48,25,188,32.4,0.85,-21.87,-0.81,39.7,0.86,-12.55,59,35.6,0.84,-9.32,-0.52,19.09,,,,,
sterling_kite_engine,SENSEX,options_atm,21,1.0,14,2.0,7,3.0,three_red,mid,48,25,188,27.7,0.91,-6.37,-0.41,20.71,0.97,-1.22,59,28.8,0.83,-5.15,-0.5,10.49,,,,,
sterling_kite_engine,SENSEX,delta1,21,1.0,14,2.0,7,3.0,three_red_signal,fast,none,none,557,39.9,1.15,36.17,0.71,12.0,1.14,21.18,162,40.7,1.17,14.99,0.7,14.07,,,,,
sterling_kite_engine,SENSEX,options_atm,21,1.0,14,2.0,7,3.0,three_red_signal,fast,none,none,557,35.9,1.24,29.22,0.9,7.85,1.26,20.29,162,38.3,1.2,8.93,0.77,8.07,,,,,
sterling_kite_engine,SENSEX,delta1,21,1.0,14,2.0,7,3.0,three_red_signal,fast,18,none,559,40.4,1.11,27.45,0.62,13.01,1.08,12.27,163,42.3,1.18,15.18,0.76,14.35,,,,,
sterling_kite_engine,SENSEX,options_atm,21,1.0,14,2.0,7,3.0,three_red_signal,fast,18,none,559,36.9,1.18,21.25,0.87,6.89,1.16,12.01,163,39.3,1.22,9.23,0.87,7.65,,,,,
sterling_kite_engine,SENSEX,delta1,21,1.0,14,2.0,7,3.0,three_red_signal,fast,30,none,557,39.9,1.15,35.28,0.69,12.13,1.13,20.61,162,40.7,1.17,14.67,0.69,14.19,,,,,
sterling_kite_engine,SENSEX,options_atm,21,1.0,14,2.0,7,3.0,three_red_signal,fast,30,none,557,35.9,1.25,29.54,0.9,7.85,1.26,19.92,162,38.3,1.22,9.62,0.8,8.07,,,,,
sterling_kite_engine,SENSEX,delta1,21,1.0,14,2.0,7,3.0,three_red_signal,fast,48,none,557,39.9,1.16,38.11,0.74,11.84,1.14,21.18,162,40.7,1.19,16.93,0.77,13.85,,,,,
sterling_kite_engine,SENSEX,options_atm,21,1.0,14,2.0,7,3.0,three_red_signal,fast,48,none,557,35.9,1.26,31.08,0.93,7.64,1.26,20.29,162,38.3,1.25,10.79,0.86,7.94,,,,,
sterling_kite_engine,SENSEX,delta1,21,1.0,14,2.0,7,3.0,three_red_signal,fast,none,15,522,39.5,1.14,32.83,0.68,14.38,1.13,18.35,154,40.3,1.17,14.48,0.69,12.81,,,,,
sterling_kite_engine,SENSEX,options_atm,21,1.0,14,2.0,7,3.0,three_red_signal,fast,none,15,522,35.6,1.24,27.47,0.88,8.85,1.26,18.89,154,37.7,1.2,8.58,0.75,7.4,,,,,
sterling_kite_engine,SENSEX,delta1,21,1.0,14,2.0,7,3.0,three_red_signal,fast,18,15,524,40.1,1.12,26.58,0.63,12.17,1.06,9.25,155,41.9,1.21,17.33,0.87,12.76,,,,,
sterling_kite_engine,SENSEX,options_atm,21,1.0,14,2.0,7,3.0,three_red_signal,fast,18,15,524,36.6,1.18,20.77,0.9,6.89,1.15,10.4,155,38.7,1.25,10.37,0.99,6.87,,,,,
sterling_kite_engine,SENSEX,delta1,21,1.0,14,2.0,7,3.0,three_red_signal,fast,30,15,522,39.5,1.14,31.89,0.66,14.18,1.12,17.78,154,40.3,1.17,14.11,0.67,12.92,,,,,
sterling_kite_engine,SENSEX,options_atm,21,1.0,14,2.0,7,3.0,three_red_signal,fast,30,15,522,35.6,1.24,27.59,0.88,8.81,1.26,18.51,154,37.7,1.22,9.07,0.77,7.41,,,,,
sterling_kite_engine,SENSEX,delta1,21,1.0,14,2.0,7,3.0,three_red_signal,fast,48,15,522,39.5,1.15,34.77,0.71,14.38,1.13,18.35,154,40.3,1.19,16.43,0.76,12.61,,,,,
sterling_kite_engine,SENSEX,options_atm,21,1.0,14,2.0,7,3.0,three_red_signal,fast,48,15,522,35.6,1.26,29.33,0.92,8.85,1.26,18.89,154,37.7,1.25,10.44,0.85,7.28,,,,,
sterling_kite_engine,SENSEX,delta1,21,1.0,14,2.0,7,3.0,three_red_signal,fast,none,20,367,36.2,1.04,7.19,0.21,17.14,1.09,8.92,118,39.0,0.97,-1.73,-0.1,18.46,,,,,
sterling_kite_engine,SENSEX,options_atm,21,1.0,14,2.0,7,3.0,three_red_signal,fast,none,20,367,32.7,1.15,12.9,0.55,9.2,1.27,13.99,118,35.6,0.97,-1.09,-0.12,10.39,,,,,
sterling_kite_engine,SENSEX,delta1,21,1.0,14,2.0,7,3.0,three_red_signal,fast,18,20,368,37.0,1.03,5.69,0.19,17.33,1.01,0.61,119,41.2,1.08,5.08,0.31,17.41,,,,,
sterling_kite_engine,SENSEX,options_atm,21,1.0,14,2.0,7,3.0,three_red_signal,fast,18,20,368,33.4,1.1,8.36,0.5,8.5,1.11,5.62,119,37.0,1.09,2.74,0.32,8.93,,,,,
sterling_kite_engine,SENSEX,delta1,21,1.0,14,2.0,7,3.0,three_red_signal,fast,30,20,367,36.2,1.04,6.37,0.18,17.26,1.07,7.46,118,39.0,0.98,-1.1,-0.06,18.36,,,,,
sterling_kite_engine,SENSEX,options_atm,21,1.0,14,2.0,7,3.0,three_red_signal,fast,30,20,367,32.7,1.15,12.5,0.53,9.23,1.25,12.8,118,35.6,0.99,-0.3,-0.03,10.31,,,,,
sterling_kite_engine,SENSEX,delta1,21,1.0,14,2.0,7,3.0,three_red_signal,fast,48,20,367,36.2,1.05,8.85,0.25,16.92,1.09,8.92,118,39.0,1.0,-0.07,-0.0,18.2,,,,,
sterling_kite_engine,SENSEX,options_atm,21,1.0,14,2.0,7,3.0,three_red_signal,fast,48,20,367,32.7,1.17,14.49,0.6,9.08,1.27,13.99,118,35.6,1.02,0.5,0.05,10.24,,,,,
sterling_kite_engine,SENSEX,delta1,21,1.0,14,2.0,7,3.0,three_red_signal,fast,none,25,206,34.5,0.87,-13.44,-0.71,27.57,0.8,-12.68,64,39.1,0.98,-0.77,-0.06,11.15,,,,,
sterling_kite_engine,SENSEX,options_atm,21,1.0,14,2.0,7,3.0,three_red_signal,fast,none,25,206,31.1,0.93,-3.61,-0.33,14.18,0.9,-3.11,64,35.9,0.97,-0.5,-0.07,5.84,,,,,
sterling_kite_engine,SENSEX,delta1,21,1.0,14,2.0,7,3.0,three_red_signal,fast,18,25,207,35.7,0.94,-5.69,-0.3,20.64,0.83,-11.1,65,43.1,1.15,5.41,0.42,10.55,,,,,
sterling_kite_engine,SENSEX,options_atm,21,1.0,14,2.0,7,3.0,three_red_signal,fast,18,25,207,32.9,1.03,1.4,0.13,10.04,0.95,-1.44,65,40.0,1.15,2.84,0.41,5.66,,,,,
sterling_kite_engine,SENSEX,delta1,21,1.0,14,2.0,7,3.0,three_red_signal,fast,30,25,206,34.5,0.86,-14.27,-0.75,27.94,0.78,-14.14,64,39.1,1.0,-0.13,-0.01,11.08,,,,,
sterling_kite_engine,SENSEX,options_atm,21,1.0,14,2.0,7,3.0,three_red_signal,fast,30,25,206,31.1,0.92,-4.04,-0.37,14.34,0.86,-4.33,64,35.9,1.01,0.29,0.04,5.79,,,,,
sterling_kite_engine,SENSEX,delta1,21,1.0,14,2.0,7,3.0,three_red_signal,fast,48,25,206,34.5,0.89,-11.78,-0.6,27.57,0.8,-12.68,64,39.1,1.02,0.9,0.06,10.98,,,,,
sterling_kite_engine,SENSEX,options_atm,21,1.0,14,2.0,7,3.0,three_red_signal,fast,48,25,206,31.1,0.96,-2.01,-0.17,14.18,0.9,-3.11,64,35.9,1.06,1.09,0.12,5.75,,,,,
sterling_kite_engine,SENSEX,delta1,21,1.0,14,2.0,7,3.0,three_red_signal,mid,none,none,448,37.5,1.07,19.72,0.38,19.78,1.15,26.15,133,41.4,0.94,-6.43,-0.27,24.04,,,,,
sterling_kite_engine,SENSEX,options_atm,21,1.0,14,2.0,7,3.0,three_red_signal,mid,none,none,448,31.7,1.06,8.86,0.3,13.92,1.18,16.84,133,34.6,0.86,-7.99,-0.65,16.06,,,,,
sterling_kite_engine,SENSEX,delta1,21,1.0,14,2.0,7,3.0,three_red_signal,mid,18,none,496,41.1,0.99,-2.37,-0.05,23.74,1.06,10.48,144,43.8,0.89,-12.85,-0.58,25.91,,,,,
sterling_kite_engine,SENSEX,options_atm,21,1.0,14,2.0,7,3.0,three_red_signal,mid,18,none,496,37.9,1.03,4.7,0.18,12.02,1.12,10.86,144,41.7,0.89,-6.16,-0.55,13.23,,,,,
sterling_kite_engine,SENSEX,delta1,21,1.0,14,2.0,7,3.0,three_red_signal,mid,30,none,471,37.6,1.03,8.7,0.16,19.71,1.06,11.16,138,41.3,0.98,-2.46,-0.1,21.5,,,,,
sterling_kite_engine,SENSEX,options_atm,21,1.0,14,2.0,7,3.0,three_red_signal,mid,30,none,471,32.9,1.07,10.7,0.35,11.38,1.12,11.33,138,35.5,0.99,-0.63,-0.04,12.52,,,,,
sterling_kite_engine,SENSEX,delta1,21,1.0,14,2.0,7,3.0,three_red_signal,mid,48,none,455,37.4,1.09,26.31,0.49,18.09,1.17,31.63,135,41.5,0.95,-5.32,-0.22,22.82,,,,,
sterling_kite_engine,SENSEX,options_atm,21,1.0,14,2.0,7,3.0,three_red_signal,mid,48,none,455,32.3,1.12,17.69,0.57,12.2,1.24,22.98,135,34.8,0.91,-5.29,-0.4,14.74,,,,,
sterling_kite_engine,SENSEX,delta1,21,1.0,14,2.0,7,3.0,three_red_signal,mid,none,15,427,38.2,1.09,25.77,0.52,18.06,1.2,33.63,129,41.1,0.93,-7.86,-0.33,23.2,,,,,
sterling_kite_engine,SENSEX,options_atm,21,1.0,14,2.0,7,3.0,three_red_signal,mid,none,15,427,32.1,1.08,11.88,0.42,13.05,1.23,20.52,129,34.1,0.84,-8.64,-0.71,15.54,,,,,
sterling_kite_engine,SENSEX,delta1,21,1.0,14,2.0,7,3.0,three_red_signal,mid,18,15,469,41.4,0.99,-2.7,-0.06,22.72,1.06,10.67,140,43.6,0.88,-13.36,-0.61,24.87,,,,,
sterling_kite_engine,SENSEX,options_atm,21,1.0,14,2.0,7,3.0,three_red_signal,mid,18,15,469,38.0,1.03,4.18,0.17,11.73,1.12,10.67,140,41.4,0.88,-6.48,-0.59,12.62,,,,,
sterling_kite_engine,SENSEX,delta1,21,1.0,14,2.0,7,3.0,three_red_signal,mid,30,15,450,38.2,1.07,19.14,0.37,17.27,1.13,23.09,134,41.0,0.97,-3.95,-0.16,20.61,,,,,
sterling_kite_engine,SENSEX,options_atm,21,1.0,14,2.0,7,3.0,three_red_signal,mid,30,15,450,33.3,1.11,16.71,0.56,10.31,1.2,18.19,134,35.1,0.97,-1.48,-0.11,11.99,,,,,
sterling_kite_engine,SENSEX,delta1,21,1.0,14,2.0,7,3.0,three_red_signal,mid,48,15,433,38.1,1.12,32.84,0.64,16.42,1.22,38.02,130,41.5,0.95,-5.18,-0.21,21.65,,,,,
sterling_kite_engine,SENSEX,options_atm,21,1.0,14,2.0,7,3.0,three_red_signal,mid,48,15,433,32.8,1.14,20.38,0.69,11.44,1.29,25.68,130,34.6,0.9,-5.3,-0.41,14.12,,,,,
sterling_kite_engine,SENSEX,delta1,21,1.0,14,2.0,7,3.0,three_red_signal,mid,none,20,316,37.3,1.04,7.92,0.21,20.43,1.15,18.65,101,40.6,0.88,-10.73,-0.52,23.74,,,,,
sterling_kite_engine,SENSEX,options_atm,21,1.0,14,2.0,7,3.0,three_red_signal,mid,none,20,316,31.0,1.04,4.06,0.19,14.25,1.21,13.62,101,31.7,0.79,-9.57,-0.89,13.87,,,,,
sterling_kite_engine,SENSEX,delta1,21,1.0,14,2.0,7,3.0,three_red_signal,mid,18,20,343,39.7,0.92,-16.71,-0.5,27.73,1.0,0.38,108,44.4,0.81,-17.09,-0.93,27.74,,,,,
sterling_kite_engine,SENSEX,options_atm,21,1.0,14,2.0,7,3.0,three_red_signal,mid,18,20,343,36.2,0.96,-4.42,-0.25,15.72,1.08,4.98,108,41.7,0.78,-9.41,-1.03,15.32,,,,,
sterling_kite_engine,SENSEX,delta1,21,1.0,14,2.0,7,3.0,three_red_signal,mid,30,20,331,38.4,1.04,9.23,0.24,18.68,1.08,11.07,103,42.7,0.98,-1.84,-0.08,20.38,,,,,
sterling_kite_engine,SENSEX,options_atm,21,1.0,14,2.0,7,3.0,three_red_signal,mid,30,20,331,33.2,1.11,11.98,0.52,10.16,1.19,12.42,103,35.0,0.99,-0.43,-0.03,10.21,,,,,
sterling_kite_engine,SENSEX,delta1,21,1.0,14,2.0,7,3.0,three_red_signal,mid,48,20,319,37.6,1.09,19.59,0.5,18.79,1.21,26.53,101,41.6,0.92,-6.94,-0.32,22.98,,,,,
sterling_kite_engine,SENSEX,options_atm,21,1.0,14,2.0,7,3.0,three_red_signal,mid,48,20,319,32.6,1.13,14.34,0.63,10.48,1.32,20.38,101,33.7,0.86,-6.03,-0.51,12.48,,,,,
sterling_kite_engine,SENSEX,delta1,21,1.0,14,2.0,7,3.0,three_red_signal,mid,none,25,186,32.3,0.78,-32.4,-1.28,47.94,0.75,-22.25,59,35.6,0.82,-10.14,-0.58,19.09,,,,,
sterling_kite_engine,SENSEX,options_atm,21,1.0,14,2.0,7,3.0,three_red_signal,mid,none,25,186,25.8,0.79,-15.23,-1.08,26.88,0.8,-8.64,59,27.1,0.78,-6.59,-0.7,10.49,,,,,
sterling_kite_engine,SENSEX,delta1,21,1.0,14,2.0,7,3.0,three_red_signal,mid,18,25,195,35.9,0.72,-39.39,-1.78,44.12,0.74,-22.43,60,40.0,0.69,-16.97,-1.18,17.16,,,,,
sterling_kite_engine,SENSEX,options_atm,21,1.0,14,2.0,7,3.0,three_red_signal,mid,18,25,195,31.3,0.78,-14.83,-1.22,21.35,0.84,-6.46,60,36.7,0.69,-8.37,-1.14,8.26,,,,,
sterling_kite_engine,SENSEX,delta1,21,1.0,14,2.0,7,3.0,three_red_signal,mid,30,25,192,33.9,0.82,-25.68,-0.99,42.42,0.72,-24.75,60,38.3,0.98,-0.93,-0.05,12.84,,,,,
sterling_kite_engine,SENSEX,options_atm,21,1.0,14,2.0,7,3.0,three_red_signal,mid,30,25,192,28.6,0.89,-8.08,-0.54,22.85,0.79,-9.16,60,30.0,1.04,1.08,0.1,7.41,,,,,
sterling_kite_engine,SENSEX,delta1,21,1.0,14,2.0,7,3.0,three_red_signal,mid,48,25,188,32.4,0.85,-21.87,-0.81,39.7,0.86,-12.55,59,35.6,0.84,-9.32,-0.52,19.09,,,,,
sterling_kite_engine,SENSEX,options_atm,21,1.0,14,2.0,7,3.0,three_red_signal,mid,48,25,188,27.7,0.91,-6.37,-0.41,20.71,0.97,-1.22,59,28.8,0.83,-5.15,-0.5,10.49,,,,,
sterling_kite_engine,SENSEX,delta1,21,1.25,14,2.0,7,3.0,one_red,fast,none,none,503,37.0,1.26,64.69,1.2,11.89,1.3,45.49,150,42.0,1.2,19.2,0.83,15.98,,,,,
sterling_kite_engine,SENSEX,options_atm,21,1.25,14,2.0,7,3.0,one_red,fast,none,none,503,33.6,1.37,46.16,1.35,7.29,1.45,35.15,150,38.0,1.23,11.01,0.88,9.47,,,,,
sterling_kite_engine,SENSEX,delta1,21,1.25,14,2.0,7,3.0,one_red,fast,18,none,506,37.9,1.11,26.01,0.58,13.75,1.07,10.33,150,42.0,1.17,15.68,0.71,14.86,,,,,
sterling_kite_engine,SENSEX,options_atm,21,1.25,14,2.0,7,3.0,one_red,fast,18,none,506,34.8,1.17,20.37,0.82,7.75,1.13,10.03,150,38.7,1.23,10.34,0.88,8.42,,,,,
sterling_kite_engine,SENSEX,delta1,21,1.25,14,2.0,7,3.0,one_red,fast,30,none,503,37.0,1.22,53.89,1.02,12.63,1.24,36.03,150,42.0,1.19,17.86,0.77,16.1,,,,,
sterling_kite_engine,SENSEX,options_atm,21,1.25,14,2.0,7,3.0,one_red,fast,30,none,503,33.6,1.33,40.64,1.21,7.58,1.38,29.18,150,38.0,1.24,11.46,0.88,9.46,,,,,
sterling_kite_engine,SENSEX,delta1,21,1.25,14,2.0,7,3.0,one_red,fast,48,none,503,37.0,1.27,67.71,1.24,11.64,1.31,47.4,150,42.0,1.21,20.31,0.85,15.76,,,,,
sterling_kite_engine,SENSEX,options_atm,21,1.25,14,2.0,7,3.0,one_red,fast,48,none,503,33.6,1.4,49.33,1.41,7.12,1.47,36.91,150,38.0,1.26,12.43,0.93,9.33,,,,,
sterling_kite_engine,SENSEX,delta1,21,1.25,14,2.0,7,3.0,one_red,fast,none,15,474,37.3,1.27,64.01,1.24,11.2,1.33,46.66,144,41.7,1.19,17.35,0.76,15.25,,,,,
sterling_kite_engine,SENSEX,options_atm,21,1.25,14,2.0,7,3.0,one_red,fast,none,15,474,33.8,1.39,46.2,1.41,6.85,1.5,36.23,144,37.5,1.22,9.97,0.8,9.0,,,,,
sterling_kite_engine,SENSEX,delta1,21,1.25,14,2.0,7,3.0,one_red,fast,18,15,475,37.9,1.1,23.97,0.56,13.01,1.06,8.43,144,41.7,1.17,15.54,0.71,13.88,,,,,
sterling_kite_engine,SENSEX,options_atm,21,1.25,14,2.0,7,3.0,one_red,fast,18,15,475,34.7,1.17,19.35,0.82,7.28,1.13,9.19,144,38.2,1.23,10.16,0.87,7.86,,,,,
sterling_kite_engine,SENSEX,delta1,21,1.25,14,2.0,7,3.0,one_red,fast,30,15,474,37.3,1.24,55.62,1.1,11.73,1.28,39.66,144,41.7,1.17,15.95,0.7,15.37,,,,,
sterling_kite_engine,SENSEX,options_atm,21,1.25,14,2.0,7,3.0,one_red,fast,30,15,474,33.8,1.36,42.14,1.3,7.05,1.44,31.92,144,37.5,1.22,10.23,0.8,9.0,,,,,
sterling_kite_engine,SENSEX,delta1,21,1.25,14,2.0,7,3.0,one_red,fast,48,15,474,37.3,1.28,65.53,1.26,11.05,1.33,47.08,144,41.7,1.2,18.45,0.79,15.03,,,,,
sterling_kite_engine,SENSEX,options_atm,21,1.25,14,2.0,7,3.0,one_red,fast,48,15,474,33.8,1.41,48.07,1.44,6.75,1.51,36.68,144,37.5,1.25,11.39,0.87,8.86,,,,,
sterling_kite_engine,SENSEX,delta1,21,1.25,14,2.0,7,3.0,one_red,fast,none,20,332,34.6,1.13,22.67,0.61,17.77,1.21,21.92,110,40.0,1.01,0.75,0.04,20.93,,,,,
sterling_kite_engine,SENSEX,options_atm,21,1.25,14,2.0,7,3.0,one_red,fast,none,20,332,31.3,1.27,23.4,0.95,8.95,1.44,22.66,110,36.4,1.02,0.74,0.07,10.77,,,,,
sterling_kite_engine,SENSEX,delta1,21,1.25,14,2.0,7,3.0,one_red,fast,18,20,332,34.9,0.98,-2.66,-0.09,21.58,0.96,-4.22,110,40.9,1.02,1.56,0.08,20.84,,,,,
sterling_kite_engine,SENSEX,options_atm,21,1.25,14,2.0,7,3.0,one_red,fast,18,20,332,31.3,1.06,4.86,0.29,10.59,1.06,2.87,110,36.4,1.06,2.0,0.2,10.86,,,,,
sterling_kite_engine,SENSEX,delta1,21,1.25,14,2.0,7,3.0,one_red,fast,30,20,332,34.6,1.1,16.87,0.46,18.51,1.16,16.55,110,40.0,1.0,0.31,0.02,21.01,,,,,
sterling_kite_engine,SENSEX,options_atm,21,1.25,14,2.0,7,3.0,one_red,fast,30,20,332,31.3,1.23,19.99,0.83,9.4,1.37,18.78,110,36.4,1.03,1.22,0.11,10.98,,,,,
sterling_kite_engine,SENSEX,delta1,21,1.25,14,2.0,7,3.0,one_red,fast,48,20,332,34.6,1.14,23.91,0.63,17.62,1.22,22.27,110,40.0,1.02,1.64,0.08,20.78,,,,,
sterling_kite_engine,SENSEX,options_atm,21,1.25,14,2.0,7,3.0,one_red,fast,48,20,332,31.3,1.28,24.94,1.0,9.12,1.45,23.01,110,36.4,1.05,1.92,0.17,10.98,,,,,
sterling_kite_engine,SENSEX,delta1,21,1.25,14,2.0,7,3.0,one_red,fast,none,25,178,34.3,1.0,0.03,0.0,20.33,0.88,-7.4,59,42.4,1.17,7.43,0.45,13.11,,,,,
sterling_kite_engine,SENSEX,options_atm,21,1.25,14,2.0,7,3.0,one_red,fast,none,25,178,30.3,1.12,5.89,0.46,10.09,1.03,0.78,59,39.0,1.24,5.11,0.56,6.42,,,,,
sterling_kite_engine,SENSEX,delta1,21,1.25,14,2.0,7,3.0,one_red,fast,18,25,178,35.4,0.94,-6.26,-0.3,20.14,0.81,-11.27,59,44.1,1.12,5.01,0.32,13.38,,,,,
sterling_kite_engine,SENSEX,options_atm,21,1.25,14,2.0,7,3.0,one_red,fast,18,25,178,31.5,1.06,3.04,0.25,9.41,0.96,-1.19,59,40.7,1.21,4.23,0.5,6.47,,,,,
sterling_kite_engine,SENSEX,delta1,21,1.25,14,2.0,7,3.0,one_red,fast,30,25,178,34.3,0.94,-5.72,-0.26,22.58,0.79,-12.71,59,42.4,1.16,6.99,0.42,13.16,,,,,
sterling_kite_engine,SENSEX,options_atm,21,1.25,14,2.0,7,3.0,one_red,fast,30,25,178,30.3,1.05,2.34,0.19,11.34,0.89,-3.25,59,39.0,1.26,5.59,0.58,6.39,,,,,
sterling_kite_engine,SENSEX,delta1,21,1.25,14,2.0,7,3.0,one_red,fast,48,25,178,34.3,1.01,1.27,0.06,20.23,0.88,-7.05,59,42.4,1.19,8.32,0.48,13.02,,,,,
sterling_kite_engine,SENSEX,options_atm,21,1.25,14,2.0,7,3.0,one_red,fast,48,25,178,30.3,1.15,7.43,0.55,10.01,1.04,1.14,59,39.0,1.3,6.29,0.62,6.35,,,,,
sterling_kite_engine,SENSEX,delta1,21,1.25,14,2.0,7,3.0,one_red,mid,none,none,493,36.5,1.09,24.89,0.48,18.38,1.16,27.92,145,41.4,0.97,-3.04,-0.13,22.54,,,,,
sterling_kite_engine,SENSEX,options_atm,21,1.25,14,2.0,7,3.0,one_red,mid,none,none,493,31.0,1.08,12.09,0.41,13.12,1.2,18.15,145,33.8,0.89,-6.06,-0.51,15.28,,,,,
sterling_kite_engine,SENSEX,delta1,21,1.25,14,2.0,7,3.0,one_red,mid,18,none,501,39.9,1.08,22.28,0.47,16.12,1.1,17.57,148,42.6,1.04,4.7,0.21,18.36,,,,,
sterling_kite_engine,SENSEX,options_atm,21,1.25,14,2.0,7,3.0,one_red,mid,18,none,501,36.3,1.13,18.01,0.69,8.64,1.17,14.47,148,37.8,1.07,3.54,0.3,9.73,,,,,
sterling_kite_engine,SENSEX,delta1,21,1.25,14,2.0,7,3.0,one_red,mid,30,none,495,37.2,1.1,29.15,0.56,15.05,1.15,25.62,147,42.2,1.03,3.53,0.15,18.14,,,,,
sterling_kite_engine,SENSEX,options_atm,21,1.25,14,2.0,7,3.0,one_red,mid,30,none,495,32.1,1.14,19.74,0.65,9.75,1.22,19.54,147,35.4,1.0,0.21,0.02,11.44,,,,,
sterling_kite_engine,SENSEX,delta1,21,1.25,14,2.0,7,3.0,one_red,mid,48,none,494,36.4,1.11,30.92,0.59,17.91,1.19,32.86,146,41.1,0.98,-1.94,-0.08,22.62,,,,,
sterling_kite_engine,SENSEX,options_atm,21,1.25,14,2.0,7,3.0,one_red,mid,48,none,494,31.4,1.13,18.7,0.61,12.56,1.25,22.71,146,34.2,0.92,-4.01,-0.32,15.09,,,,,
sterling_kite_engine,SENSEX,delta1,21,1.25,14,2.0,7,3.0,one_red,mid,none,15,465,37.0,1.11,28.47,0.58,17.27,1.2,32.24,139,41.7,0.96,-3.77,-0.17,21.85,,,,,
sterling_kite_engine,SENSEX,options_atm,21,1.25,14,2.0,7,3.0,one_red,mid,none,15,465,31.4,1.11,14.56,0.51,12.43,1.25,20.93,139,33.8,0.88,-6.38,-0.55,14.8,,,,,
sterling_kite_engine,SENSEX,delta1,21,1.25,14,2.0,7,3.0,one_red,mid,18,15,470,39.8,1.09,22.32,0.49,15.35,1.11,17.43,142,43.0,1.05,4.89,0.22,17.5,,,,,
sterling_kite_engine,SENSEX,options_atm,21,1.25,14,2.0,7,3.0,one_red,mid,18,15,470,36.4,1.14,18.18,0.73,8.15,1.18,14.63,142,38.0,1.07,3.55,0.3,9.2,,,,,
sterling_kite_engine,SENSEX,delta1,21,1.25,14,2.0,7,3.0,one_red,mid,30,15,467,37.7,1.13,35.58,0.72,13.73,1.2,32.84,141,42.6,1.03,2.74,0.12,17.4,,,,,
sterling_kite_engine,SENSEX,options_atm,21,1.25,14,2.0,7,3.0,one_red,mid,30,15,467,32.5,1.18,23.94,0.82,9.01,1.29,24.25,141,35.5,0.99,-0.31,-0.02,10.97,,,,,
sterling_kite_engine,SENSEX,delta1,21,1.25,14,2.0,7,3.0,one_red,mid,48,15,466,36.9,1.12,33.01,0.66,17.01,1.22,35.69,140,41.4,0.97,-2.67,-0.12,21.94,,,,,
sterling_kite_engine,SENSEX,options_atm,21,1.25,14,2.0,7,3.0,one_red,mid,48,15,466,31.8,1.15,19.86,0.68,12.02,1.29,24.19,140,34.3,0.92,-4.33,-0.35,14.63,,,,,
sterling_kite_engine,SENSEX,delta1,21,1.25,14,2.0,7,3.0,one_red,mid,none,20,330,34.5,0.99,-1.42,-0.04,24.95,1.15,17.39,108,38.9,0.78,-18.82,-0.98,28.82,,,,,
sterling_kite_engine,SENSEX,options_atm,21,1.25,14,2.0,7,3.0,one_red,mid,none,20,330,29.1,1.02,2.26,0.11,14.87,1.25,14.62,108,31.5,0.71,-12.36,-1.24,16.95,,,,,
sterling_kite_engine,SENSEX,delta1,21,1.25,14,2.0,7,3.0,one_red,mid,18,20,331,36.9,0.97,-6.59,-0.2,24.55,1.01,0.62,109,41.3,0.91,-7.21,-0.37,24.67,,,,,
sterling_kite_engine,SENSEX,options_atm,21,1.25,14,2.0,7,3.0,one_red,mid,18,20,331,33.5,1.03,2.56,0.14,12.82,1.1,5.52,109,36.7,0.93,-2.95,-0.29,13.46,,,,,
sterling_kite_engine,SENSEX,delta1,21,1.25,14,2.0,7,3.0,one_red,mid,30,20,331,35.6,1.02,3.55,0.1,22.64,1.14,16.15,109,40.4,0.85,-12.6,-0.64,25.79,,,,,
sterling_kite_engine,SENSEX,options_atm,21,1.25,14,2.0,7,3.0,one_red,mid,30,20,331,30.8,1.08,8.12,0.38,12.74,1.26,15.54,109,33.9,0.83,-7.42,-0.69,14.58,,,,,
sterling_kite_engine,SENSEX,delta1,21,1.25,14,2.0,7,3.0,one_red,mid,48,20,330,34.5,1.02,3.69,0.1,24.26,1.17,20.22,108,38.9,0.81,-16.52,-0.83,28.52,,,,,
sterling_kite_engine,SENSEX,options_atm,21,1.25,14,2.0,7,3.0,one_red,mid,48,20,330,29.7,1.07,7.26,0.33,14.37,1.29,17.31,108,32.4,0.77,-10.05,-0.91,16.68,,,,,
sterling_kite_engine,SENSEX,delta1,21,1.25,14,2.0,7,3.0,one_red,mid,none,25,177,29.9,0.85,-17.68,-0.76,28.99,0.9,-7.23,58,34.5,0.79,-10.45,-0.66,16.1,,,,,
sterling_kite_engine,SENSEX,options_atm,21,1.25,14,2.0,7,3.0,one_red,mid,none,25,177,25.4,0.92,-5.03,-0.37,16.22,1.0,-0.02,58,29.3,0.8,-5.01,-0.58,7.51,,,,,
sterling_kite_engine,SENSEX,delta1,21,1.25,14,2.0,7,3.0,one_red,mid,18,25,178,34.8,0.86,-17.02,-0.77,24.04,0.82,-11.96,59,39.0,0.9,-5.06,-0.32,15.33,,,,,
sterling_kite_engine,SENSEX,options_atm,21,1.25,14,2.0,7,3.0,one_red,mid,18,25,178,31.5,0.96,-2.11,-0.17,11.69,0.96,-1.27,59,35.6,0.97,-0.84,-0.1,7.22,,,,,
sterling_kite_engine,SENSEX,delta1,21,1.25,14,2.0,7,3.0,one_red,mid,30,25,178,31.5,0.88,-14.42,-0.62,25.32,0.85,-10.2,59,37.3,0.92,-4.21,-0.25,15.21,,,,,
sterling_kite_engine,SENSEX,options_atm,21,1.25,14,2.0,7,3.0,one_red,mid,30,25,178,27.5,0.96,-2.12,-0.16,13.45,0.96,-1.51,59,32.2,0.98,-0.61,-0.06,7.2,,,,,
sterling_kite_engine,SENSEX,delta1,21,1.25,14,2.0,7,3.0,one_red,mid,48,25,177,29.9,0.89,-12.91,-0.53,26.44,0.95,-3.68,58,34.5,0.82,-9.23,-0.55,15.92,,,,,
sterling_kite_engine,SENSEX,options_atm,21,1.25,14,2.0,7,3.0,one_red,mid,48,25,177,26.0,0.99,-0.49,-0.03,14.08,1.09,3.06,58,29.3,0.86,-3.55,-0.36,7.41,,,,,
sterling_kite_engine,SENSEX,delta1,21,1.25,14,2.0,7,3.0,two_red,fast,none,none,503,37.0,1.26,64.69,1.2,11.89,1.3,45.49,150,42.0,1.2,19.2,0.83,15.98,,,,,
sterling_kite_engine,SENSEX,options_atm,21,1.25,14,2.0,7,3.0,two_red,fast,none,none,503,33.6,1.37,46.16,1.35,7.29,1.45,35.15,150,38.0,1.23,11.01,0.88,9.47,,,,,
sterling_kite_engine,SENSEX,delta1,21,1.25,14,2.0,7,3.0,two_red,fast,18,none,506,37.9,1.11,26.01,0.58,13.75,1.07,10.33,150,42.0,1.17,15.68,0.71,14.86,,,,,
sterling_kite_engine,SENSEX,options_atm,21,1.25,14,2.0,7,3.0,two_red,fast,18,none,506,34.8,1.17,20.37,0.82,7.75,1.13,10.03,150,38.7,1.23,10.34,0.88,8.42,,,,,
sterling_kite_engine,SENSEX,delta1,21,1.25,14,2.0,7,3.0,two_red,fast,30,none,503,37.0,1.22,53.89,1.02,12.63,1.24,36.03,150,42.0,1.19,17.86,0.77,16.1,,,,,
sterling_kite_engine,SENSEX,options_atm,21,1.25,14,2.0,7,3.0,two_red,fast,30,none,503,33.6,1.33,40.64,1.21,7.58,1.38,29.18,150,38.0,1.24,11.46,0.88,9.46,,,,,
sterling_kite_engine,SENSEX,delta1,21,1.25,14,2.0,7,3.0,two_red,fast,48,none,503,37.0,1.27,67.71,1.24,11.64,1.31,47.4,150,42.0,1.21,20.31,0.85,15.76,,,,,
sterling_kite_engine,SENSEX,options_atm,21,1.25,14,2.0,7,3.0,two_red,fast,48,none,503,33.6,1.4,49.33,1.41,7.12,1.47,36.91,150,38.0,1.26,12.43,0.93,9.33,,,,,
sterling_kite_engine,SENSEX,delta1,21,1.25,14,2.0,7,3.0,two_red,fast,none,15,474,37.3,1.27,64.01,1.24,11.2,1.33,46.66,144,41.7,1.19,17.35,0.76,15.25,,,,,
sterling_kite_engine,SENSEX,options_atm,21,1.25,14,2.0,7,3.0,two_red,fast,none,15,474,33.8,1.39,46.2,1.41,6.85,1.5,36.23,144,37.5,1.22,9.97,0.8,9.0,,,,,
sterling_kite_engine,SENSEX,delta1,21,1.25,14,2.0,7,3.0,two_red,fast,18,15,475,37.9,1.1,23.97,0.56,13.01,1.06,8.43,144,41.7,1.17,15.54,0.71,13.88,,,,,
sterling_kite_engine,SENSEX,options_atm,21,1.25,14,2.0,7,3.0,two_red,fast,18,15,475,34.7,1.17,19.35,0.82,7.28,1.13,9.19,144,38.2,1.23,10.16,0.87,7.86,,,,,
sterling_kite_engine,SENSEX,delta1,21,1.25,14,2.0,7,3.0,two_red,fast,30,15,474,37.3,1.24,55.62,1.1,11.73,1.28,39.66,144,41.7,1.17,15.95,0.7,15.37,,,,,
sterling_kite_engine,SENSEX,options_atm,21,1.25,14,2.0,7,3.0,two_red,fast,30,15,474,33.8,1.36,42.14,1.3,7.05,1.44,31.92,144,37.5,1.22,10.23,0.8,9.0,,,,,
sterling_kite_engine,SENSEX,delta1,21,1.25,14,2.0,7,3.0,two_red,fast,48,15,474,37.3,1.28,65.53,1.26,11.05,1.33,47.08,144,41.7,1.2,18.45,0.79,15.03,,,,,
sterling_kite_engine,SENSEX,options_atm,21,1.25,14,2.0,7,3.0,two_red,fast,48,15,474,33.8,1.41,48.07,1.44,6.75,1.51,36.68,144,37.5,1.25,11.39,0.87,8.86,,,,,
sterling_kite_engine,SENSEX,delta1,21,1.25,14,2.0,7,3.0,two_red,fast,none,20,332,34.6,1.13,22.67,0.61,17.77,1.21,21.92,110,40.0,1.01,0.75,0.04,20.93,,,,,
sterling_kite_engine,SENSEX,options_atm,21,1.25,14,2.0,7,3.0,two_red,fast,none,20,332,31.3,1.27,23.4,0.95,8.95,1.44,22.66,110,36.4,1.02,0.74,0.07,10.77,,,,,
sterling_kite_engine,SENSEX,delta1,21,1.25,14,2.0,7,3.0,two_red,fast,18,20,332,34.9,0.98,-2.66,-0.09,21.58,0.96,-4.22,110,40.9,1.02,1.56,0.08,20.84,,,,,
sterling_kite_engine,SENSEX,options_atm,21,1.25,14,2.0,7,3.0,two_red,fast,18,20,332,31.3,1.06,4.86,0.29,10.59,1.06,2.87,110,36.4,1.06,2.0,0.2,10.86,,,,,
sterling_kite_engine,SENSEX,delta1,21,1.25,14,2.0,7,3.0,two_red,fast,30,20,332,34.6,1.1,16.87,0.46,18.51,1.16,16.55,110,40.0,1.0,0.31,0.02,21.01,,,,,
sterling_kite_engine,SENSEX,options_atm,21,1.25,14,2.0,7,3.0,two_red,fast,30,20,332,31.3,1.23,19.99,0.83,9.4,1.37,18.78,110,36.4,1.03,1.22,0.11,10.98,,,,,
sterling_kite_engine,SENSEX,delta1,21,1.25,14,2.0,7,3.0,two_red,fast,48,20,332,34.6,1.14,23.91,0.63,17.62,1.22,22.27,110,40.0,1.02,1.64,0.08,20.78,,,,,
sterling_kite_engine,SENSEX,options_atm,21,1.25,14,2.0,7,3.0,two_red,fast,48,20,332,31.3,1.28,24.94,1.0,9.12,1.45,23.01,110,36.4,1.05,1.92,0.17,10.98,,,,,
sterling_kite_engine,SENSEX,delta1,21,1.25,14,2.0,7,3.0,two_red,fast,none,25,178,34.3,1.0,0.03,0.0,20.33,0.88,-7.4,59,42.4,1.17,7.43,0.45,13.11,,,,,
sterling_kite_engine,SENSEX,options_atm,21,1.25,14,2.0,7,3.0,two_red,fast,none,25,178,30.3,1.12,5.89,0.46,10.09,1.03,0.78,59,39.0,1.24,5.11,0.56,6.42,,,,,
sterling_kite_engine,SENSEX,delta1,21,1.25,14,2.0,7,3.0,two_red,fast,18,25,178,35.4,0.94,-6.26,-0.3,20.14,0.81,-11.27,59,44.1,1.12,5.01,0.32,13.38,,,,,
sterling_kite_engine,SENSEX,options_atm,21,1.25,14,2.0,7,3.0,two_red,fast,18,25,178,31.5,1.06,3.04,0.25,9.41,0.96,-1.19,59,40.7,1.21,4.23,0.5,6.47,,,,,
sterling_kite_engine,SENSEX,delta1,21,1.25,14,2.0,7,3.0,two_red,fast,30,25,178,34.3,0.94,-5.72,-0.26,22.58,0.79,-12.71,59,42.4,1.16,6.99,0.42,13.16,,,,,
sterling_kite_engine,SENSEX,options_atm,21,1.25,14,2.0,7,3.0,two_red,fast,30,25,178,30.3,1.05,2.34,0.19,11.34,0.89,-3.25,59,39.0,1.26,5.59,0.58,6.39,,,,,
sterling_kite_engine,SENSEX,delta1,21,1.25,14,2.0,7,3.0,two_red,fast,48,25,178,34.3,1.01,1.27,0.06,20.23,0.88,-7.05,59,42.4,1.19,8.32,0.48,13.02,,,,,
sterling_kite_engine,SENSEX,options_atm,21,1.25,14,2.0,7,3.0,two_red,fast,48,25,178,30.3,1.15,7.43,0.55,10.01,1.04,1.14,59,39.0,1.3,6.29,0.62,6.35,,,,,
sterling_kite_engine,SENSEX,delta1,21,1.25,14,2.0,7,3.0,two_red,mid,none,none,437,37.5,1.08,21.93,0.43,18.9,1.17,28.2,131,41.2,0.94,-6.26,-0.26,23.32,,,,,
sterling_kite_engine,SENSEX,options_atm,21,1.25,14,2.0,7,3.0,two_red,mid,none,none,437,31.4,1.06,9.22,0.32,13.58,1.19,17.11,131,34.4,0.86,-7.89,-0.64,15.71,,,,,
sterling_kite_engine,SENSEX,delta1,21,1.25,14,2.0,7,3.0,two_red,mid,18,none,474,42.4,1.01,3.72,0.08,22.79,1.1,17.76,140,43.6,0.88,-14.04,-0.64,26.34,,,,,
sterling_kite_engine,SENSEX,options_atm,21,1.25,14,2.0,7,3.0,two_red,mid,18,none,474,38.6,1.06,8.21,0.33,11.66,1.17,14.33,140,40.7,0.89,-6.12,-0.56,13.21,,,,,
sterling_kite_engine,SENSEX,delta1,21,1.25,14,2.0,7,3.0,two_red,mid,30,none,453,38.2,1.04,11.19,0.22,17.94,1.06,11.36,136,41.9,1.0,-0.17,-0.01,19.61,,,,,
sterling_kite_engine,SENSEX,options_atm,21,1.25,14,2.0,7,3.0,two_red,mid,30,none,453,32.9,1.08,11.62,0.39,10.59,1.12,11.1,136,36.0,1.01,0.52,0.04,11.63,,,,,
sterling_kite_engine,SENSEX,delta1,21,1.25,14,2.0,7,3.0,two_red,mid,48,none,442,37.6,1.11,29.78,0.57,17.11,1.2,34.93,133,41.4,0.95,-5.15,-0.21,22.09,,,,,
sterling_kite_engine,SENSEX,options_atm,21,1.25,14,2.0,7,3.0,two_red,mid,48,none,442,32.1,1.13,18.55,0.62,11.84,1.26,23.73,133,34.6,0.91,-5.19,-0.39,14.39,,,,,
sterling_kite_engine,SENSEX,delta1,21,1.25,14,2.0,7,3.0,two_red,mid,none,15,415,38.1,1.1,26.64,0.55,18.04,1.23,35.58,127,40.9,0.92,-8.93,-0.38,23.51,,,,,
sterling_kite_engine,SENSEX,options_atm,21,1.25,14,2.0,7,3.0,two_red,mid,none,15,415,31.6,1.09,11.91,0.43,13.08,1.25,20.93,127,33.9,0.84,-9.03,-0.75,15.64,,,,,
sterling_kite_engine,SENSEX,delta1,21,1.25,14,2.0,7,3.0,two_red,mid,18,15,445,42.5,1.02,5.51,0.13,22.18,1.13,19.73,135,43.7,0.87,-14.22,-0.65,26.04,,,,,
sterling_kite_engine,SENSEX,options_atm,21,1.25,14,2.0,7,3.0,two_red,mid,18,15,445,38.7,1.07,9.07,0.38,11.35,1.19,15.36,135,40.7,0.88,-6.29,-0.58,12.98,,,,,
sterling_kite_engine,SENSEX,delta1,21,1.25,14,2.0,7,3.0,two_red,mid,30,15,430,38.8,1.08,21.08,0.43,16.41,1.14,22.4,131,42.0,0.99,-1.33,-0.05,19.45,,,,,
sterling_kite_engine,SENSEX,options_atm,21,1.25,14,2.0,7,3.0,two_red,mid,30,15,430,33.3,1.12,17.35,0.6,9.91,1.2,17.52,131,35.9,1.0,-0.17,-0.01,11.46,,,,,
sterling_kite_engine,SENSEX,delta1,21,1.25,14,2.0,7,3.0,two_red,mid,48,15,419,38.2,1.13,34.57,0.7,16.32,1.26,40.82,128,41.4,0.94,-6.25,-0.26,21.95,,,,,
sterling_kite_engine,SENSEX,options_atm,21,1.25,14,2.0,7,3.0,two_red,mid,48,15,419,32.5,1.15,20.57,0.72,11.46,1.31,26.26,128,34.4,0.9,-5.69,-0.44,14.21,,,,,
sterling_kite_engine,SENSEX,delta1,21,1.25,14,2.0,7,3.0,two_red,mid,none,20,301,37.2,1.04,7.31,0.2,20.96,1.19,21.51,99,40.4,0.84,-14.2,-0.68,24.97,,,,,
sterling_kite_engine,SENSEX,options_atm,21,1.25,14,2.0,7,3.0,two_red,mid,none,20,301,29.9,1.04,4.44,0.21,14.53,1.25,15.07,99,30.3,0.76,-10.63,-0.99,14.06,,,,,
sterling_kite_engine,SENSEX,delta1,21,1.25,14,2.0,7,3.0,two_red,mid,18,20,320,40.6,0.94,-12.72,-0.4,27.5,1.07,8.44,105,42.9,0.76,-21.15,-1.15,29.62,,,,,
sterling_kite_engine,SENSEX,options_atm,21,1.25,14,2.0,7,3.0,two_red,mid,18,20,320,36.6,0.98,-1.64,-0.1,14.54,1.16,9.27,105,39.0,0.75,-10.91,-1.22,15.83,,,,,
sterling_kite_engine,SENSEX,delta1,21,1.25,14,2.0,7,3.0,two_red,mid,30,20,312,39.4,1.07,13.62,0.36,18.52,1.14,16.42,101,43.6,0.97,-2.8,-0.12,21.03,,,,,
sterling_kite_engine,SENSEX,options_atm,21,1.25,14,2.0,7,3.0,two_red,mid,30,20,312,33.0,1.14,14.63,0.66,9.96,1.25,15.21,101,34.7,0.99,-0.58,-0.05,10.07,,,,,
sterling_kite_engine,SENSEX,delta1,21,1.25,14,2.0,7,3.0,two_red,mid,48,20,304,37.5,1.09,18.94,0.5,19.29,1.25,29.35,99,41.4,0.88,-10.41,-0.48,24.15,,,,,
sterling_kite_engine,SENSEX,options_atm,21,1.25,14,2.0,7,3.0,two_red,mid,48,20,304,31.6,1.14,14.7,0.67,10.49,1.36,21.79,99,32.3,0.84,-7.1,-0.61,12.65,,,,,
sterling_kite_engine,SENSEX,delta1,21,1.25,14,2.0,7,3.0,two_red,mid,none,25,165,33.9,0.84,-20.09,-0.81,37.65,0.82,-13.7,54,38.9,0.88,-6.39,-0.37,16.3,,,,,
sterling_kite_engine,SENSEX,options_atm,21,1.25,14,2.0,7,3.0,two_red,mid,none,25,165,26.7,0.88,-7.55,-0.54,21.0,0.89,-4.07,54,31.5,0.87,-3.49,-0.38,8.42,,,,,
sterling_kite_engine,SENSEX,delta1,21,1.25,14,2.0,7,3.0,two_red,mid,18,25,172,37.8,0.76,-29.71,-1.38,35.48,0.82,-12.41,56,39.3,0.68,-17.3,-1.2,17.49,,,,,
sterling_kite_engine,SENSEX,options_atm,21,1.25,14,2.0,7,3.0,two_red,mid,18,25,172,33.1,0.85,-8.98,-0.76,16.39,0.96,-1.26,56,37.5,0.7,-7.72,-1.08,7.77,,,,,
sterling_kite_engine,SENSEX,delta1,21,1.25,14,2.0,7,3.0,two_red,mid,30,25,170,36.5,0.89,-14.13,-0.55,33.19,0.8,-15.14,55,41.8,1.02,1.01,0.05,12.74,,,,,
sterling_kite_engine,SENSEX,options_atm,21,1.25,14,2.0,7,3.0,two_red,mid,30,25,170,30.0,0.99,-0.9,-0.06,17.84,0.89,-4.07,55,34.5,1.13,3.17,0.28,6.36,,,,,
sterling_kite_engine,SENSEX,delta1,21,1.25,14,2.0,7,3.0,two_red,mid,48,25,167,34.1,0.93,-9.58,-0.36,29.46,0.95,-4.02,54,38.9,0.89,-5.57,-0.31,16.3,,,,,
sterling_kite_engine,SENSEX,options_atm,21,1.25,14,2.0,7,3.0,two_red,mid,48,25,167,28.7,1.02,1.3,0.08,15.23,1.09,3.35,54,33.3,0.92,-2.05,-0.2,8.42,,,,,
sterling_kite_engine,SENSEX,delta1,21,1.25,14,2.0,7,3.0,three_red,fast,none,none,503,37.0,1.26,64.69,1.2,11.89,1.3,45.49,150,42.0,1.2,19.2,0.83,15.98,,,,,
sterling_kite_engine,SENSEX,options_atm,21,1.25,14,2.0,7,3.0,three_red,fast,none,none,503,33.6,1.37,46.16,1.35,7.29,1.45,35.15,150,38.0,1.23,11.01,0.88,9.47,,,,,
sterling_kite_engine,SENSEX,delta1,21,1.25,14,2.0,7,3.0,three_red,fast,18,none,506,37.9,1.11,26.01,0.58,13.75,1.07,10.33,150,42.0,1.17,15.68,0.71,14.86,,,,,
sterling_kite_engine,SENSEX,options_atm,21,1.25,14,2.0,7,3.0,three_red,fast,18,none,506,34.8,1.17,20.37,0.82,7.75,1.13,10.03,150,38.7,1.23,10.34,0.88,8.42,,,,,
sterling_kite_engine,SENSEX,delta1,21,1.25,14,2.0,7,3.0,three_red,fast,30,none,503,37.0,1.22,53.89,1.02,12.63,1.24,36.03,150,42.0,1.19,17.86,0.77,16.1,,,,,
sterling_kite_engine,SENSEX,options_atm,21,1.25,14,2.0,7,3.0,three_red,fast,30,none,503,33.6,1.33,40.64,1.21,7.58,1.38,29.18,150,38.0,1.24,11.46,0.88,9.46,,,,,
sterling_kite_engine,SENSEX,delta1,21,1.25,14,2.0,7,3.0,three_red,fast,48,none,503,37.0,1.27,67.71,1.24,11.64,1.31,47.4,150,42.0,1.21,20.31,0.85,15.76,,,,,
sterling_kite_engine,SENSEX,options_atm,21,1.25,14,2.0,7,3.0,three_red,fast,48,none,503,33.6,1.4,49.33,1.41,7.12,1.47,36.91,150,38.0,1.26,12.43,0.93,9.33,,,,,
sterling_kite_engine,SENSEX,delta1,21,1.25,14,2.0,7,3.0,three_red,fast,none,15,474,37.3,1.27,64.01,1.24,11.2,1.33,46.66,144,41.7,1.19,17.35,0.76,15.25,,,,,
sterling_kite_engine,SENSEX,options_atm,21,1.25,14,2.0,7,3.0,three_red,fast,none,15,474,33.8,1.39,46.2,1.41,6.85,1.5,36.23,144,37.5,1.22,9.97,0.8,9.0,,,,,
sterling_kite_engine,SENSEX,delta1,21,1.25,14,2.0,7,3.0,three_red,fast,18,15,475,37.9,1.1,23.97,0.56,13.01,1.06,8.43,144,41.7,1.17,15.54,0.71,13.88,,,,,
sterling_kite_engine,SENSEX,options_atm,21,1.25,14,2.0,7,3.0,three_red,fast,18,15,475,34.7,1.17,19.35,0.82,7.28,1.13,9.19,144,38.2,1.23,10.16,0.87,7.86,,,,,
sterling_kite_engine,SENSEX,delta1,21,1.25,14,2.0,7,3.0,three_red,fast,30,15,474,37.3,1.24,55.62,1.1,11.73,1.28,39.66,144,41.7,1.17,15.95,0.7,15.37,,,,,
sterling_kite_engine,SENSEX,options_atm,21,1.25,14,2.0,7,3.0,three_red,fast,30,15,474,33.8,1.36,42.14,1.3,7.05,1.44,31.92,144,37.5,1.22,10.23,0.8,9.0,,,,,
sterling_kite_engine,SENSEX,delta1,21,1.25,14,2.0,7,3.0,three_red,fast,48,15,474,37.3,1.28,65.53,1.26,11.05,1.33,47.08,144,41.7,1.2,18.45,0.79,15.03,,,,,
sterling_kite_engine,SENSEX,options_atm,21,1.25,14,2.0,7,3.0,three_red,fast,48,15,474,33.8,1.41,48.07,1.44,6.75,1.51,36.68,144,37.5,1.25,11.39,0.87,8.86,,,,,
sterling_kite_engine,SENSEX,delta1,21,1.25,14,2.0,7,3.0,three_red,fast,none,20,332,34.6,1.13,22.67,0.61,17.77,1.21,21.92,110,40.0,1.01,0.75,0.04,20.93,,,,,
sterling_kite_engine,SENSEX,options_atm,21,1.25,14,2.0,7,3.0,three_red,fast,none,20,332,31.3,1.27,23.4,0.95,8.95,1.44,22.66,110,36.4,1.02,0.74,0.07,10.77,,,,,
sterling_kite_engine,SENSEX,delta1,21,1.25,14,2.0,7,3.0,three_red,fast,18,20,332,34.9,0.98,-2.66,-0.09,21.58,0.96,-4.22,110,40.9,1.02,1.56,0.08,20.84,,,,,
sterling_kite_engine,SENSEX,options_atm,21,1.25,14,2.0,7,3.0,three_red,fast,18,20,332,31.3,1.06,4.86,0.29,10.59,1.06,2.87,110,36.4,1.06,2.0,0.2,10.86,,,,,
sterling_kite_engine,SENSEX,delta1,21,1.25,14,2.0,7,3.0,three_red,fast,30,20,332,34.6,1.1,16.87,0.46,18.51,1.16,16.55,110,40.0,1.0,0.31,0.02,21.01,,,,,
sterling_kite_engine,SENSEX,options_atm,21,1.25,14,2.0,7,3.0,three_red,fast,30,20,332,31.3,1.23,19.99,0.83,9.4,1.37,18.78,110,36.4,1.03,1.22,0.11,10.98,,,,,
sterling_kite_engine,SENSEX,delta1,21,1.25,14,2.0,7,3.0,three_red,fast,48,20,332,34.6,1.14,23.91,0.63,17.62,1.22,22.27,110,40.0,1.02,1.64,0.08,20.78,,,,,
sterling_kite_engine,SENSEX,options_atm,21,1.25,14,2.0,7,3.0,three_red,fast,48,20,332,31.3,1.28,24.94,1.0,9.12,1.45,23.01,110,36.4,1.05,1.92,0.17,10.98,,,,,
sterling_kite_engine,SENSEX,delta1,21,1.25,14,2.0,7,3.0,three_red,fast,none,25,178,34.3,1.0,0.03,0.0,20.33,0.88,-7.4,59,42.4,1.17,7.43,0.45,13.11,,,,,
sterling_kite_engine,SENSEX,options_atm,21,1.25,14,2.0,7,3.0,three_red,fast,none,25,178,30.3,1.12,5.89,0.46,10.09,1.03,0.78,59,39.0,1.24,5.11,0.56,6.42,,,,,
sterling_kite_engine,SENSEX,delta1,21,1.25,14,2.0,7,3.0,three_red,fast,18,25,178,35.4,0.94,-6.26,-0.3,20.14,0.81,-11.27,59,44.1,1.12,5.01,0.32,13.38,,,,,
sterling_kite_engine,SENSEX,options_atm,21,1.25,14,2.0,7,3.0,three_red,fast,18,25,178,31.5,1.06,3.04,0.25,9.41,0.96,-1.19,59,40.7,1.21,4.23,0.5,6.47,,,,,
sterling_kite_engine,SENSEX,delta1,21,1.25,14,2.0,7,3.0,three_red,fast,30,25,178,34.3,0.94,-5.72,-0.26,22.58,0.79,-12.71,59,42.4,1.16,6.99,0.42,13.16,,,,,
sterling_kite_engine,SENSEX,options_atm,21,1.25,14,2.0,7,3.0,three_red,fast,30,25,178,30.3,1.05,2.34,0.19,11.34,0.89,-3.25,59,39.0,1.26,5.59,0.58,6.39,,,,,
sterling_kite_engine,SENSEX,delta1,21,1.25,14,2.0,7,3.0,three_red,fast,48,25,178,34.3,1.01,1.27,0.06,20.23,0.88,-7.05,59,42.4,1.19,8.32,0.48,13.02,,,,,
sterling_kite_engine,SENSEX,options_atm,21,1.25,14,2.0,7,3.0,three_red,fast,48,25,178,30.3,1.15,7.43,0.55,10.01,1.04,1.14,59,39.0,1.3,6.29,0.62,6.35,,,,,
sterling_kite_engine,SENSEX,delta1,21,1.25,14,2.0,7,3.0,three_red,mid,none,none,437,37.5,1.08,21.93,0.43,18.9,1.17,28.2,131,41.2,0.94,-6.26,-0.26,23.32,,,,,
sterling_kite_engine,SENSEX,options_atm,21,1.25,14,2.0,7,3.0,three_red,mid,none,none,437,31.4,1.06,9.22,0.32,13.58,1.19,17.11,131,34.4,0.86,-7.89,-0.64,15.71,,,,,
sterling_kite_engine,SENSEX,delta1,21,1.25,14,2.0,7,3.0,three_red,mid,18,none,474,42.4,1.01,3.72,0.08,22.79,1.1,17.76,140,43.6,0.88,-14.04,-0.64,26.34,,,,,
sterling_kite_engine,SENSEX,options_atm,21,1.25,14,2.0,7,3.0,three_red,mid,18,none,474,38.6,1.06,8.21,0.33,11.66,1.17,14.33,140,40.7,0.89,-6.12,-0.56,13.21,,,,,
sterling_kite_engine,SENSEX,delta1,21,1.25,14,2.0,7,3.0,three_red,mid,30,none,453,38.2,1.04,11.19,0.22,17.94,1.06,11.36,136,41.9,1.0,-0.17,-0.01,19.61,,,,,
sterling_kite_engine,SENSEX,options_atm,21,1.25,14,2.0,7,3.0,three_red,mid,30,none,453,32.9,1.08,11.62,0.39,10.59,1.12,11.1,136,36.0,1.01,0.52,0.04,11.63,,,,,
sterling_kite_engine,SENSEX,delta1,21,1.25,14,2.0,7,3.0,three_red,mid,48,none,442,37.6,1.11,29.78,0.57,17.11,1.2,34.93,133,41.4,0.95,-5.15,-0.21,22.09,,,,,
sterling_kite_engine,SENSEX,options_atm,21,1.25,14,2.0,7,3.0,three_red,mid,48,none,442,32.1,1.13,18.55,0.62,11.84,1.26,23.73,133,34.6,0.91,-5.19,-0.39,14.39,,,,,
sterling_kite_engine,SENSEX,delta1,21,1.25,14,2.0,7,3.0,three_red,mid,none,15,415,38.1,1.1,26.64,0.55,18.04,1.23,35.58,127,40.9,0.92,-8.93,-0.38,23.51,,,,,
sterling_kite_engine,SENSEX,options_atm,21,1.25,14,2.0,7,3.0,three_red,mid,none,15,415,31.6,1.09,11.91,0.43,13.08,1.25,20.93,127,33.9,0.84,-9.03,-0.75,15.64,,,,,
sterling_kite_engine,SENSEX,delta1,21,1.25,14,2.0,7,3.0,three_red,mid,18,15,445,42.5,1.02,5.51,0.13,22.18,1.13,19.73,135,43.7,0.87,-14.22,-0.65,26.04,,,,,
sterling_kite_engine,SENSEX,options_atm,21,1.25,14,2.0,7,3.0,three_red,mid,18,15,445,38.7,1.07,9.07,0.38,11.35,1.19,15.36,135,40.7,0.88,-6.29,-0.58,12.98,,,,,
sterling_kite_engine,SENSEX,delta1,21,1.25,14,2.0,7,3.0,three_red,mid,30,15,430,38.8,1.08,21.08,0.43,16.41,1.14,22.4,131,42.0,0.99,-1.33,-0.05,19.45,,,,,
sterling_kite_engine,SENSEX,options_atm,21,1.25,14,2.0,7,3.0,three_red,mid,30,15,430,33.3,1.12,17.35,0.6,9.91,1.2,17.52,131,35.9,1.0,-0.17,-0.01,11.46,,,,,
sterling_kite_engine,SENSEX,delta1,21,1.25,14,2.0,7,3.0,three_red,mid,48,15,419,38.2,1.13,34.57,0.7,16.32,1.26,40.82,128,41.4,0.94,-6.25,-0.26,21.95,,,,,
sterling_kite_engine,SENSEX,options_atm,21,1.25,14,2.0,7,3.0,three_red,mid,48,15,419,32.5,1.15,20.57,0.72,11.46,1.31,26.26,128,34.4,0.9,-5.69,-0.44,14.21,,,,,
sterling_kite_engine,SENSEX,delta1,21,1.25,14,2.0,7,3.0,three_red,mid,none,20,301,37.2,1.04,7.31,0.2,20.96,1.19,21.51,99,40.4,0.84,-14.2,-0.68,24.97,,,,,
sterling_kite_engine,SENSEX,options_atm,21,1.25,14,2.0,7,3.0,three_red,mid,none,20,301,29.9,1.04,4.44,0.21,14.53,1.25,15.07,99,30.3,0.76,-10.63,-0.99,14.06,,,,,
sterling_kite_engine,SENSEX,delta1,21,1.25,14,2.0,7,3.0,three_red,mid,18,20,320,40.6,0.94,-12.72,-0.4,27.5,1.07,8.44,105,42.9,0.76,-21.15,-1.15,29.62,,,,,
sterling_kite_engine,SENSEX,options_atm,21,1.25,14,2.0,7,3.0,three_red,mid,18,20,320,36.6,0.98,-1.64,-0.1,14.54,1.16,9.27,105,39.0,0.75,-10.91,-1.22,15.83,,,,,
sterling_kite_engine,SENSEX,delta1,21,1.25,14,2.0,7,3.0,three_red,mid,30,20,312,39.4,1.07,13.62,0.36,18.52,1.14,16.42,101,43.6,0.97,-2.8,-0.12,21.03,,,,,
sterling_kite_engine,SENSEX,options_atm,21,1.25,14,2.0,7,3.0,three_red,mid,30,20,312,33.0,1.14,14.63,0.66,9.96,1.25,15.21,101,34.7,0.99,-0.58,-0.05,10.07,,,,,
sterling_kite_engine,SENSEX,delta1,21,1.25,14,2.0,7,3.0,three_red,mid,48,20,304,37.5,1.09,18.94,0.5,19.29,1.25,29.35,99,41.4,0.88,-10.41,-0.48,24.15,,,,,
sterling_kite_engine,SENSEX,options_atm,21,1.25,14,2.0,7,3.0,three_red,mid,48,20,304,31.6,1.14,14.7,0.67,10.49,1.36,21.79,99,32.3,0.84,-7.1,-0.61,12.65,,,,,
sterling_kite_engine,SENSEX,delta1,21,1.25,14,2.0,7,3.0,three_red,mid,none,25,165,33.9,0.84,-20.09,-0.81,37.65,0.82,-13.7,54,38.9,0.88,-6.39,-0.37,16.3,,,,,
sterling_kite_engine,SENSEX,options_atm,21,1.25,14,2.0,7,3.0,three_red,mid,none,25,165,26.7,0.88,-7.55,-0.54,21.0,0.89,-4.07,54,31.5,0.87,-3.49,-0.38,8.42,,,,,
sterling_kite_engine,SENSEX,delta1,21,1.25,14,2.0,7,3.0,three_red,mid,18,25,172,37.8,0.76,-29.71,-1.38,35.48,0.82,-12.41,56,39.3,0.68,-17.3,-1.2,17.49,,,,,
sterling_kite_engine,SENSEX,options_atm,21,1.25,14,2.0,7,3.0,three_red,mid,18,25,172,33.1,0.85,-8.98,-0.76,16.39,0.96,-1.26,56,37.5,0.7,-7.72,-1.08,7.77,,,,,
sterling_kite_engine,SENSEX,delta1,21,1.25,14,2.0,7,3.0,three_red,mid,30,25,170,36.5,0.89,-14.13,-0.55,33.19,0.8,-15.14,55,41.8,1.02,1.01,0.05,12.74,,,,,
sterling_kite_engine,SENSEX,options_atm,21,1.25,14,2.0,7,3.0,three_red,mid,30,25,170,30.0,0.99,-0.9,-0.06,17.84,0.89,-4.07,55,34.5,1.13,3.17,0.28,6.36,,,,,
sterling_kite_engine,SENSEX,delta1,21,1.25,14,2.0,7,3.0,three_red,mid,48,25,167,34.1,0.93,-9.58,-0.36,29.46,0.95,-4.02,54,38.9,0.89,-5.57,-0.31,16.3,,,,,
sterling_kite_engine,SENSEX,options_atm,21,1.25,14,2.0,7,3.0,three_red,mid,48,25,167,28.7,1.02,1.3,0.08,15.23,1.09,3.35,54,33.3,0.92,-2.05,-0.2,8.42,,,,,
sterling_kite_engine,SENSEX,delta1,21,1.25,14,2.0,7,3.0,three_red_signal,fast,none,none,503,37.0,1.26,64.69,1.2,11.89,1.3,45.49,150,42.0,1.2,19.2,0.83,15.98,,,,,
sterling_kite_engine,SENSEX,options_atm,21,1.25,14,2.0,7,3.0,three_red_signal,fast,none,none,503,33.6,1.37,46.16,1.35,7.29,1.45,35.15,150,38.0,1.23,11.01,0.88,9.47,,,,,
sterling_kite_engine,SENSEX,delta1,21,1.25,14,2.0,7,3.0,three_red_signal,fast,18,none,506,37.9,1.11,26.01,0.58,13.75,1.07,10.33,150,42.0,1.17,15.68,0.71,14.86,,,,,
sterling_kite_engine,SENSEX,options_atm,21,1.25,14,2.0,7,3.0,three_red_signal,fast,18,none,506,34.8,1.17,20.37,0.82,7.75,1.13,10.03,150,38.7,1.23,10.34,0.88,8.42,,,,,
sterling_kite_engine,SENSEX,delta1,21,1.25,14,2.0,7,3.0,three_red_signal,fast,30,none,503,37.0,1.22,53.89,1.02,12.63,1.24,36.03,150,42.0,1.19,17.86,0.77,16.1,,,,,
sterling_kite_engine,SENSEX,options_atm,21,1.25,14,2.0,7,3.0,three_red_signal,fast,30,none,503,33.6,1.33,40.64,1.21,7.58,1.38,29.18,150,38.0,1.24,11.46,0.88,9.46,,,,,
sterling_kite_engine,SENSEX,delta1,21,1.25,14,2.0,7,3.0,three_red_signal,fast,48,none,503,37.0,1.27,67.71,1.24,11.64,1.31,47.4,150,42.0,1.21,20.31,0.85,15.76,,,,,
sterling_kite_engine,SENSEX,options_atm,21,1.25,14,2.0,7,3.0,three_red_signal,fast,48,none,503,33.6,1.4,49.33,1.41,7.12,1.47,36.91,150,38.0,1.26,12.43,0.93,9.33,,,,,
sterling_kite_engine,SENSEX,delta1,21,1.25,14,2.0,7,3.0,three_red_signal,fast,none,15,474,37.3,1.27,64.01,1.24,11.2,1.33,46.66,144,41.7,1.19,17.35,0.76,15.25,,,,,
sterling_kite_engine,SENSEX,options_atm,21,1.25,14,2.0,7,3.0,three_red_signal,fast,none,15,474,33.8,1.39,46.2,1.41,6.85,1.5,36.23,144,37.5,1.22,9.97,0.8,9.0,,,,,
sterling_kite_engine,SENSEX,delta1,21,1.25,14,2.0,7,3.0,three_red_signal,fast,18,15,475,37.9,1.1,23.97,0.56,13.01,1.06,8.43,144,41.7,1.17,15.54,0.71,13.88,,,,,
sterling_kite_engine,SENSEX,options_atm,21,1.25,14,2.0,7,3.0,three_red_signal,fast,18,15,475,34.7,1.17,19.35,0.82,7.28,1.13,9.19,144,38.2,1.23,10.16,0.87,7.86,,,,,
sterling_kite_engine,SENSEX,delta1,21,1.25,14,2.0,7,3.0,three_red_signal,fast,30,15,474,37.3,1.24,55.62,1.1,11.73,1.28,39.66,144,41.7,1.17,15.95,0.7,15.37,,,,,
sterling_kite_engine,SENSEX,options_atm,21,1.25,14,2.0,7,3.0,three_red_signal,fast,30,15,474,33.8,1.36,42.14,1.3,7.05,1.44,31.92,144,37.5,1.22,10.23,0.8,9.0,,,,,
sterling_kite_engine,SENSEX,delta1,21,1.25,14,2.0,7,3.0,three_red_signal,fast,48,15,474,37.3,1.28,65.53,1.26,11.05,1.33,47.08,144,41.7,1.2,18.45,0.79,15.03,,,,,
sterling_kite_engine,SENSEX,options_atm,21,1.25,14,2.0,7,3.0,three_red_signal,fast,48,15,474,33.8,1.41,48.07,1.44,6.75,1.51,36.68,144,37.5,1.25,11.39,0.87,8.86,,,,,
sterling_kite_engine,SENSEX,delta1,21,1.25,14,2.0,7,3.0,three_red_signal,fast,none,20,332,34.6,1.13,22.67,0.61,17.77,1.21,21.92,110,40.0,1.01,0.75,0.04,20.93,,,,,
sterling_kite_engine,SENSEX,options_atm,21,1.25,14,2.0,7,3.0,three_red_signal,fast,none,20,332,31.3,1.27,23.4,0.95,8.95,1.44,22.66,110,36.4,1.02,0.74,0.07,10.77,,,,,
sterling_kite_engine,SENSEX,delta1,21,1.25,14,2.0,7,3.0,three_red_signal,fast,18,20,332,34.9,0.98,-2.66,-0.09,21.58,0.96,-4.22,110,40.9,1.02,1.56,0.08,20.84,,,,,
sterling_kite_engine,SENSEX,options_atm,21,1.25,14,2.0,7,3.0,three_red_signal,fast,18,20,332,31.3,1.06,4.86,0.29,10.59,1.06,2.87,110,36.4,1.06,2.0,0.2,10.86,,,,,
sterling_kite_engine,SENSEX,delta1,21,1.25,14,2.0,7,3.0,three_red_signal,fast,30,20,332,34.6,1.1,16.87,0.46,18.51,1.16,16.55,110,40.0,1.0,0.31,0.02,21.01,,,,,
sterling_kite_engine,SENSEX,options_atm,21,1.25,14,2.0,7,3.0,three_red_signal,fast,30,20,332,31.3,1.23,19.99,0.83,9.4,1.37,18.78,110,36.4,1.03,1.22,0.11,10.98,,,,,
sterling_kite_engine,SENSEX,delta1,21,1.25,14,2.0,7,3.0,three_red_signal,fast,48,20,332,34.6,1.14,23.91,0.63,17.62,1.22,22.27,110,40.0,1.02,1.64,0.08,20.78,,,,,
sterling_kite_engine,SENSEX,options_atm,21,1.25,14,2.0,7,3.0,three_red_signal,fast,48,20,332,31.3,1.28,24.94,1.0,9.12,1.45,23.01,110,36.4,1.05,1.92,0.17,10.98,,,,,
sterling_kite_engine,SENSEX,delta1,21,1.25,14,2.0,7,3.0,three_red_signal,fast,none,25,178,34.3,1.0,0.03,0.0,20.33,0.88,-7.4,59,42.4,1.17,7.43,0.45,13.11,,,,,
sterling_kite_engine,SENSEX,options_atm,21,1.25,14,2.0,7,3.0,three_red_signal,fast,none,25,178,30.3,1.12,5.89,0.46,10.09,1.03,0.78,59,39.0,1.24,5.11,0.56,6.42,,,,,
sterling_kite_engine,SENSEX,delta1,21,1.25,14,2.0,7,3.0,three_red_signal,fast,18,25,178,35.4,0.94,-6.26,-0.3,20.14,0.81,-11.27,59,44.1,1.12,5.01,0.32,13.38,,,,,
sterling_kite_engine,SENSEX,options_atm,21,1.25,14,2.0,7,3.0,three_red_signal,fast,18,25,178,31.5,1.06,3.04,0.25,9.41,0.96,-1.19,59,40.7,1.21,4.23,0.5,6.47,,,,,
sterling_kite_engine,SENSEX,delta1,21,1.25,14,2.0,7,3.0,three_red_signal,fast,30,25,178,34.3,0.94,-5.72,-0.26,22.58,0.79,-12.71,59,42.4,1.16,6.99,0.42,13.16,,,,,
sterling_kite_engine,SENSEX,options_atm,21,1.25,14,2.0,7,3.0,three_red_signal,fast,30,25,178,30.3,1.05,2.34,0.19,11.34,0.89,-3.25,59,39.0,1.26,5.59,0.58,6.39,,,,,
sterling_kite_engine,SENSEX,delta1,21,1.25,14,2.0,7,3.0,three_red_signal,fast,48,25,178,34.3,1.01,1.27,0.06,20.23,0.88,-7.05,59,42.4,1.19,8.32,0.48,13.02,,,,,
sterling_kite_engine,SENSEX,options_atm,21,1.25,14,2.0,7,3.0,three_red_signal,fast,48,25,178,30.3,1.15,7.43,0.55,10.01,1.04,1.14,59,39.0,1.3,6.29,0.62,6.35,,,,,
sterling_kite_engine,SENSEX,delta1,21,1.25,14,2.0,7,3.0,three_red_signal,mid,none,none,437,37.5,1.08,21.93,0.43,18.9,1.17,28.2,131,41.2,0.94,-6.26,-0.26,23.32,,,,,
sterling_kite_engine,SENSEX,options_atm,21,1.25,14,2.0,7,3.0,three_red_signal,mid,none,none,437,31.4,1.06,9.22,0.32,13.58,1.19,17.11,131,34.4,0.86,-7.89,-0.64,15.71,,,,,
sterling_kite_engine,SENSEX,delta1,21,1.25,14,2.0,7,3.0,three_red_signal,mid,18,none,474,42.4,1.01,3.72,0.08,22.79,1.1,17.76,140,43.6,0.88,-14.04,-0.64,26.34,,,,,
sterling_kite_engine,SENSEX,options_atm,21,1.25,14,2.0,7,3.0,three_red_signal,mid,18,none,474,38.6,1.06,8.21,0.33,11.66,1.17,14.33,140,40.7,0.89,-6.12,-0.56,13.21,,,,,
sterling_kite_engine,SENSEX,delta1,21,1.25,14,2.0,7,3.0,three_red_signal,mid,30,none,453,38.2,1.04,11.19,0.22,17.94,1.06,11.36,136,41.9,1.0,-0.17,-0.01,19.61,,,,,
sterling_kite_engine,SENSEX,options_atm,21,1.25,14,2.0,7,3.0,three_red_signal,mid,30,none,453,32.9,1.08,11.62,0.39,10.59,1.12,11.1,136,36.0,1.01,0.52,0.04,11.63,,,,,
sterling_kite_engine,SENSEX,delta1,21,1.25,14,2.0,7,3.0,three_red_signal,mid,48,none,442,37.6,1.11,29.78,0.57,17.11,1.2,34.93,133,41.4,0.95,-5.15,-0.21,22.09,,,,,
sterling_kite_engine,SENSEX,options_atm,21,1.25,14,2.0,7,3.0,three_red_signal,mid,48,none,442,32.1,1.13,18.55,0.62,11.84,1.26,23.73,133,34.6,0.91,-5.19,-0.39,14.39,,,,,
sterling_kite_engine,SENSEX,delta1,21,1.25,14,2.0,7,3.0,three_red_signal,mid,none,15,415,38.1,1.1,26.64,0.55,18.04,1.23,35.58,127,40.9,0.92,-8.93,-0.38,23.51,,,,,
sterling_kite_engine,SENSEX,options_atm,21,1.25,14,2.0,7,3.0,three_red_signal,mid,none,15,415,31.6,1.09,11.91,0.43,13.08,1.25,20.93,127,33.9,0.84,-9.03,-0.75,15.64,,,,,
sterling_kite_engine,SENSEX,delta1,21,1.25,14,2.0,7,3.0,three_red_signal,mid,18,15,445,42.5,1.02,5.51,0.13,22.18,1.13,19.73,135,43.7,0.87,-14.22,-0.65,26.04,,,,,
sterling_kite_engine,SENSEX,options_atm,21,1.25,14,2.0,7,3.0,three_red_signal,mid,18,15,445,38.7,1.07,9.07,0.38,11.35,1.19,15.36,135,40.7,0.88,-6.29,-0.58,12.98,,,,,
sterling_kite_engine,SENSEX,delta1,21,1.25,14,2.0,7,3.0,three_red_signal,mid,30,15,430,38.8,1.08,21.08,0.43,16.41,1.14,22.4,131,42.0,0.99,-1.33,-0.05,19.45,,,,,
sterling_kite_engine,SENSEX,options_atm,21,1.25,14,2.0,7,3.0,three_red_signal,mid,30,15,430,33.3,1.12,17.35,0.6,9.91,1.2,17.52,131,35.9,1.0,-0.17,-0.01,11.46,,,,,
sterling_kite_engine,SENSEX,delta1,21,1.25,14,2.0,7,3.0,three_red_signal,mid,48,15,419,38.2,1.13,34.57,0.7,16.32,1.26,40.82,128,41.4,0.94,-6.25,-0.26,21.95,,,,,
sterling_kite_engine,SENSEX,options_atm,21,1.25,14,2.0,7,3.0,three_red_signal,mid,48,15,419,32.5,1.15,20.57,0.72,11.46,1.31,26.26,128,34.4,0.9,-5.69,-0.44,14.21,,,,,
sterling_kite_engine,SENSEX,delta1,21,1.25,14,2.0,7,3.0,three_red_signal,mid,none,20,301,37.2,1.04,7.31,0.2,20.96,1.19,21.51,99,40.4,0.84,-14.2,-0.68,24.97,,,,,
sterling_kite_engine,SENSEX,options_atm,21,1.25,14,2.0,7,3.0,three_red_signal,mid,none,20,301,29.9,1.04,4.44,0.21,14.53,1.25,15.07,99,30.3,0.76,-10.63,-0.99,14.06,,,,,
sterling_kite_engine,SENSEX,delta1,21,1.25,14,2.0,7,3.0,three_red_signal,mid,18,20,320,40.6,0.94,-12.72,-0.4,27.5,1.07,8.44,105,42.9,0.76,-21.15,-1.15,29.62,,,,,
sterling_kite_engine,SENSEX,options_atm,21,1.25,14,2.0,7,3.0,three_red_signal,mid,18,20,320,36.6,0.98,-1.64,-0.1,14.54,1.16,9.27,105,39.0,0.75,-10.91,-1.22,15.83,,,,,
sterling_kite_engine,SENSEX,delta1,21,1.25,14,2.0,7,3.0,three_red_signal,mid,30,20,312,39.4,1.07,13.62,0.36,18.52,1.14,16.42,101,43.6,0.97,-2.8,-0.12,21.03,,,,,
sterling_kite_engine,SENSEX,options_atm,21,1.25,14,2.0,7,3.0,three_red_signal,mid,30,20,312,33.0,1.14,14.63,0.66,9.96,1.25,15.21,101,34.7,0.99,-0.58,-0.05,10.07,,,,,
sterling_kite_engine,SENSEX,delta1,21,1.25,14,2.0,7,3.0,three_red_signal,mid,48,20,304,37.5,1.09,18.94,0.5,19.29,1.25,29.35,99,41.4,0.88,-10.41,-0.48,24.15,,,,,
sterling_kite_engine,SENSEX,options_atm,21,1.25,14,2.0,7,3.0,three_red_signal,mid,48,20,304,31.6,1.14,14.7,0.67,10.49,1.36,21.79,99,32.3,0.84,-7.1,-0.61,12.65,,,,,
sterling_kite_engine,SENSEX,delta1,21,1.25,14,2.0,7,3.0,three_red_signal,mid,none,25,165,33.9,0.84,-20.09,-0.81,37.65,0.82,-13.7,54,38.9,0.88,-6.39,-0.37,16.3,,,,,
sterling_kite_engine,SENSEX,options_atm,21,1.25,14,2.0,7,3.0,three_red_signal,mid,none,25,165,26.7,0.88,-7.55,-0.54,21.0,0.89,-4.07,54,31.5,0.87,-3.49,-0.38,8.42,,,,,
sterling_kite_engine,SENSEX,delta1,21,1.25,14,2.0,7,3.0,three_red_signal,mid,18,25,172,37.8,0.76,-29.71,-1.38,35.48,0.82,-12.41,56,39.3,0.68,-17.3,-1.2,17.49,,,,,
sterling_kite_engine,SENSEX,options_atm,21,1.25,14,2.0,7,3.0,three_red_signal,mid,18,25,172,33.1,0.85,-8.98,-0.76,16.39,0.96,-1.26,56,37.5,0.7,-7.72,-1.08,7.77,,,,,
sterling_kite_engine,SENSEX,delta1,21,1.25,14,2.0,7,3.0,three_red_signal,mid,30,25,170,36.5,0.89,-14.13,-0.55,33.19,0.8,-15.14,55,41.8,1.02,1.01,0.05,12.74,,,,,
sterling_kite_engine,SENSEX,options_atm,21,1.25,14,2.0,7,3.0,three_red_signal,mid,30,25,170,30.0,0.99,-0.9,-0.06,17.84,0.89,-4.07,55,34.5,1.13,3.17,0.28,6.36,,,,,
sterling_kite_engine,SENSEX,delta1,21,1.25,14,2.0,7,3.0,three_red_signal,mid,48,25,167,34.1,0.93,-9.58,-0.36,29.46,0.95,-4.02,54,38.9,0.89,-5.57,-0.31,16.3,,,,,
sterling_kite_engine,SENSEX,options_atm,21,1.25,14,2.0,7,3.0,three_red_signal,mid,48,25,167,28.7,1.02,1.3,0.08,15.23,1.09,3.35,54,33.3,0.92,-2.05,-0.2,8.42,,,,,
adaptive_edge_v2,NIFTY,futures,,,,,,,,,,,530,34.0,0.28,-14.5,-7.93,14.5,0.34,-6.27,301,29.9,0.22,-8.23,-9.78,8.24,1.2,0.5,0,1.0,3
adaptive_edge_v2,NIFTY,futures,,,,,,,,,,,490,37.8,0.31,-13.47,-7.36,13.48,0.38,-5.72,286,33.2,0.24,-7.75,-9.14,7.77,1.2,0.5,0,1.0,4
adaptive_edge_v2,NIFTY,futures,,,,,,,,,,,450,39.6,0.29,-14.7,-7.06,14.78,0.32,-7.21,263,37.6,0.26,-7.48,-8.99,7.5,1.2,0.5,0,1.0,6
adaptive_edge_v2,NIFTY,futures,,,,,,,,,,,466,28.3,0.3,-13.19,-7.62,13.17,0.38,-5.58,256,23.0,0.23,-7.61,-9.76,7.64,1.2,0.5,0,1.5,3
adaptive_edge_v2,NIFTY,futures,,,,,,,,,,,411,30.9,0.32,-12.38,-7.35,12.1,0.38,-5.48,230,25.7,0.25,-6.9,-8.75,6.93,1.2,0.5,0,1.5,4
adaptive_edge_v2,NIFTY,futures,,,,,,,,,,,378,30.7,0.29,-13.96,-7.32,13.78,0.33,-7.0,212,27.8,0.26,-6.96,-8.67,6.99,1.2,0.5,0,1.5,6
adaptive_edge_v2,NIFTY,futures,,,,,,,,,,,443,24.2,0.3,-13.19,-7.55,13.2,0.38,-5.8,239,18.8,0.23,-7.39,-9.5,7.43,1.2,0.5,0,2.0,3
adaptive_edge_v2,NIFTY,futures,,,,,,,,,,,387,25.3,0.31,-12.66,-7.56,12.41,0.38,-5.72,213,19.7,0.23,-6.94,-8.93,6.98,1.2,0.5,0,2.0,4
adaptive_edge_v2,NIFTY,futures,,,,,,,,,,,358,24.9,0.28,-14.02,-7.49,13.87,0.32,-7.32,197,22.3,0.24,-6.7,-8.6,6.75,1.2,0.5,0,2.0,6
adaptive_edge_v2,NIFTY,futures,,,,,,,,,,,529,33.1,0.26,-14.51,-8.56,14.52,0.31,-6.24,297,29.3,0.21,-8.27,-10.34,8.29,1.2,0.5,25,1.0,3
adaptive_edge_v2,NIFTY,futures,,,,,,,,,,,487,37.4,0.3,-13.29,-7.73,13.3,0.38,-5.45,281,32.7,0.23,-7.84,-9.64,7.86,1.2,0.5,25,1.0,4
adaptive_edge_v2,NIFTY,futures,,,,,,,,,,,444,39.2,0.29,-14.33,-7.22,14.41,0.32,-6.98,255,37.6,0.26,-7.35,-9.28,7.37,1.2,0.5,25,1.0,6
adaptive_edge_v2,NIFTY,futures,,,,,,,,,,,480,27.5,0.29,-13.23,-8.1,13.21,0.37,-5.31,270,22.6,0.22,-7.92,-10.19,7.95,1.2,0.5,25,1.5,3
adaptive_edge_v2,NIFTY,futures,,,,,,,,,,,426,30.3,0.31,-12.42,-7.66,12.14,0.39,-5.11,243,24.7,0.23,-7.31,-9.56,7.34,1.2,0.5,25,1.5,4
adaptive_edge_v2,NIFTY,futures,,,,,,,,,,,386,30.3,0.29,-13.69,-7.4,13.5,0.33,-6.57,218,27.5,0.25,-7.12,-9.13,7.14,1.2,0.5,25,1.5,6
adaptive_edge_v2,NIFTY,futures,,,,,,,,,,,447,23.9,0.3,-12.89,-7.84,12.9,0.38,-5.48,238,18.9,0.22,-7.41,-9.91,7.45,1.2,0.5,25,2.0,3
adaptive_edge_v2,NIFTY,futures,,,,,,,,,,,392,25.8,0.31,-12.35,-7.69,12.1,0.4,-5.28,211,19.4,0.21,-7.07,-9.53,7.11,1.2,0.5,25,2.0,4
adaptive_edge_v2,NIFTY,futures,,,,,,,,,,,359,24.2,0.29,-13.57,-7.52,13.41,0.33,-6.95,192,21.4,0.23,-6.63,-8.93,6.67,1.2,0.5,25,2.0,6
adaptive_edge_v2,NIFTY,futures,,,,,,,,,,,539,32.7,0.25,-15.06,-8.71,15.07,0.3,-6.79,296,29.1,0.21,-8.28,-10.37,8.3,1.2,0.5,28,1.0,3
adaptive_edge_v2,NIFTY,futures,,,,,,,,,,,496,36.9,0.29,-13.68,-7.83,13.68,0.36,-5.83,280,32.5,0.23,-7.85,-9.67,7.86,1.2,0.5,28,1.0,4
adaptive_edge_v2,NIFTY,futures,,,,,,,,,,,449,38.8,0.28,-14.71,-7.35,14.8,0.31,-7.31,254,37.4,0.25,-7.4,-9.41,7.42,1.2,0.5,28,1.0,6
adaptive_edge_v2,NIFTY,futures,,,,,,,,,,,490,26.7,0.27,-13.96,-8.42,13.93,0.33,-6.03,269,22.3,0.22,-7.92,-10.22,7.95,1.2,0.5,28,1.5,3
adaptive_edge_v2,NIFTY,futures,,,,,,,,,,,435,29.7,0.3,-12.95,-7.89,12.68,0.36,-5.63,242,24.4,0.23,-7.32,-9.58,7.35,1.2,0.5,28,1.5,4
adaptive_edge_v2,NIFTY,futures,,,,,,,,,,,391,29.9,0.28,-14.07,-7.55,13.89,0.32,-7.0,217,27.6,0.25,-7.08,-9.08,7.11,1.2,0.5,28,1.5,6
adaptive_edge_v2,NIFTY,futures,,,,,,,,,,,458,23.4,0.28,-13.65,-8.19,13.65,0.34,-6.24,238,18.9,0.22,-7.41,-9.91,7.45,1.2,0.5,28,2.0,3
adaptive_edge_v2,NIFTY,futures,,,,,,,,,,,402,25.4,0.29,-12.91,-7.95,12.66,0.37,-5.85,211,19.4,0.21,-7.07,-9.53,7.11,1.2,0.5,28,2.0,4
adaptive_edge_v2,NIFTY,futures,,,,,,,,,,,365,23.8,0.28,-14.01,-7.69,13.86,0.31,-7.39,192,21.4,0.23,-6.63,-8.93,6.67,1.2,0.5,28,2.0,6
adaptive_edge_v2,NIFTY,futures,,,,,,,,,,,537,32.4,0.24,-15.16,-8.82,15.16,0.3,-6.79,294,28.6,0.2,-8.37,-10.63,8.39,1.2,0.5,35,1.0,3
adaptive_edge_v2,NIFTY,futures,,,,,,,,,,,494,36.6,0.29,-13.77,-7.93,13.78,0.36,-5.83,278,32.0,0.22,-7.94,-9.92,7.96,1.2,0.5,35,1.0,4
adaptive_edge_v2,NIFTY,futures,,,,,,,,,,,447,38.5,0.27,-14.81,-7.43,14.89,0.31,-7.31,252,36.9,0.24,-7.49,-9.65,7.51,1.2,0.5,35,1.0,6
adaptive_edge_v2,NIFTY,futures,,,,,,,,,,,489,26.4,0.26,-14.17,-8.61,14.15,0.33,-6.03,268,21.6,0.2,-8.14,-10.7,8.16,1.2,0.5,35,1.5,3
adaptive_edge_v2,NIFTY,futures,,,,,,,,,,,434,29.3,0.29,-13.13,-8.06,12.86,0.36,-5.63,241,23.7,0.22,-7.5,-9.99,7.52,1.2,0.5,35,1.5,4
adaptive_edge_v2,NIFTY,futures,,,,,,,,,,,390,29.5,0.28,-14.28,-7.71,14.1,0.32,-7.0,216,26.9,0.23,-7.28,-9.51,7.31,1.2,0.5,35,1.5,6
adaptive_edge_v2,NIFTY,futures,,,,,,,,,,,458,23.1,0.27,-13.81,-8.33,13.82,0.34,-6.24,238,18.5,0.21,-7.58,-10.27,7.62,1.2,0.5,35,2.0,3
adaptive_edge_v2,NIFTY,futures,,,,,,,,,,,402,25.1,0.29,-13.04,-8.07,12.79,0.37,-5.85,211,19.0,0.2,-7.2,-9.86,7.24,1.2,0.5,35,2.0,4
adaptive_edge_v2,NIFTY,futures,,,,,,,,,,,365,23.6,0.27,-14.17,-7.81,14.01,0.31,-7.39,192,20.8,0.22,-6.78,-9.28,6.83,1.2,0.5,35,2.0,6
adaptive_edge_v2,NIFTY,futures,,,,,,,,,,,517,32.7,0.26,-14.93,-8.39,14.92,0.29,-6.99,294,30.3,0.22,-7.94,-9.78,7.96,1.2,0.6,0,1.0,3
adaptive_edge_v2,NIFTY,futures,,,,,,,,,,,484,36.4,0.28,-14.08,-7.88,13.95,0.32,-6.5,281,33.1,0.24,-7.57,-9.23,7.59,1.2,0.6,0,1.0,4
adaptive_edge_v2,NIFTY,futures,,,,,,,,,,,438,37.9,0.27,-15.1,-7.48,14.97,0.28,-7.84,258,37.2,0.26,-7.26,-9.03,7.28,1.2,0.6,0,1.0,6
adaptive_edge_v2,NIFTY,futures,,,,,,,,,,,458,26.9,0.28,-13.73,-8.13,13.7,0.33,-6.27,252,23.0,0.23,-7.46,-9.89,7.48,1.2,0.6,0,1.5,3
adaptive_edge_v2,NIFTY,futures,,,,,,,,,,,411,29.9,0.3,-12.75,-7.65,12.53,0.36,-5.89,228,25.0,0.25,-6.86,-8.96,6.89,1.2,0.6,0,1.5,4
adaptive_edge_v2,NIFTY,futures,,,,,,,,,,,372,29.8,0.29,-13.95,-7.45,13.77,0.32,-7.08,210,27.1,0.25,-6.87,-8.8,6.9,1.2,0.6,0,1.5,6
adaptive_edge_v2,NIFTY,futures,,,,,,,,,,,435,23.7,0.3,-13.07,-7.6,13.07,0.37,-5.72,243,19.3,0.24,-7.35,-9.39,7.39,1.2,0.6,0,2.0,3
adaptive_edge_v2,NIFTY,futures,,,,,,,,,,,388,25.5,0.31,-12.5,-7.45,12.31,0.38,-5.64,219,20.5,0.24,-6.86,-8.77,6.9,1.2,0.6,0,2.0,4
adaptive_edge_v2,NIFTY,futures,,,,,,,,,,,357,24.9,0.29,-13.89,-7.41,13.71,0.32,-7.1,203,22.7,0.25,-6.79,-8.56,6.83,1.2,0.6,0,2.0,6
adaptive_edge_v2,NIFTY,futures,,,,,,,,,,,516,31.8,0.24,-15.02,-9.07,15.02,0.27,-6.96,290,29.7,0.21,-8.07,-10.29,8.08,1.2,0.6,25,1.0,3
adaptive_edge_v2,NIFTY,futures,,,,,,,,,,,481,36.0,0.27,-13.98,-8.3,13.85,0.32,-6.24,276,32.6,0.22,-7.74,-9.7,7.76,1.2,0.6,25,1.0,4
adaptive_edge_v2,NIFTY,futures,,,,,,,,,,,432,37.5,0.26,-14.82,-7.69,14.68,0.27,-7.61,250,37.2,0.25,-7.21,-9.25,7.23,1.2,0.6,25,1.0,6
adaptive_edge_v2,NIFTY,futures,,,,,,,,,,,470,26.2,0.27,-13.76,-8.6,13.73,0.32,-6.0,264,22.7,0.22,-7.76,-10.21,7.79,1.2,0.6,25,1.5,3
adaptive_edge_v2,NIFTY,futures,,,,,,,,,,,424,29.5,0.29,-12.78,-7.94,12.56,0.37,-5.52,239,24.3,0.22,-7.26,-9.63,7.29,1.2,0.6,25,1.5,4
adaptive_edge_v2,NIFTY,futures,,,,,,,,,,,378,29.4,0.28,-13.69,-7.54,13.51,0.32,-6.66,214,26.6,0.24,-7.04,-9.17,7.07,1.2,0.6,25,1.5,6
adaptive_edge_v2,NIFTY,futures,,,,,,,,,,,448,23.0,0.28,-13.63,-8.29,13.62,0.33,-6.17,242,19.4,0.23,-7.46,-9.77,7.5,1.2,0.6,25,2.0,3
adaptive_edge_v2,NIFTY,futures,,,,,,,,,,,401,25.7,0.3,-12.79,-7.84,12.61,0.38,-5.71,217,20.3,0.22,-7.08,-9.34,7.12,1.2,0.6,25,2.0,4
adaptive_edge_v2,NIFTY,futures,,,,,,,,,,,362,24.0,0.28,-13.84,-7.6,13.66,0.32,-7.04,198,21.7,0.24,-6.8,-8.87,6.84,1.2,0.6,25,2.0,6
adaptive_edge_v2,NIFTY,futures,,,,,,,,,,,515,31.7,0.24,-15.03,-9.08,15.02,0.27,-6.96,289,29.4,0.21,-8.07,-10.32,8.09,1.2,0.6,28,1.0,3
adaptive_edge_v2,NIFTY,futures,,,,,,,,,,,480,35.8,0.27,-13.98,-8.32,13.85,0.32,-6.24,275,32.4,0.22,-7.75,-9.73,7.76,1.2,0.6,28,1.0,4
adaptive_edge_v2,NIFTY,futures,,,,,,,,,,,431,37.4,0.26,-14.87,-7.74,14.73,0.27,-7.61,249,36.9,0.25,-7.26,-9.36,7.27,1.2,0.6,28,1.0,6
adaptive_edge_v2,NIFTY,futures,,,,,,,,,,,469,26.0,0.27,-13.77,-8.62,13.74,0.32,-6.0,263,22.4,0.22,-7.76,-10.25,7.79,1.2,0.6,28,1.5,3
adaptive_edge_v2,NIFTY,futures,,,,,,,,,,,423,29.3,0.29,-12.78,-7.95,12.57,0.37,-5.52,238,23.9,0.22,-7.26,-9.65,7.29,1.2,0.6,28,1.5,4
adaptive_edge_v2,NIFTY,futures,,,,,,,,,,,377,29.4,0.28,-13.65,-7.53,13.47,0.32,-6.66,213,26.8,0.24,-7.0,-9.12,7.03,1.2,0.6,28,1.5,6
adaptive_edge_v2,NIFTY,futures,,,,,,,,,,,448,23.0,0.28,-13.63,-8.29,13.62,0.33,-6.17,242,19.4,0.23,-7.46,-9.77,7.5,1.2,0.6,28,2.0,3
adaptive_edge_v2,NIFTY,futures,,,,,,,,,,,401,25.7,0.3,-12.79,-7.84,12.61,0.38,-5.71,217,20.3,0.22,-7.08,-9.34,7.12,1.2,0.6,28,2.0,4
adaptive_edge_v2,NIFTY,futures,,,,,,,,,,,362,24.0,0.28,-13.84,-7.6,13.66,0.32,-7.04,198,21.7,0.24,-6.8,-8.87,6.84,1.2,0.6,28,2.0,6
adaptive_edge_v2,NIFTY,futures,,,,,,,,,,,513,31.4,0.23,-15.12,-9.19,15.11,0.27,-6.96,287,28.9,0.2,-8.16,-10.59,8.18,1.2,0.6,35,1.0,3
adaptive_edge_v2,NIFTY,futures,,,,,,,,,,,478,35.6,0.26,-14.08,-8.42,13.95,0.32,-6.24,273,31.9,0.21,-7.84,-9.98,7.86,1.2,0.6,35,1.0,4
adaptive_edge_v2,NIFTY,futures,,,,,,,,,,,429,37.1,0.25,-14.96,-7.83,14.83,0.27,-7.61,247,36.4,0.24,-7.35,-9.57,7.37,1.2,0.6,35,1.0,6
adaptive_edge_v2,NIFTY,futures,,,,,,,,,,,468,25.6,0.26,-13.98,-8.82,13.95,0.32,-6.0,262,21.8,0.2,-7.98,-10.73,8.01,1.2,0.6,35,1.5,3
adaptive_edge_v2,NIFTY,futures,,,,,,,,,,,422,28.9,0.28,-12.96,-8.13,12.75,0.37,-5.52,237,23.2,0.21,-7.44,-10.07,7.47,1.2,0.6,35,1.5,4
adaptive_edge_v2,NIFTY,futures,,,,,,,,,,,376,29.0,0.28,-13.86,-7.69,13.68,0.32,-6.66,212,25.9,0.22,-7.2,-9.56,7.23,1.2,0.6,35,1.5,6
adaptive_edge_v2,NIFTY,futures,,,,,,,,,,,447,22.8,0.27,-13.74,-8.41,13.74,0.33,-6.17,241,19.1,0.22,-7.57,-10.05,7.62,1.2,0.6,35,2.0,3
adaptive_edge_v2,NIFTY,futures,,,,,,,,,,,400,25.5,0.3,-12.87,-7.94,12.69,0.38,-5.71,216,19.9,0.21,-7.16,-9.59,7.2,1.2,0.6,35,2.0,4
adaptive_edge_v2,NIFTY,futures,,,,,,,,,,,361,23.8,0.28,-13.95,-7.7,13.76,0.32,-7.04,197,21.3,0.23,-6.91,-9.14,6.95,1.2,0.6,35,2.0,6
adaptive_edge_v2,NIFTY,futures,,,,,,,,,,,580,31.6,0.24,-18.68,-8.93,18.67,0.29,-9.89,283,27.9,0.18,-8.79,-11.02,8.81,1.2,0.7,0,1.0,3
adaptive_edge_v2,NIFTY,futures,,,,,,,,,,,550,34.9,0.26,-18.29,-8.59,18.21,0.31,-9.53,273,30.4,0.19,-8.75,-10.78,8.77,1.2,0.7,0,1.0,4
adaptive_edge_v2,NIFTY,futures,,,,,,,,,,,498,36.5,0.27,-17.77,-8.84,17.77,0.31,-9.41,253,34.4,0.21,-8.36,-10.55,8.38,1.2,0.7,0,1.0,6
adaptive_edge_v2,NIFTY,futures,,,,,,,,,,,121,20.7,0.2,-4.24,-6.67,4.19,0.31,-1.69,72,15.3,0.11,-2.55,-7.56,2.5,1.2,0.7,0,1.5,3
adaptive_edge_v2,NIFTY,futures,,,,,,,,,,,109,28.4,0.24,-4.2,-5.64,4.02,0.41,-1.45,68,16.2,0.1,-2.75,-7.95,2.7,1.2,0.7,0,1.5,4
adaptive_edge_v2,NIFTY,futures,,,,,,,,,,,101,28.7,0.25,-4.02,-5.89,3.93,0.44,-1.3,63,19.0,0.1,-2.72,-7.97,2.67,1.2,0.7,0,1.5,6
adaptive_edge_v2,NIFTY,futures,,,,,,,,,,,121,19.0,0.21,-4.28,-6.5,4.27,0.31,-1.76,72,13.9,0.12,-2.52,-7.27,2.47,1.2,0.7,0,2.0,3
adaptive_edge_v2,NIFTY,futures,,,,,,,,,,,109,25.7,0.25,-4.27,-5.56,4.12,0.43,-1.46,68,13.2,0.1,-2.8,-8.1,2.75,1.2,0.7,0,2.0,4
adaptive_edge_v2,NIFTY,futures,,,,,,,,,,,101,24.8,0.25,-4.18,-5.95,4.12,0.43,-1.4,63,15.9,0.1,-2.77,-8.14,2.72,1.2,0.7,0,2.0,6
adaptive_edge_v2,NIFTY,futures,,,,,,,,,,,574,31.2,0.23,-18.43,-9.4,18.41,0.26,-9.92,277,28.2,0.18,-8.51,-11.17,8.53,1.2,0.7,25,1.0,3
adaptive_edge_v2,NIFTY,futures,,,,,,,,,,,541,35.1,0.25,-17.71,-8.8,17.63,0.3,-9.25,266,30.8,0.19,-8.46,-10.86,8.48,1.2,0.7,25,1.0,4
adaptive_edge_v2,NIFTY,futures,,,,,,,,,,,487,36.8,0.26,-17.02,-9.0,17.02,0.3,-9.15,244,35.2,0.22,-7.87,-10.26,7.89,1.2,0.7,25,1.0,6
adaptive_edge_v2,NIFTY,futures,,,,,,,,,,,117,20.5,0.22,-3.82,-6.37,3.78,0.34,-1.49,69,14.5,0.11,-2.34,-7.42,2.28,1.2,0.7,25,1.5,3
adaptive_edge_v2,NIFTY,futures,,,,,,,,,,,105,29.5,0.26,-3.76,-5.24,3.58,0.45,-1.24,65,16.9,0.11,-2.51,-7.61,2.46,1.2,0.7,25,1.5,4
adaptive_edge_v2,NIFTY,futures,,,,,,,,,,,97,29.9,0.27,-3.58,-5.48,3.49,0.48,-1.09,60,20.0,0.11,-2.49,-7.64,2.44,1.2,0.7,25,1.5,6
adaptive_edge_v2,NIFTY,futures,,,,,,,,,,,117,18.8,0.23,-3.87,-6.18,3.86,0.34,-1.56,69,13.0,0.13,-2.31,-7.1,2.26,1.2,0.7,25,2.0,3
adaptive_edge_v2,NIFTY,futures,,,,,,,,,,,105,26.7,0.27,-3.82,-5.15,3.68,0.47,-1.26,65,13.8,0.11,-2.57,-7.77,2.52,1.2,0.7,25,2.0,4
adaptive_edge_v2,NIFTY,futures,,,,,,,,,,,97,25.8,0.27,-3.74,-5.54,3.68,0.47,-1.2,60,16.7,0.11,-2.54,-7.81,2.49,1.2,0.7,25,2.0,6
adaptive_edge_v2,NIFTY,futures,,,,,,,,,,,574,31.2,0.23,-18.43,-9.4,18.41,0.26,-9.92,277,28.2,0.18,-8.51,-11.17,8.53,1.2,0.7,28,1.0,3
adaptive_edge_v2,NIFTY,futures,,,,,,,,,,,541,35.1,0.25,-17.71,-8.8,17.63,0.3,-9.25,266,30.8,0.19,-8.46,-10.86,8.48,1.2,0.7,28,1.0,4
adaptive_edge_v2,NIFTY,futures,,,,,,,,,,,487,36.8,0.26,-17.02,-9.0,17.02,0.3,-9.15,244,35.2,0.22,-7.87,-10.26,7.89,1.2,0.7,28,1.0,6
adaptive_edge_v2,NIFTY,futures,,,,,,,,,,,117,20.5,0.22,-3.82,-6.37,3.78,0.34,-1.49,69,14.5,0.11,-2.34,-7.42,2.28,1.2,0.7,28,1.5,3
adaptive_edge_v2,NIFTY,futures,,,,,,,,,,,105,29.5,0.26,-3.76,-5.24,3.58,0.45,-1.24,65,16.9,0.11,-2.51,-7.61,2.46,1.2,0.7,28,1.5,4
adaptive_edge_v2,NIFTY,futures,,,,,,,,,,,97,29.9,0.27,-3.58,-5.48,3.49,0.48,-1.09,60,20.0,0.11,-2.49,-7.64,2.44,1.2,0.7,28,1.5,6
adaptive_edge_v2,NIFTY,futures,,,,,,,,,,,117,18.8,0.23,-3.87,-6.18,3.86,0.34,-1.56,69,13.0,0.13,-2.31,-7.1,2.26,1.2,0.7,28,2.0,3
adaptive_edge_v2,NIFTY,futures,,,,,,,,,,,105,26.7,0.27,-3.82,-5.15,3.68,0.47,-1.26,65,13.8,0.11,-2.57,-7.77,2.52,1.2,0.7,28,2.0,4
adaptive_edge_v2,NIFTY,futures,,,,,,,,,,,97,25.8,0.27,-3.74,-5.54,3.68,0.47,-1.2,60,16.7,0.11,-2.54,-7.81,2.49,1.2,0.7,28,2.0,6
adaptive_edge_v2,NIFTY,futures,,,,,,,,,,,572,31.1,0.23,-18.41,-9.42,18.39,0.26,-9.92,275,28.0,0.18,-8.49,-11.26,8.51,1.2,0.7,35,1.0,3
adaptive_edge_v2,NIFTY,futures,,,,,,,,,,,539,35.1,0.25,-17.72,-8.83,17.64,0.3,-9.25,264,30.7,0.19,-8.47,-10.96,8.48,1.2,0.7,35,1.0,4
adaptive_edge_v2,NIFTY,futures,,,,,,,,,,,485,36.7,0.26,-17.0,-9.02,17.0,0.3,-9.15,242,35.1,0.21,-7.86,-10.29,7.87,1.2,0.7,35,1.0,6
adaptive_edge_v2,NIFTY,futures,,,,,,,,,,,117,20.5,0.22,-3.82,-6.37,3.78,0.34,-1.49,69,14.5,0.11,-2.34,-7.42,2.28,1.2,0.7,35,1.5,3
adaptive_edge_v2,NIFTY,futures,,,,,,,,,,,105,29.5,0.26,-3.76,-5.24,3.58,0.45,-1.24,65,16.9,0.11,-2.51,-7.61,2.46,1.2,0.7,35,1.5,4
adaptive_edge_v2,NIFTY,futures,,,,,,,,,,,97,29.9,0.27,-3.58,-5.48,3.49,0.48,-1.09,60,20.0,0.11,-2.49,-7.64,2.44,1.2,0.7,35,1.5,6
adaptive_edge_v2,NIFTY,futures,,,,,,,,,,,117,18.8,0.23,-3.87,-6.18,3.86,0.34,-1.56,69,13.0,0.13,-2.31,-7.1,2.26,1.2,0.7,35,2.0,3
adaptive_edge_v2,NIFTY,futures,,,,,,,,,,,105,26.7,0.27,-3.82,-5.15,3.68,0.47,-1.26,65,13.8,0.11,-2.57,-7.77,2.52,1.2,0.7,35,2.0,4
adaptive_edge_v2,NIFTY,futures,,,,,,,,,,,97,25.8,0.27,-3.74,-5.54,3.68,0.47,-1.2,60,16.7,0.11,-2.54,-7.81,2.49,1.2,0.7,35,2.0,6
adaptive_edge_v2,NIFTY,futures,,,,,,,,,,,505,33.7,0.28,-13.73,-7.85,13.74,0.35,-5.72,290,29.7,0.22,-8.01,-9.84,8.03,1.35,0.5,0,1.0,3
adaptive_edge_v2,NIFTY,futures,,,,,,,,,,,466,37.6,0.32,-12.57,-7.21,12.58,0.4,-5.08,276,33.0,0.24,-7.5,-9.16,7.51,1.35,0.5,0,1.0,4
adaptive_edge_v2,NIFTY,futures,,,,,,,,,,,437,40.5,0.3,-14.06,-6.91,14.14,0.34,-6.75,255,37.3,0.26,-7.32,-9.11,7.33,1.35,0.5,0,1.0,6
adaptive_edge_v2,NIFTY,futures,,,,,,,,,,,444,27.7,0.31,-12.62,-7.54,12.6,0.39,-5.26,246,22.8,0.23,-7.36,-9.6,7.39,1.35,0.5,0,1.5,3
adaptive_edge_v2,NIFTY,futures,,,,,,,,,,,390,30.0,0.32,-11.7,-7.27,11.42,0.39,-5.03,222,25.2,0.25,-6.67,-8.6,6.7,1.35,0.5,0,1.5,4
adaptive_edge_v2,NIFTY,futures,,,,,,,,,,,367,31.3,0.29,-13.48,-7.23,13.29,0.33,-6.75,206,27.7,0.26,-6.73,-8.5,6.76,1.35,0.5,0,1.5,6
adaptive_edge_v2,NIFTY,futures,,,,,,,,,,,422,23.5,0.31,-12.65,-7.48,12.65,0.38,-5.5,230,18.7,0.23,-7.15,-9.28,7.19,1.35,0.5,0,2.0,3
adaptive_edge_v2,NIFTY,futures,,,,,,,,,,,368,25.0,0.31,-11.87,-7.39,11.62,0.4,-5.2,206,19.9,0.23,-6.68,-8.71,6.72,1.35,0.5,0,2.0,4
adaptive_edge_v2,NIFTY,futures,,,,,,,,,,,347,25.9,0.29,-13.26,-7.26,13.1,0.33,-6.78,192,22.4,0.24,-6.48,-8.44,6.53,1.35,0.5,0,2.0,6
adaptive_edge_v2,NIFTY,futures,,,,,,,,,,,501,32.9,0.26,-13.55,-8.42,13.55,0.33,-5.65,284,29.2,0.21,-7.9,-10.31,7.92,1.35,0.5,25,1.0,3
adaptive_edge_v2,NIFTY,futures,,,,,,,,,,,460,37.4,0.31,-12.2,-7.51,12.2,0.4,-4.73,269,32.7,0.23,-7.47,-9.61,7.49,1.35,0.5,25,1.0,4
adaptive_edge_v2,NIFTY,futures,,,,,,,,,,,430,40.0,0.29,-13.74,-7.11,13.83,0.33,-6.45,247,36.8,0.24,-7.29,-9.48,7.31,1.35,0.5,25,1.0,6
adaptive_edge_v2,NIFTY,futures,,,,,,,,,,,456,26.8,0.29,-12.51,-7.97,12.49,0.38,-4.95,259,22.0,0.22,-7.57,-10.14,7.6,1.35,0.5,25,1.5,3
adaptive_edge_v2,NIFTY,futures,,,,,,,,,,,403,29.3,0.31,-11.69,-7.59,11.41,0.41,-4.58,234,23.9,0.23,-7.11,-9.52,7.14,1.35,0.5,25,1.5,4
adaptive_edge_v2,NIFTY,futures,,,,,,,,,,,375,30.7,0.29,-13.38,-7.41,13.19,0.34,-6.26,213,26.8,0.24,-7.12,-9.28,7.15,1.35,0.5,25,1.5,6
adaptive_edge_v2,NIFTY,futures,,,,,,,,,,,423,23.4,0.3,-12.13,-7.67,12.13,0.39,-5.11,227,18.9,0.22,-7.01,-9.52,7.05,1.35,0.5,25,2.0,3
adaptive_edge_v2,NIFTY,futures,,,,,,,,,,,369,25.2,0.32,-11.45,-7.5,11.19,0.42,-4.75,202,19.8,0.22,-6.69,-9.2,6.73,1.35,0.5,25,2.0,4
adaptive_edge_v2,NIFTY,futures,,,,,,,,,,,347,25.4,0.3,-12.8,-7.28,12.64,0.35,-6.34,187,21.4,0.23,-6.46,-8.82,6.5,1.35,0.5,25,2.0,6
adaptive_edge_v2,NIFTY,futures,,,,,,,,,,,511,32.7,0.25,-14.07,-8.56,14.07,0.31,-6.16,284,29.2,0.21,-7.9,-10.31,7.92,1.35,0.5,28,1.0,3
adaptive_edge_v2,NIFTY,futures,,,,,,,,,,,469,37.1,0.3,-12.52,-7.58,12.52,0.39,-5.05,269,32.7,0.23,-7.47,-9.61,7.49,1.35,0.5,28,1.0,4
adaptive_edge_v2,NIFTY,futures,,,,,,,,,,,435,39.8,0.29,-13.93,-7.15,14.01,0.33,-6.63,247,36.8,0.24,-7.29,-9.48,7.31,1.35,0.5,28,1.0,6
adaptive_edge_v2,NIFTY,futures,,,,,,,,,,,466,26.2,0.28,-13.21,-8.28,13.19,0.34,-5.64,259,22.0,0.22,-7.57,-10.14,7.6,1.35,0.5,28,1.5,3
adaptive_edge_v2,NIFTY,futures,,,,,,,,,,,412,28.9,0.3,-12.15,-7.79,11.87,0.38,-5.04,234,23.9,0.23,-7.11,-9.52,7.14,1.35,0.5,28,1.5,4
adaptive_edge_v2,NIFTY,futures,,,,,,,,,,,380,30.3,0.28,-13.65,-7.51,13.47,0.32,-6.54,213,26.8,0.24,-7.12,-9.28,7.15,1.35,0.5,28,1.5,6
adaptive_edge_v2,NIFTY,futures,,,,,,,,,,,433,22.9,0.29,-12.85,-8.03,12.86,0.35,-5.84,227,18.9,0.22,-7.01,-9.52,7.05,1.35,0.5,28,2.0,3
adaptive_edge_v2,NIFTY,futures,,,,,,,,,,,378,24.9,0.3,-11.94,-7.74,11.69,0.39,-5.25,202,19.8,0.22,-6.69,-9.2,6.73,1.35,0.5,28,2.0,4
adaptive_edge_v2,NIFTY,futures,,,,,,,,,,,352,25.0,0.29,-13.09,-7.41,12.93,0.34,-6.63,187,21.4,0.23,-6.46,-8.82,6.5,1.35,0.5,28,2.0,6
adaptive_edge_v2,NIFTY,futures,,,,,,,,,,,509,32.4,0.25,-14.16,-8.67,14.16,0.31,-6.16,282,28.7,0.2,-8.0,-10.58,8.01,1.35,0.5,35,1.0,3
adaptive_edge_v2,NIFTY,futures,,,,,,,,,,,467,36.8,0.3,-12.61,-7.68,12.61,0.39,-5.05,267,32.2,0.22,-7.56,-9.86,7.58,1.35,0.5,35,1.0,4
adaptive_edge_v2,NIFTY,futures,,,,,,,,,,,433,39.5,0.28,-14.02,-7.24,14.1,0.33,-6.63,245,36.3,0.24,-7.38,-9.69,7.4,1.35,0.5,35,1.0,6
adaptive_edge_v2,NIFTY,futures,,,,,,,,,,,465,25.8,0.27,-13.42,-8.48,13.4,0.34,-5.64,258,21.3,0.2,-7.78,-10.63,7.81,1.35,0.5,35,1.5,3
adaptive_edge_v2,NIFTY,futures,,,,,,,,,,,411,28.5,0.29,-12.33,-7.97,12.05,0.38,-5.04,233,23.2,0.21,-7.29,-9.95,7.32,1.35,0.5,35,1.5,4
adaptive_edge_v2,NIFTY,futures,,,,,,,,,,,379,29.8,0.27,-13.86,-7.68,13.68,0.32,-6.54,212,25.9,0.22,-7.32,-9.73,7.35,1.35,0.5,35,1.5,6
adaptive_edge_v2,NIFTY,futures,,,,,,,,,,,433,22.6,0.28,-13.02,-8.17,13.03,0.35,-5.84,227,18.5,0.21,-7.18,-9.88,7.22,1.35,0.5,35,2.0,3
adaptive_edge_v2,NIFTY,futures,,,,,,,,,,,378,24.6,0.3,-12.07,-7.87,11.82,0.39,-5.25,202,19.3,0.2,-6.82,-9.52,6.86,1.35,0.5,35,2.0,4
adaptive_edge_v2,NIFTY,futures,,,,,,,,,,,352,24.7,0.28,-13.25,-7.53,13.09,0.34,-6.63,187,20.9,0.22,-6.62,-9.18,6.66,1.35,0.5,35,2.0,6
adaptive_edge_v2,NIFTY,futures,,,,,,,,,,,495,32.3,0.26,-14.3,-8.37,14.3,0.3,-6.58,283,30.0,0.22,-7.73,-9.84,7.74,1.35,0.6,0,1.0,3
adaptive_edge_v2,NIFTY,futures,,,,,,,,,,,462,35.9,0.29,-13.31,-7.8,13.17,0.33,-5.99,271,32.8,0.24,-7.32,-9.25,7.33,1.35,0.6,0,1.0,4
adaptive_edge_v2,NIFTY,futures,,,,,,,,,,,427,38.6,0.27,-14.62,-7.39,14.49,0.28,-7.53,250,36.8,0.26,-7.09,-9.11,7.11,1.35,0.6,0,1.0,6
adaptive_edge_v2,NIFTY,futures,,,,,,,,,,,438,26.3,0.28,-13.2,-8.06,13.17,0.34,-5.99,242,22.7,0.23,-7.21,-9.65,7.24,1.35,0.6,0,1.5,3
adaptive_edge_v2,NIFTY,futures,,,,,,,,,,,392,28.8,0.3,-12.2,-7.64,11.98,0.36,-5.56,220,24.5,0.24,-6.63,-8.81,6.66,1.35,0.6,0,1.5,4
adaptive_edge_v2,NIFTY,futures,,,,,,,,,,,363,30.3,0.28,-13.62,-7.41,13.44,0.31,-6.99,204,27.0,0.25,-6.64,-8.63,6.67,1.35,0.6,0,1.5,6
adaptive_edge_v2,NIFTY,futures,,,,,,,,,,,416,23.1,0.31,-12.57,-7.53,12.57,0.38,-5.46,234,19.2,0.24,-7.11,-9.16,7.15,1.35,0.6,0,2.0,3
adaptive_edge_v2,NIFTY,futures,,,,,,,,,,,371,25.1,0.32,-11.83,-7.32,11.65,0.39,-5.24,212,20.8,0.25,-6.6,-8.55,6.64,1.35,0.6,0,2.0,4
adaptive_edge_v2,NIFTY,futures,,,,,,,,,,,348,25.9,0.3,-13.28,-7.23,13.09,0.33,-6.71,198,22.7,0.25,-6.57,-8.4,6.61,1.35,0.6,0,2.0,6
adaptive_edge_v2,NIFTY,futures,,,,,,,,,,,491,31.6,0.24,-14.2,-8.99,14.19,0.27,-6.5,277,29.6,0.21,-7.7,-10.26,7.71,1.35,0.6,25,1.0,3
adaptive_edge_v2,NIFTY,futures,,,,,,,,,,,456,35.7,0.28,-13.01,-8.16,12.88,0.33,-5.64,264,32.6,0.23,-7.37,-9.67,7.39,1.35,0.6,25,1.0,4
adaptive_edge_v2,NIFTY,futures,,,,,,,,,,,420,38.1,0.26,-14.38,-7.63,14.25,0.28,-7.23,242,36.4,0.24,-7.15,-9.39,7.16,1.35,0.6,25,1.0,6
adaptive_edge_v2,NIFTY,futures,,,,,,,,,,,448,25.4,0.27,-13.09,-8.5,13.06,0.33,-5.67,253,22.1,0.22,-7.41,-10.16,7.44,1.35,0.6,25,1.5,3
adaptive_edge_v2,NIFTY,futures,,,,,,,,,,,403,28.3,0.29,-12.17,-7.94,11.95,0.37,-5.11,230,23.5,0.22,-7.06,-9.59,7.08,1.35,0.6,25,1.5,4
adaptive_edge_v2,NIFTY,futures,,,,,,,,,,,369,29.5,0.28,-13.53,-7.6,13.35,0.32,-6.5,209,25.8,0.23,-7.04,-9.33,7.07,1.35,0.6,25,1.5,6
adaptive_edge_v2,NIFTY,futures,,,,,,,,,,,426,22.5,0.28,-12.9,-8.14,12.9,0.34,-5.84,231,19.5,0.23,-7.06,-9.38,7.1,1.35,0.6,25,2.0,3
adaptive_edge_v2,NIFTY,futures,,,,,,,,,,,380,25.0,0.31,-12.01,-7.71,11.83,0.39,-5.31,208,20.7,0.23,-6.7,-9.01,6.74,1.35,0.6,25,2.0,4
adaptive_edge_v2,NIFTY,futures,,,,,,,,,,,352,25.0,0.29,-13.21,-7.42,13.03,0.34,-6.58,193,21.8,0.24,-6.63,-8.76,6.68,1.35,0.6,25,2.0,6
adaptive_edge_v2,NIFTY,futures,,,,,,,,,,,491,31.6,0.24,-14.2,-8.99,14.19,0.27,-6.5,277,29.6,0.21,-7.7,-10.26,7.71,1.35,0.6,28,1.0,3
adaptive_edge_v2,NIFTY,futures,,,,,,,,,,,456,35.7,0.28,-13.01,-8.16,12.88,0.33,-5.64,264,32.6,0.23,-7.37,-9.67,7.39,1.35,0.6,28,1.0,4
adaptive_edge_v2,NIFTY,futures,,,,,,,,,,,420,38.1,0.26,-14.38,-7.63,14.25,0.28,-7.23,242,36.4,0.24,-7.15,-9.39,7.16,1.35,0.6,28,1.0,6
adaptive_edge_v2,NIFTY,futures,,,,,,,,,,,448,25.4,0.27,-13.09,-8.5,13.06,0.33,-5.67,253,22.1,0.22,-7.41,-10.16,7.44,1.35,0.6,28,1.5,3
adaptive_edge_v2,NIFTY,futures,,,,,,,,,,,403,28.3,0.29,-12.17,-7.94,11.95,0.37,-5.11,230,23.5,0.22,-7.06,-9.59,7.08,1.35,0.6,28,1.5,4
adaptive_edge_v2,NIFTY,futures,,,,,,,,,,,369,29.5,0.28,-13.53,-7.6,13.35,0.32,-6.5,209,25.8,0.23,-7.04,-9.33,7.07,1.35,0.6,28,1.5,6
adaptive_edge_v2,NIFTY,futures,,,,,,,,,,,426,22.5,0.28,-12.9,-8.14,12.9,0.34,-5.84,231,19.5,0.23,-7.06,-9.38,7.1,1.35,0.6,28,2.0,3
adaptive_edge_v2,NIFTY,futures,,,,,,,,,,,380,25.0,0.31,-12.01,-7.71,11.83,0.39,-5.31,208,20.7,0.23,-6.7,-9.01,6.74,1.35,0.6,28,2.0,4
adaptive_edge_v2,NIFTY,futures,,,,,,,,,,,352,25.0,0.29,-13.21,-7.42,13.03,0.34,-6.58,193,21.8,0.24,-6.63,-8.76,6.68,1.35,0.6,28,2.0,6
adaptive_edge_v2,NIFTY,futures,,,,,,,,,,,489,31.3,0.23,-14.29,-9.1,14.28,0.27,-6.5,275,29.1,0.2,-7.79,-10.53,7.8,1.35,0.6,35,1.0,3
adaptive_edge_v2,NIFTY,futures,,,,,,,,,,,454,35.5,0.27,-13.1,-8.27,12.97,0.33,-5.64,262,32.1,0.22,-7.46,-9.92,7.48,1.35,0.6,35,1.0,4
adaptive_edge_v2,NIFTY,futures,,,,,,,,,,,418,37.8,0.26,-14.47,-7.72,14.34,0.28,-7.23,240,35.8,0.23,-7.24,-9.61,7.26,1.35,0.6,35,1.0,6
adaptive_edge_v2,NIFTY,futures,,,,,,,,,,,447,25.1,0.26,-13.3,-8.71,13.27,0.33,-5.67,252,21.4,0.2,-7.62,-10.66,7.65,1.35,0.6,35,1.5,3
adaptive_edge_v2,NIFTY,futures,,,,,,,,,,,402,27.9,0.28,-12.35,-8.12,12.13,0.37,-5.11,229,22.7,0.2,-7.23,-10.03,7.26,1.35,0.6,35,1.5,4
adaptive_edge_v2,NIFTY,futures,,,,,,,,,,,368,29.1,0.27,-13.74,-7.77,13.56,0.32,-6.5,208,25.0,0.21,-7.24,-9.79,7.27,1.35,0.6,35,1.5,6
adaptive_edge_v2,NIFTY,futures,,,,,,,,,,,425,22.4,0.28,-13.02,-8.26,13.01,0.34,-5.84,230,19.1,0.22,-7.18,-9.67,7.22,1.35,0.6,35,2.0,3
adaptive_edge_v2,NIFTY,futures,,,,,,,,,,,379,24.8,0.3,-12.09,-7.82,11.91,0.39,-5.31,207,20.3,0.22,-6.78,-9.25,6.82,1.35,0.6,35,2.0,4
adaptive_edge_v2,NIFTY,futures,,,,,,,,,,,351,24.8,0.28,-13.32,-7.52,13.14,0.34,-6.58,192,21.4,0.23,-6.74,-9.04,6.79,1.35,0.6,35,2.0,6
adaptive_edge_v2,NIFTY,futures,,,,,,,,,,,554,31.2,0.24,-17.97,-8.96,17.96,0.29,-9.34,273,27.8,0.18,-8.63,-11.12,8.65,1.35,0.7,0,1.0,3
adaptive_edge_v2,NIFTY,futures,,,,,,,,,,,523,34.6,0.26,-17.31,-8.55,17.23,0.32,-8.87,263,30.4,0.19,-8.44,-10.78,8.46,1.35,0.7,0,1.0,4
adaptive_edge_v2,NIFTY,futures,,,,,,,,,,,483,37.3,0.27,-16.99,-8.7,16.99,0.32,-8.86,245,34.3,0.21,-8.14,-10.46,8.15,1.35,0.7,0,1.0,6
adaptive_edge_v2,NIFTY,futures,,,,,,,,,,,114,20.2,0.21,-3.83,-6.19,3.78,0.35,-1.4,70,14.3,0.1,-2.43,-7.44,2.38,1.35,0.7,0,1.5,3
adaptive_edge_v2,NIFTY,futures,,,,,,,,,,,101,27.7,0.25,-3.86,-5.3,3.68,0.44,-1.25,65,15.4,0.1,-2.6,-7.81,2.55,1.35,0.7,0,1.5,4
adaptive_edge_v2,NIFTY,futures,,,,,,,,,,,93,30.1,0.27,-3.57,-5.32,3.48,0.5,-1.03,60,18.3,0.1,-2.54,-7.76,2.49,1.35,0.7,0,1.5,6
adaptive_edge_v2,NIFTY,futures,,,,,,,,,,,114,18.4,0.22,-3.88,-6.05,3.87,0.35,-1.47,70,12.9,0.11,-2.41,-7.22,2.36,1.35,0.7,0,2.0,3
adaptive_edge_v2,NIFTY,futures,,,,,,,,,,,101,24.8,0.25,-3.93,-5.24,3.79,0.46,-1.27,65,12.3,0.09,-2.67,-8.05,2.62,1.35,0.7,0,2.0,4
adaptive_edge_v2,NIFTY,futures,,,,,,,,,,,93,25.8,0.26,-3.74,-5.42,3.68,0.48,-1.13,60,15.0,0.1,-2.61,-8.02,2.56,1.35,0.7,0,2.0,6
adaptive_edge_v2,NIFTY,futures,,,,,,,,,,,545,31.0,0.23,-17.51,-9.38,17.5,0.26,-9.32,265,28.3,0.18,-8.2,-11.17,8.21,1.35,0.7,25,1.0,3
adaptive_edge_v2,NIFTY,futures,,,,,,,,,,,511,35.0,0.26,-16.54,-8.7,16.46,0.31,-8.51,254,31.1,0.19,-8.03,-10.79,8.05,1.35,0.7,25,1.0,4
adaptive_edge_v2,NIFTY,futures,,,,,,,,,,,470,37.4,0.26,-16.21,-8.87,16.21,0.31,-8.54,235,34.9,0.21,-7.68,-10.22,7.69,1.35,0.7,25,1.0,6
adaptive_edge_v2,NIFTY,futures,,,,,,,,,,,110,20.0,0.23,-3.41,-5.87,3.36,0.39,-1.19,67,13.4,0.11,-2.22,-7.32,2.16,1.35,0.7,25,1.5,3
adaptive_edge_v2,NIFTY,futures,,,,,,,,,,,97,28.9,0.27,-3.41,-4.88,3.23,0.48,-1.05,62,16.1,0.11,-2.37,-7.47,2.32,1.35,0.7,25,1.5,4
adaptive_edge_v2,NIFTY,futures,,,,,,,,,,,89,31.5,0.29,-3.13,-4.89,3.04,0.55,-0.82,57,19.3,0.11,-2.31,-7.42,2.26,1.35,0.7,25,1.5,6
adaptive_edge_v2,NIFTY,futures,,,,,,,,,,,110,18.2,0.24,-3.47,-5.71,3.45,0.38,-1.27,67,11.9,0.12,-2.2,-7.06,2.15,1.35,0.7,25,2.0,3
adaptive_edge_v2,NIFTY,futures,,,,,,,,,,,97,25.8,0.28,-3.49,-4.82,3.34,0.5,-1.06,62,12.9,0.1,-2.43,-7.72,2.38,1.35,0.7,25,2.0,4
adaptive_edge_v2,NIFTY,futures,,,,,,,,,,,89,27.0,0.29,-3.3,-4.99,3.24,0.53,-0.92,57,15.8,0.11,-2.37,-7.69,2.32,1.35,0.7,25,2.0,6
adaptive_edge_v2,NIFTY,futures,,,,,,,,,,,545,31.0,0.23,-17.51,-9.38,17.5,0.26,-9.32,265,28.3,0.18,-8.2,-11.17,8.21,1.35,0.7,28,1.0,3
adaptive_edge_v2,NIFTY,futures,,,,,,,,,,,511,35.0,0.26,-16.54,-8.7,16.46,0.31,-8.51,254,31.1,0.19,-8.03,-10.79,8.05,1.35,0.7,28,1.0,4
adaptive_edge_v2,NIFTY,futures,,,,,,,,,,,470,37.4,0.26,-16.21,-8.87,16.21,0.31,-8.54,235,34.9,0.21,-7.68,-10.22,7.69,1.35,0.7,28,1.0,6
adaptive_edge_v2,NIFTY,futures,,,,,,,,,,,110,20.0,0.23,-3.41,-5.87,3.36,0.39,-1.19,67,13.4,0.11,-2.22,-7.32,2.16,1.35,0.7,28,1.5,3
adaptive_edge_v2,NIFTY,futures,,,,,,,,,,,97,28.9,0.27,-3.41,-4.88,3.23,0.48,-1.05,62,16.1,0.11,-2.37,-7.47,2.32,1.35,0.7,28,1.5,4
adaptive_edge_v2,NIFTY,futures,,,,,,,,,,,89,31.5,0.29,-3.13,-4.89,3.04,0.55,-0.82,57,19.3,0.11,-2.31,-7.42,2.26,1.35,0.7,28,1.5,6
adaptive_edge_v2,NIFTY,futures,,,,,,,,,,,110,18.2,0.24,-3.47,-5.71,3.45,0.38,-1.27,67,11.9,0.12,-2.2,-7.06,2.15,1.35,0.7,28,2.0,3
adaptive_edge_v2,NIFTY,futures,,,,,,,,,,,97,25.8,0.28,-3.49,-4.82,3.34,0.5,-1.06,62,12.9,0.1,-2.43,-7.72,2.38,1.35,0.7,28,2.0,4
adaptive_edge_v2,NIFTY,futures,,,,,,,,,,,89,27.0,0.29,-3.3,-4.99,3.24,0.53,-0.92,57,15.8,0.11,-2.37,-7.69,2.32,1.35,0.7,28,2.0,6
adaptive_edge_v2,NIFTY,futures,,,,,,,,,,,543,30.9,0.23,-17.49,-9.41,17.48,0.26,-9.32,263,28.1,0.18,-8.18,-11.26,8.19,1.35,0.7,35,1.0,3
adaptive_edge_v2,NIFTY,futures,,,,,,,,,,,509,35.0,0.25,-16.55,-8.74,16.47,0.31,-8.51,252,31.0,0.19,-8.04,-10.9,8.05,1.35,0.7,35,1.0,4
adaptive_edge_v2,NIFTY,futures,,,,,,,,,,,468,37.4,0.26,-16.2,-8.9,16.19,0.31,-8.54,233,34.8,0.21,-7.66,-10.26,7.68,1.35,0.7,35,1.0,6
adaptive_edge_v2,NIFTY,futures,,,,,,,,,,,110,20.0,0.23,-3.41,-5.87,3.36,0.39,-1.19,67,13.4,0.11,-2.22,-7.32,2.16,1.35,0.7,35,1.5,3
adaptive_edge_v2,NIFTY,futures,,,,,,,,,,,97,28.9,0.27,-3.41,-4.88,3.23,0.48,-1.05,62,16.1,0.11,-2.37,-7.47,2.32,1.35,0.7,35,1.5,4
adaptive_edge_v2,NIFTY,futures,,,,,,,,,,,89,31.5,0.29,-3.13,-4.89,3.04,0.55,-0.82,57,19.3,0.11,-2.31,-7.42,2.26,1.35,0.7,35,1.5,6
adaptive_edge_v2,NIFTY,futures,,,,,,,,,,,110,18.2,0.24,-3.47,-5.71,3.45,0.38,-1.27,67,11.9,0.12,-2.2,-7.06,2.15,1.35,0.7,35,2.0,3
adaptive_edge_v2,NIFTY,futures,,,,,,,,,,,97,25.8,0.28,-3.49,-4.82,3.34,0.5,-1.06,62,12.9,0.1,-2.43,-7.72,2.38,1.35,0.7,35,2.0,4
adaptive_edge_v2,NIFTY,futures,,,,,,,,,,,89,27.0,0.29,-3.3,-4.99,3.24,0.53,-0.92,57,15.8,0.11,-2.37,-7.69,2.32,1.35,0.7,35,2.0,6
adaptive_edge_v2,NIFTY,futures,,,,,,,,,,,480,33.3,0.27,-13.41,-7.98,13.42,0.33,-5.71,282,30.1,0.23,-7.7,-9.66,7.72,1.5,0.5,0,1.0,3
adaptive_edge_v2,NIFTY,futures,,,,,,,,,,,455,37.6,0.31,-12.32,-7.21,12.24,0.39,-5.02,270,33.0,0.25,-7.3,-9.1,7.31,1.5,0.5,0,1.0,4
adaptive_edge_v2,NIFTY,futures,,,,,,,,,,,422,40.3,0.29,-13.72,-6.95,13.73,0.32,-6.65,249,37.8,0.26,-7.07,-8.92,7.08,1.5,0.5,0,1.0,6
adaptive_edge_v2,NIFTY,futures,,,,,,,,,,,424,27.6,0.3,-12.13,-7.55,12.15,0.39,-4.98,239,23.0,0.23,-7.15,-9.45,7.18,1.5,0.5,0,1.5,3
adaptive_edge_v2,NIFTY,futures,,,,,,,,,,,380,29.7,0.32,-11.4,-7.27,11.12,0.4,-4.83,217,24.9,0.25,-6.57,-8.6,6.6,1.5,0.5,0,1.5,4
adaptive_edge_v2,NIFTY,futures,,,,,,,,,,,358,31.3,0.3,-13.04,-7.16,12.85,0.33,-6.45,201,27.4,0.25,-6.59,-8.44,6.62,1.5,0.5,0,1.5,6
adaptive_edge_v2,NIFTY,futures,,,,,,,,,,,402,23.1,0.3,-12.21,-7.56,12.26,0.37,-5.37,223,19.3,0.23,-6.84,-8.96,6.88,1.5,0.5,0,2.0,3
adaptive_edge_v2,NIFTY,futures,,,,,,,,,,,358,25.1,0.32,-11.38,-7.27,11.12,0.41,-4.89,201,19.9,0.23,-6.49,-8.57,6.53,1.5,0.5,0,2.0,4
adaptive_edge_v2,NIFTY,futures,,,,,,,,,,,338,26.3,0.3,-12.63,-7.08,12.46,0.34,-6.37,187,22.5,0.25,-6.25,-8.22,6.29,1.5,0.5,0,2.0,6
adaptive_edge_v2,NIFTY,futures,,,,,,,,,,,472,32.6,0.25,-13.16,-8.6,13.17,0.3,-5.58,274,29.6,0.21,-7.58,-10.17,7.6,1.5,0.5,25,1.0,3
adaptive_edge_v2,NIFTY,futures,,,,,,,,,,,447,37.4,0.3,-12.07,-7.64,11.99,0.38,-4.8,262,32.8,0.23,-7.27,-9.59,7.29,1.5,0.5,25,1.0,4
adaptive_edge_v2,NIFTY,futures,,,,,,,,,,,413,39.5,0.28,-13.56,-7.29,13.57,0.31,-6.48,240,37.1,0.25,-7.07,-9.29,7.09,1.5,0.5,25,1.0,6
adaptive_edge_v2,NIFTY,futures,,,,,,,,,,,435,26.2,0.28,-12.27,-8.17,12.29,0.37,-4.86,250,21.6,0.21,-7.41,-10.24,7.44,1.5,0.5,25,1.5,3
adaptive_edge_v2,NIFTY,futures,,,,,,,,,,,391,28.9,0.3,-11.53,-7.74,11.25,0.4,-4.5,228,23.7,0.22,-7.02,-9.57,7.05,1.5,0.5,25,1.5,4
adaptive_edge_v2,NIFTY,futures,,,,,,,,,,,364,30.2,0.28,-13.12,-7.49,12.94,0.33,-6.09,207,26.1,0.23,-7.03,-9.33,7.06,1.5,0.5,25,1.5,6
adaptive_edge_v2,NIFTY,futures,,,,,,,,,,,402,22.9,0.29,-11.9,-7.93,11.95,0.36,-5.2,218,19.3,0.22,-6.7,-9.21,6.74,1.5,0.5,25,2.0,3
adaptive_edge_v2,NIFTY,futures,,,,,,,,,,,357,25.5,0.32,-11.02,-7.46,10.76,0.42,-4.57,196,20.4,0.22,-6.45,-8.96,6.49,1.5,0.5,25,2.0,4
adaptive_edge_v2,NIFTY,futures,,,,,,,,,,,336,25.6,0.3,-12.27,-7.2,12.11,0.35,-6.07,181,21.5,0.23,-6.2,-8.58,6.25,1.5,0.5,25,2.0,6
adaptive_edge_v2,NIFTY,futures,,,,,,,,,,,482,32.4,0.24,-13.7,-8.75,13.71,0.28,-6.12,274,29.6,0.21,-7.58,-10.17,7.6,1.5,0.5,28,1.0,3
adaptive_edge_v2,NIFTY,futures,,,,,,,,,,,456,37.3,0.3,-12.37,-7.69,12.29,0.37,-5.1,262,32.8,0.23,-7.27,-9.59,7.29,1.5,0.5,28,1.0,4
adaptive_edge_v2,NIFTY,futures,,,,,,,,,,,420,39.0,0.27,-13.91,-7.39,13.92,0.3,-6.83,240,37.1,0.25,-7.07,-9.29,7.09,1.5,0.5,28,1.0,6
adaptive_edge_v2,NIFTY,futures,,,,,,,,,,,445,25.6,0.27,-12.98,-8.51,13.01,0.33,-5.58,250,21.6,0.21,-7.41,-10.24,7.44,1.5,0.5,28,1.5,3
adaptive_edge_v2,NIFTY,futures,,,,,,,,,,,400,28.7,0.29,-11.97,-7.93,11.69,0.37,-4.95,228,23.7,0.22,-7.02,-9.57,7.05,1.5,0.5,28,1.5,4
adaptive_edge_v2,NIFTY,futures,,,,,,,,,,,371,29.6,0.27,-13.57,-7.67,13.38,0.31,-6.53,207,26.1,0.23,-7.03,-9.33,7.06,1.5,0.5,28,1.5,6
adaptive_edge_v2,NIFTY,futures,,,,,,,,,,,412,22.3,0.27,-12.65,-8.32,12.71,0.32,-5.96,218,19.3,0.22,-6.7,-9.21,6.74,1.5,0.5,28,2.0,3
adaptive_edge_v2,NIFTY,futures,,,,,,,,,,,366,25.4,0.3,-11.5,-7.7,11.24,0.39,-5.05,196,20.4,0.22,-6.45,-8.96,6.49,1.5,0.5,28,2.0,4
adaptive_edge_v2,NIFTY,futures,,,,,,,,,,,341,25.2,0.29,-12.57,-7.33,12.4,0.34,-6.36,181,21.5,0.23,-6.2,-8.58,6.25,1.5,0.5,28,2.0,6
adaptive_edge_v2,NIFTY,futures,,,,,,,,,,,480,32.1,0.24,-13.8,-8.87,13.8,0.28,-6.12,272,29.0,0.2,-7.67,-10.44,7.69,1.5,0.5,35,1.0,3
adaptive_edge_v2,NIFTY,futures,,,,,,,,,,,454,37.0,0.29,-12.46,-7.8,12.39,0.37,-5.1,260,32.3,0.22,-7.36,-9.85,7.38,1.5,0.5,35,1.0,4
adaptive_edge_v2,NIFTY,futures,,,,,,,,,,,418,38.8,0.27,-14.0,-7.48,14.01,0.3,-6.83,238,36.6,0.24,-7.16,-9.51,7.18,1.5,0.5,35,1.0,6
adaptive_edge_v2,NIFTY,futures,,,,,,,,,,,444,25.2,0.26,-13.2,-8.72,13.22,0.33,-5.58,249,20.9,0.19,-7.62,-10.74,7.65,1.5,0.5,35,1.5,3
adaptive_edge_v2,NIFTY,futures,,,,,,,,,,,399,28.3,0.28,-12.15,-8.11,11.87,0.37,-4.95,227,22.9,0.2,-7.2,-10.01,7.23,1.5,0.5,35,1.5,4
adaptive_edge_v2,NIFTY,futures,,,,,,,,,,,370,29.2,0.26,-13.77,-7.84,13.59,0.31,-6.53,206,25.2,0.21,-7.24,-9.8,7.27,1.5,0.5,35,1.5,6
adaptive_edge_v2,NIFTY,futures,,,,,,,,,,,412,22.1,0.27,-12.82,-8.48,12.87,0.32,-5.96,218,18.8,0.21,-6.86,-9.57,6.9,1.5,0.5,35,2.0,3
adaptive_edge_v2,NIFTY,futures,,,,,,,,,,,366,25.1,0.3,-11.63,-7.82,11.37,0.39,-5.05,196,19.9,0.21,-6.58,-9.29,6.62,1.5,0.5,35,2.0,4
adaptive_edge_v2,NIFTY,futures,,,,,,,,,,,341,24.9,0.28,-12.72,-7.46,12.56,0.34,-6.36,181,21.0,0.22,-6.36,-8.94,6.4,1.5,0.5,35,2.0,6
adaptive_edge_v2,NIFTY,futures,,,,,,,,,,,470,32.1,0.25,-13.93,-8.49,13.93,0.28,-6.52,275,30.5,0.23,-7.41,-9.66,7.43,1.5,0.6,0,1.0,3
adaptive_edge_v2,NIFTY,futures,,,,,,,,,,,451,36.1,0.29,-13.05,-7.81,12.84,0.33,-5.93,265,32.8,0.25,-7.12,-9.19,7.13,1.5,0.6,0,1.0,4
adaptive_edge_v2,NIFTY,futures,,,,,,,,,,,414,38.4,0.27,-14.37,-7.46,14.18,0.27,-7.52,244,37.3,0.26,-6.84,-8.86,6.86,1.5,0.6,0,1.0,6
adaptive_edge_v2,NIFTY,futures,,,,,,,,,,,417,25.9,0.28,-12.8,-8.17,12.82,0.33,-5.81,235,23.0,0.23,-6.99,-9.5,7.02,1.5,0.6,0,1.5,3
adaptive_edge_v2,NIFTY,futures,,,,,,,,,,,379,28.8,0.3,-11.77,-7.62,11.53,0.37,-5.24,215,24.2,0.24,-6.53,-8.83,6.56,1.5,0.6,0,1.5,4
adaptive_edge_v2,NIFTY,futures,,,,,,,,,,,353,30.0,0.28,-13.23,-7.39,13.05,0.32,-6.73,199,26.6,0.25,-6.5,-8.58,6.53,1.5,0.6,0,1.5,6
adaptive_edge_v2,NIFTY,futures,,,,,,,,,,,396,22.7,0.3,-12.16,-7.62,12.21,0.36,-5.36,227,19.8,0.24,-6.8,-8.85,6.84,1.5,0.6,0,2.0,3
adaptive_edge_v2,NIFTY,futures,,,,,,,,,,,359,25.1,0.32,-11.27,-7.19,11.05,0.4,-4.86,207,20.8,0.25,-6.41,-8.41,6.45,1.5,0.6,0,2.0,4
adaptive_edge_v2,NIFTY,futures,,,,,,,,,,,337,26.1,0.3,-12.56,-7.03,12.37,0.35,-6.22,193,22.8,0.25,-6.34,-8.19,6.38,1.5,0.6,0,2.0,6
adaptive_edge_v2,NIFTY,futures,,,,,,,,,,,462,31.4,0.23,-13.76,-9.16,13.76,0.25,-6.39,267,30.0,0.21,-7.37,-10.11,7.39,1.5,0.6,25,1.0,3
adaptive_edge_v2,NIFTY,futures,,,,,,,,,,,443,35.9,0.27,-12.88,-8.31,12.67,0.31,-5.71,257,32.7,0.23,-7.17,-9.65,7.19,1.5,0.6,25,1.0,4
adaptive_edge_v2,NIFTY,futures,,,,,,,,,,,405,37.5,0.25,-14.29,-7.85,14.1,0.25,-7.36,235,36.6,0.24,-6.93,-9.21,6.94,1.5,0.6,25,1.0,6
adaptive_edge_v2,NIFTY,futures,,,,,,,,,,,426,24.6,0.26,-12.94,-8.82,12.96,0.31,-5.69,244,21.7,0.21,-7.25,-10.15,7.28,1.5,0.6,25,1.5,3
adaptive_edge_v2,NIFTY,futures,,,,,,,,,,,388,28.1,0.29,-11.88,-8.07,11.64,0.37,-4.92,224,23.2,0.21,-6.97,-9.64,7.0,1.5,0.6,25,1.5,4
adaptive_edge_v2,NIFTY,futures,,,,,,,,,,,357,28.9,0.27,-13.33,-7.74,13.15,0.31,-6.38,203,25.1,0.22,-6.96,-9.38,6.98,1.5,0.6,25,1.5,6
adaptive_edge_v2,NIFTY,futures,,,,,,,,,,,404,22.0,0.27,-12.68,-8.42,12.72,0.31,-5.93,222,19.8,0.23,-6.75,-9.07,6.79,1.5,0.6,25,2.0,3
adaptive_edge_v2,NIFTY,futures,,,,,,,,,,,365,25.5,0.31,-11.47,-7.65,11.25,0.39,-5.01,202,21.3,0.23,-6.46,-8.77,6.5,1.5,0.6,25,2.0,4
adaptive_edge_v2,NIFTY,futures,,,,,,,,,,,338,25.1,0.29,-12.58,-7.33,12.39,0.34,-6.19,187,21.9,0.24,-6.38,-8.52,6.42,1.5,0.6,25,2.0,6
adaptive_edge_v2,NIFTY,futures,,,,,,,,,,,462,31.4,0.23,-13.76,-9.16,13.76,0.25,-6.39,267,30.0,0.21,-7.37,-10.11,7.39,1.5,0.6,28,1.0,3
adaptive_edge_v2,NIFTY,futures,,,,,,,,,,,443,35.9,0.27,-12.88,-8.31,12.67,0.31,-5.71,257,32.7,0.23,-7.17,-9.65,7.19,1.5,0.6,28,1.0,4
adaptive_edge_v2,NIFTY,futures,,,,,,,,,,,405,37.5,0.25,-14.29,-7.85,14.1,0.25,-7.36,235,36.6,0.24,-6.93,-9.21,6.94,1.5,0.6,28,1.0,6
adaptive_edge_v2,NIFTY,futures,,,,,,,,,,,426,24.6,0.26,-12.94,-8.82,12.96,0.31,-5.69,244,21.7,0.21,-7.25,-10.15,7.28,1.5,0.6,28,1.5,3
adaptive_edge_v2,NIFTY,futures,,,,,,,,,,,388,28.1,0.29,-11.88,-8.07,11.64,0.37,-4.92,224,23.2,0.21,-6.97,-9.64,7.0,1.5,0.6,28,1.5,4
adaptive_edge_v2,NIFTY,futures,,,,,,,,,,,357,28.9,0.27,-13.33,-7.74,13.15,0.31,-6.38,203,25.1,0.22,-6.96,-9.38,6.98,1.5,0.6,28,1.5,6
adaptive_edge_v2,NIFTY,futures,,,,,,,,,,,404,22.0,0.27,-12.68,-8.42,12.72,0.31,-5.93,222,19.8,0.23,-6.75,-9.07,6.79,1.5,0.6,28,2.0,3
adaptive_edge_v2,NIFTY,futures,,,,,,,,,,,365,25.5,0.31,-11.47,-7.65,11.25,0.39,-5.01,202,21.3,0.23,-6.46,-8.77,6.5,1.5,0.6,28,2.0,4
adaptive_edge_v2,NIFTY,futures,,,,,,,,,,,338,25.1,0.29,-12.58,-7.33,12.39,0.34,-6.19,187,21.9,0.24,-6.38,-8.52,6.42,1.5,0.6,28,2.0,6
adaptive_edge_v2,NIFTY,futures,,,,,,,,,,,460,31.1,0.23,-13.85,-9.28,13.85,0.25,-6.39,265,29.4,0.2,-7.47,-10.39,7.48,1.5,0.6,35,1.0,3
adaptive_edge_v2,NIFTY,futures,,,,,,,,,,,441,35.6,0.26,-12.97,-8.42,12.76,0.31,-5.71,255,32.2,0.22,-7.26,-9.92,7.28,1.5,0.6,35,1.0,4
adaptive_edge_v2,NIFTY,futures,,,,,,,,,,,403,37.2,0.24,-14.38,-7.95,14.2,0.25,-7.36,233,36.1,0.23,-7.02,-9.43,7.04,1.5,0.6,35,1.0,6
adaptive_edge_v2,NIFTY,futures,,,,,,,,,,,425,24.2,0.25,-13.15,-9.04,13.17,0.31,-5.69,243,21.0,0.19,-7.47,-10.65,7.5,1.5,0.6,35,1.5,3
adaptive_edge_v2,NIFTY,futures,,,,,,,,,,,387,27.6,0.28,-12.06,-8.27,11.82,0.37,-4.92,223,22.4,0.2,-7.14,-10.1,7.17,1.5,0.6,35,1.5,4
adaptive_edge_v2,NIFTY,futures,,,,,,,,,,,356,28.4,0.26,-13.54,-7.92,13.35,0.31,-6.38,202,24.3,0.21,-7.16,-9.86,7.19,1.5,0.6,35,1.5,6
adaptive_edge_v2,NIFTY,futures,,,,,,,,,,,403,21.8,0.27,-12.79,-8.56,12.84,0.31,-5.93,221,19.5,0.22,-6.86,-9.35,6.9,1.5,0.6,35,2.0,3
adaptive_edge_v2,NIFTY,futures,,,,,,,,,,,364,25.3,0.3,-11.55,-7.76,11.33,0.39,-5.01,201,20.9,0.22,-6.54,-9.02,6.58,1.5,0.6,35,2.0,4
adaptive_edge_v2,NIFTY,futures,,,,,,,,,,,337,24.9,0.29,-12.68,-7.43,12.5,0.34,-6.19,186,21.5,0.23,-6.49,-8.8,6.53,1.5,0.6,35,2.0,6
adaptive_edge_v2,NIFTY,futures,,,,,,,,,,,562,31.0,0.24,-18.9,-9.07,18.89,0.27,-10.53,266,27.8,0.18,-8.37,-11.01,8.39,1.5,0.7,0,1.0,3
adaptive_edge_v2,NIFTY,futures,,,,,,,,,,,543,34.4,0.26,-18.42,-8.63,18.27,0.31,-10.15,258,29.8,0.19,-8.27,-10.78,8.29,1.5,0.7,0,1.0,4
adaptive_edge_v2,NIFTY,futures,,,,,,,,,,,498,36.9,0.27,-17.93,-8.74,17.86,0.31,-9.95,239,34.3,0.21,-7.97,-10.31,7.99,1.5,0.7,0,1.0,6
adaptive_edge_v2,NIFTY,futures,,,,,,,,,,,110,20.0,0.22,-3.65,-5.95,3.65,0.37,-1.26,69,14.5,0.1,-2.38,-7.39,2.33,1.5,0.7,0,1.5,3
adaptive_edge_v2,NIFTY,futures,,,,,,,,,,,98,26.5,0.24,-3.82,-5.33,3.61,0.43,-1.25,64,15.6,0.09,-2.57,-7.81,2.52,1.5,0.7,0,1.5,4
adaptive_edge_v2,NIFTY,futures,,,,,,,,,,,90,28.9,0.27,-3.48,-5.28,3.37,0.51,-0.94,59,16.9,0.1,-2.54,-7.89,2.49,1.5,0.7,0,1.5,6
adaptive_edge_v2,NIFTY,futures,,,,,,,,,,,110,18.2,0.22,-3.71,-5.83,3.75,0.37,-1.34,69,13.0,0.11,-2.37,-7.21,2.32,1.5,0.7,0,2.0,3
adaptive_edge_v2,NIFTY,futures,,,,,,,,,,,98,23.5,0.25,-3.91,-5.28,3.73,0.45,-1.26,64,12.5,0.09,-2.65,-8.12,2.6,1.5,0.7,0,2.0,4
adaptive_edge_v2,NIFTY,futures,,,,,,,,,,,90,24.4,0.26,-3.65,-5.39,3.57,0.5,-1.04,59,13.6,0.09,-2.61,-8.23,2.56,1.5,0.7,0,2.0,6
adaptive_edge_v2,NIFTY,futures,,,,,,,,,,,548,30.7,0.22,-18.37,-9.56,18.36,0.24,-10.43,257,28.0,0.18,-7.95,-11.11,7.97,1.5,0.7,25,1.0,3
adaptive_edge_v2,NIFTY,futures,,,,,,,,,,,528,34.7,0.25,-17.74,-8.95,17.59,0.29,-9.86,249,30.5,0.19,-7.88,-10.77,7.9,1.5,0.7,25,1.0,4
adaptive_edge_v2,NIFTY,futures,,,,,,,,,,,482,36.7,0.25,-17.37,-9.13,17.3,0.28,-9.8,229,34.5,0.21,-7.56,-10.18,7.58,1.5,0.7,25,1.0,6
adaptive_edge_v2,NIFTY,futures,,,,,,,,,,,106,19.8,0.24,-3.23,-5.61,3.24,0.41,-1.06,66,13.6,0.1,-2.17,-7.26,2.12,1.5,0.7,25,1.5,3
adaptive_edge_v2,NIFTY,futures,,,,,,,,,,,94,27.7,0.26,-3.38,-4.9,3.16,0.48,-1.04,61,16.4,0.1,-2.34,-7.47,2.29,1.5,0.7,25,1.5,4
adaptive_edge_v2,NIFTY,futures,,,,,,,,,,,86,30.2,0.29,-3.04,-4.84,2.93,0.58,-0.73,56,17.9,0.11,-2.3,-7.56,2.25,1.5,0.7,25,1.5,6
adaptive_edge_v2,NIFTY,futures,,,,,,,,,,,106,17.9,0.24,-3.3,-5.49,3.34,0.41,-1.13,66,12.1,0.11,-2.16,-7.06,2.11,1.5,0.7,25,2.0,3
adaptive_edge_v2,NIFTY,futures,,,,,,,,,,,94,24.5,0.27,-3.46,-4.86,3.28,0.49,-1.06,61,13.1,0.09,-2.41,-7.79,2.36,1.5,0.7,25,2.0,4
adaptive_edge_v2,NIFTY,futures,,,,,,,,,,,86,25.6,0.29,-3.21,-4.96,3.14,0.55,-0.84,56,14.3,0.1,-2.38,-7.91,2.33,1.5,0.7,25,2.0,6
adaptive_edge_v2,NIFTY,futures,,,,,,,,,,,548,30.7,0.22,-18.37,-9.56,18.36,0.24,-10.43,257,28.0,0.18,-7.95,-11.11,7.97,1.5,0.7,28,1.0,3
adaptive_edge_v2,NIFTY,futures,,,,,,,,,,,528,34.7,0.25,-17.74,-8.95,17.59,0.29,-9.86,249,30.5,0.19,-7.88,-10.77,7.9,1.5,0.7,28,1.0,4
adaptive_edge_v2,NIFTY,futures,,,,,,,,,,,482,36.7,0.25,-17.37,-9.13,17.3,0.28,-9.8,229,34.5,0.21,-7.56,-10.18,7.58,1.5,0.7,28,1.0,6
adaptive_edge_v2,NIFTY,futures,,,,,,,,,,,106,19.8,0.24,-3.23,-5.61,3.24,0.41,-1.06,66,13.6,0.1,-2.17,-7.26,2.12,1.5,0.7,28,1.5,3
adaptive_edge_v2,NIFTY,futures,,,,,,,,,,,94,27.7,0.26,-3.38,-4.9,3.16,0.48,-1.04,61,16.4,0.1,-2.34,-7.47,2.29,1.5,0.7,28,1.5,4
adaptive_edge_v2,NIFTY,futures,,,,,,,,,,,86,30.2,0.29,-3.04,-4.84,2.93,0.58,-0.73,56,17.9,0.11,-2.3,-7.56,2.25,1.5,0.7,28,1.5,6
adaptive_edge_v2,NIFTY,futures,,,,,,,,,,,106,17.9,0.24,-3.3,-5.49,3.34,0.41,-1.13,66,12.1,0.11,-2.16,-7.06,2.11,1.5,0.7,28,2.0,3
adaptive_edge_v2,NIFTY,futures,,,,,,,,,,,94,24.5,0.27,-3.46,-4.86,3.28,0.49,-1.06,61,13.1,0.09,-2.41,-7.79,2.36,1.5,0.7,28,2.0,4
adaptive_edge_v2,NIFTY,futures,,,,,,,,,,,86,25.6,0.29,-3.21,-4.96,3.14,0.55,-0.84,56,14.3,0.1,-2.38,-7.91,2.33,1.5,0.7,28,2.0,6
adaptive_edge_v2,NIFTY,futures,,,,,,,,,,,546,30.6,0.22,-18.36,-9.59,18.34,0.24,-10.43,255,27.8,0.18,-7.93,-11.2,7.95,1.5,0.7,35,1.0,3
adaptive_edge_v2,NIFTY,futures,,,,,,,,,,,526,34.6,0.25,-17.75,-8.98,17.6,0.29,-9.86,247,30.4,0.19,-7.89,-10.84,7.91,1.5,0.7,35,1.0,4
adaptive_edge_v2,NIFTY,futures,,,,,,,,,,,480,36.7,0.25,-17.35,-9.16,17.28,0.28,-9.8,227,34.4,0.2,-7.55,-10.22,7.56,1.5,0.7,35,1.0,6
adaptive_edge_v2,NIFTY,futures,,,,,,,,,,,106,19.8,0.24,-3.23,-5.61,3.24,0.41,-1.06,66,13.6,0.1,-2.17,-7.26,2.12,1.5,0.7,35,1.5,3
adaptive_edge_v2,NIFTY,futures,,,,,,,,,,,94,27.7,0.26,-3.38,-4.9,3.16,0.48,-1.04,61,16.4,0.1,-2.34,-7.47,2.29,1.5,0.7,35,1.5,4
adaptive_edge_v2,NIFTY,futures,,,,,,,,,,,86,30.2,0.29,-3.04,-4.84,2.93,0.58,-0.73,56,17.9,0.11,-2.3,-7.56,2.25,1.5,0.7,35,1.5,6
adaptive_edge_v2,NIFTY,futures,,,,,,,,,,,106,17.9,0.24,-3.3,-5.49,3.34,0.41,-1.13,66,12.1,0.11,-2.16,-7.06,2.11,1.5,0.7,35,2.0,3
adaptive_edge_v2,NIFTY,futures,,,,,,,,,,,94,24.5,0.27,-3.46,-4.86,3.28,0.49,-1.06,61,13.1,0.09,-2.41,-7.79,2.36,1.5,0.7,35,2.0,4
adaptive_edge_v2,NIFTY,futures,,,,,,,,,,,86,25.6,0.29,-3.21,-4.96,3.14,0.55,-0.84,56,14.3,0.1,-2.38,-7.91,2.33,1.5,0.7,35,2.0,6
adaptive_edge_v2,NIFTY,futures,,,,,,,,,,,437,34.1,0.27,-12.56,-7.97,12.56,0.3,-5.7,260,31.9,0.25,-6.86,-9.08,6.88,1.8,0.5,0,1.0,3
adaptive_edge_v2,NIFTY,futures,,,,,,,,,,,412,38.1,0.31,-11.59,-7.33,11.52,0.35,-5.05,249,34.9,0.27,-6.54,-8.57,6.56,1.8,0.5,0,1.0,4
adaptive_edge_v2,NIFTY,futures,,,,,,,,,,,395,40.8,0.29,-13.23,-7.03,13.25,0.28,-6.92,235,39.6,0.29,-6.31,-8.12,6.33,1.8,0.5,0,1.0,6
adaptive_edge_v2,NIFTY,futures,,,,,,,,,,,389,27.8,0.3,-11.7,-7.56,11.73,0.35,-5.23,224,24.1,0.25,-6.47,-8.64,6.5,1.8,0.5,0,1.5,3
adaptive_edge_v2,NIFTY,futures,,,,,,,,,,,353,30.0,0.31,-11.09,-7.47,10.81,0.36,-5.0,204,26.0,0.26,-6.1,-8.1,6.13,1.8,0.5,0,1.5,4
adaptive_edge_v2,NIFTY,futures,,,,,,,,,,,338,31.4,0.29,-12.76,-7.29,12.57,0.3,-6.77,192,28.6,0.27,-5.99,-7.8,6.02,1.8,0.5,0,1.5,6
adaptive_edge_v2,NIFTY,futures,,,,,,,,,,,368,23.1,0.29,-11.78,-7.61,11.84,0.34,-5.54,209,20.1,0.24,-6.25,-8.29,6.29,1.8,0.5,0,2.0,3
adaptive_edge_v2,NIFTY,futures,,,,,,,,,,,332,25.3,0.31,-11.09,-7.51,10.83,0.38,-4.98,189,20.6,0.23,-6.1,-8.25,6.15,1.8,0.5,0,2.0,4
adaptive_edge_v2,NIFTY,futures,,,,,,,,,,,319,26.0,0.28,-12.54,-7.34,12.38,0.31,-6.62,179,22.9,0.24,-5.92,-7.99,5.96,1.8,0.5,0,2.0,6
adaptive_edge_v2,NIFTY,futures,,,,,,,,,,,430,33.0,0.25,-12.45,-8.66,12.45,0.28,-5.53,253,30.8,0.22,-6.91,-9.79,6.93,1.8,0.5,25,1.0,3
adaptive_edge_v2,NIFTY,futures,,,,,,,,,,,406,37.4,0.29,-11.44,-7.84,11.37,0.34,-4.81,242,34.3,0.24,-6.64,-9.09,6.66,1.8,0.5,25,1.0,4
adaptive_edge_v2,NIFTY,futures,,,,,,,,,,,388,39.4,0.27,-13.24,-7.44,13.25,0.27,-6.78,227,38.3,0.26,-6.46,-8.67,6.48,1.8,0.5,25,1.0,6
adaptive_edge_v2,NIFTY,futures,,,,,,,,,,,396,26.5,0.28,-11.82,-8.19,11.84,0.34,-4.99,231,22.5,0.22,-6.82,-9.59,6.85,1.8,0.5,25,1.5,3
adaptive_edge_v2,NIFTY,futures,,,,,,,,,,,361,29.4,0.29,-11.12,-7.92,10.83,0.38,-4.57,211,24.6,0.22,-6.54,-9.13,6.57,1.8,0.5,25,1.5,4
adaptive_edge_v2,NIFTY,futures,,,,,,,,,,,342,30.4,0.27,-12.77,-7.6,12.59,0.3,-6.36,195,27.2,0.24,-6.42,-8.73,6.44,1.8,0.5,25,1.5,6
adaptive_edge_v2,NIFTY,futures,,,,,,,,,,,369,23.0,0.29,-11.42,-7.88,11.48,0.34,-5.26,205,20.0,0.23,-6.16,-8.56,6.2,1.8,0.5,25,2.0,3
adaptive_edge_v2,NIFTY,futures,,,,,,,,,,,333,25.8,0.31,-10.68,-7.62,10.42,0.4,-4.57,185,21.1,0.22,-6.11,-8.68,6.15,1.8,0.5,25,2.0,4
adaptive_edge_v2,NIFTY,futures,,,,,,,,,,,319,25.4,0.28,-12.16,-7.39,12.0,0.33,-6.26,174,21.8,0.23,-5.9,-8.36,5.94,1.8,0.5,25,2.0,6
adaptive_edge_v2,NIFTY,futures,,,,,,,,,,,439,32.6,0.24,-13.04,-8.89,13.05,0.25,-6.13,253,30.8,0.22,-6.91,-9.79,6.93,1.8,0.5,28,1.0,3
adaptive_edge_v2,NIFTY,futures,,,,,,,,,,,415,37.1,0.28,-11.91,-8.0,11.83,0.32,-5.27,242,34.3,0.24,-6.64,-9.09,6.66,1.8,0.5,28,1.0,4
adaptive_edge_v2,NIFTY,futures,,,,,,,,,,,395,38.7,0.26,-13.75,-7.63,13.77,0.25,-7.29,227,38.3,0.26,-6.46,-8.67,6.48,1.8,0.5,28,1.0,6
adaptive_edge_v2,NIFTY,futures,,,,,,,,,,,405,25.9,0.26,-12.54,-8.55,12.56,0.3,-5.71,231,22.5,0.22,-6.82,-9.59,6.85,1.8,0.5,28,1.5,3
adaptive_edge_v2,NIFTY,futures,,,,,,,,,,,370,28.9,0.28,-11.7,-8.2,11.42,0.34,-5.16,211,24.6,0.22,-6.54,-9.13,6.57,1.8,0.5,28,1.5,4
adaptive_edge_v2,NIFTY,futures,,,,,,,,,,,349,29.8,0.26,-13.3,-7.82,13.12,0.28,-6.88,195,27.2,0.24,-6.42,-8.73,6.44,1.8,0.5,28,1.5,6
adaptive_edge_v2,NIFTY,futures,,,,,,,,,,,378,22.5,0.27,-12.18,-8.3,12.23,0.3,-6.02,205,20.0,0.23,-6.16,-8.56,6.2,1.8,0.5,28,2.0,3
adaptive_edge_v2,NIFTY,futures,,,,,,,,,,,342,25.4,0.29,-11.3,-7.96,11.04,0.36,-5.19,185,21.1,0.22,-6.11,-8.68,6.15,1.8,0.5,28,2.0,4
adaptive_edge_v2,NIFTY,futures,,,,,,,,,,,324,25.0,0.27,-12.55,-7.58,12.38,0.31,-6.64,174,21.8,0.23,-5.9,-8.36,5.94,1.8,0.5,28,2.0,6
adaptive_edge_v2,NIFTY,futures,,,,,,,,,,,437,32.5,0.24,-13.02,-8.92,13.03,0.25,-6.13,251,30.7,0.22,-6.89,-9.85,6.91,1.8,0.5,35,1.0,3
adaptive_edge_v2,NIFTY,futures,,,,,,,,,,,413,37.0,0.28,-11.91,-8.04,11.84,0.32,-5.27,240,34.2,0.24,-6.65,-9.15,6.66,1.8,0.5,35,1.0,4
adaptive_edge_v2,NIFTY,futures,,,,,,,,,,,393,38.7,0.26,-13.73,-7.65,13.75,0.25,-7.29,225,38.2,0.26,-6.44,-8.7,6.46,1.8,0.5,35,1.0,6
adaptive_edge_v2,NIFTY,futures,,,,,,,,,,,404,25.7,0.26,-12.62,-8.64,12.64,0.3,-5.71,230,22.2,0.21,-6.9,-9.79,6.93,1.8,0.5,35,1.5,3
adaptive_edge_v2,NIFTY,futures,,,,,,,,,,,369,28.7,0.28,-11.77,-8.29,11.49,0.34,-5.16,210,24.3,0.22,-6.61,-9.31,6.64,1.8,0.5,35,1.5,4
adaptive_edge_v2,NIFTY,futures,,,,,,,,,,,348,29.6,0.26,-13.37,-7.9,13.19,0.28,-6.88,194,26.8,0.23,-6.49,-8.92,6.52,1.8,0.5,35,1.5,6
adaptive_edge_v2,NIFTY,futures,,,,,,,,,,,378,22.2,0.26,-12.35,-8.46,12.4,0.3,-6.02,205,19.5,0.22,-6.33,-8.92,6.37,1.8,0.5,35,2.0,3
adaptive_edge_v2,NIFTY,futures,,,,,,,,,,,342,25.1,0.28,-11.43,-8.09,11.17,0.36,-5.19,185,20.5,0.2,-6.24,-9.01,6.28,1.8,0.5,35,2.0,4
adaptive_edge_v2,NIFTY,futures,,,,,,,,,,,324,24.7,0.27,-12.7,-7.7,12.54,0.31,-6.64,174,21.3,0.22,-6.06,-8.72,6.1,1.8,0.5,35,2.0,6
adaptive_edge_v2,NIFTY,futures,,,,,,,,,,,427,32.8,0.25,-13.02,-8.49,13.01,0.26,-6.35,252,32.1,0.25,-6.67,-9.24,6.68,1.8,0.6,0,1.0,3
adaptive_edge_v2,NIFTY,futures,,,,,,,,,,,409,36.2,0.27,-12.38,-8.04,12.16,0.29,-5.93,244,34.4,0.26,-6.44,-8.72,6.46,1.8,0.6,0,1.0,4
adaptive_edge_v2,NIFTY,futures,,,,,,,,,,,388,38.4,0.26,-13.96,-7.61,13.78,0.23,-7.76,230,38.7,0.28,-6.2,-8.22,6.21,1.8,0.6,0,1.0,6
adaptive_edge_v2,NIFTY,futures,,,,,,,,,,,382,26.2,0.27,-12.31,-8.19,12.32,0.31,-5.87,219,23.7,0.24,-6.44,-8.91,6.47,1.8,0.6,0,1.5,3
adaptive_edge_v2,NIFTY,futures,,,,,,,,,,,353,28.6,0.29,-11.56,-7.94,11.32,0.34,-5.39,202,24.8,0.24,-6.17,-8.55,6.2,1.8,0.6,0,1.5,4
adaptive_edge_v2,NIFTY,futures,,,,,,,,,,,334,29.9,0.27,-13.01,-7.58,12.82,0.29,-6.98,190,27.4,0.26,-6.03,-8.18,6.06,1.8,0.6,0,1.5,6
adaptive_edge_v2,NIFTY,futures,,,,,,,,,,,363,23.1,0.3,-11.52,-7.51,11.56,0.35,-5.32,212,20.8,0.26,-6.2,-8.18,6.24,1.8,0.6,0,2.0,3
adaptive_edge_v2,NIFTY,futures,,,,,,,,,,,334,25.4,0.32,-10.81,-7.32,10.59,0.39,-4.79,195,21.5,0.25,-6.01,-8.07,6.05,1.8,0.6,0,2.0,4
adaptive_edge_v2,NIFTY,futures,,,,,,,,,,,319,26.0,0.29,-12.32,-7.2,12.14,0.32,-6.3,185,23.2,0.25,-6.02,-7.96,6.06,1.8,0.6,0,2.0,6
adaptive_edge_v2,NIFTY,futures,,,,,,,,,,,420,31.9,0.23,-12.87,-9.16,12.87,0.23,-6.19,245,31.4,0.23,-6.69,-9.58,6.7,1.8,0.6,25,1.0,3
adaptive_edge_v2,NIFTY,futures,,,,,,,,,,,403,35.7,0.26,-12.22,-8.54,12.01,0.28,-5.69,237,34.2,0.24,-6.54,-9.05,6.55,1.8,0.6,25,1.0,4
adaptive_edge_v2,NIFTY,futures,,,,,,,,,,,381,37.3,0.24,-13.94,-8.01,13.75,0.22,-7.62,222,37.8,0.26,-6.32,-8.57,6.33,1.8,0.6,25,1.0,6
adaptive_edge_v2,NIFTY,futures,,,,,,,,,,,387,25.3,0.26,-12.28,-8.72,12.3,0.29,-5.63,224,22.8,0.22,-6.65,-9.46,6.68,1.8,0.6,25,1.5,3
adaptive_edge_v2,NIFTY,futures,,,,,,,,,,,359,28.4,0.28,-11.46,-8.27,11.21,0.35,-4.97,207,24.2,0.22,-6.49,-9.21,6.52,1.8,0.6,25,1.5,4
adaptive_edge_v2,NIFTY,futures,,,,,,,,,,,336,29.2,0.26,-12.9,-7.81,12.72,0.29,-6.57,191,26.2,0.24,-6.34,-8.78,6.37,1.8,0.6,25,1.5,6
adaptive_edge_v2,NIFTY,futures,,,,,,,,,,,371,22.6,0.28,-11.99,-8.24,12.03,0.31,-5.78,208,20.7,0.25,-6.21,-8.43,6.25,1.8,0.6,25,2.0,3
adaptive_edge_v2,NIFTY,futures,,,,,,,,,,,342,25.7,0.3,-11.09,-7.8,10.88,0.37,-4.99,191,22.0,0.23,-6.11,-8.47,6.15,1.8,0.6,25,2.0,4
adaptive_edge_v2,NIFTY,futures,,,,,,,,,,,322,25.2,0.28,-12.4,-7.48,12.22,0.32,-6.31,180,22.2,0.24,-6.09,-8.32,6.13,1.8,0.6,25,2.0,6
adaptive_edge_v2,NIFTY,futures,,,,,,,,,,,420,31.9,0.23,-12.87,-9.16,12.87,0.23,-6.19,245,31.4,0.23,-6.69,-9.58,6.7,1.8,0.6,28,1.0,3
adaptive_edge_v2,NIFTY,futures,,,,,,,,,,,403,35.7,0.26,-12.22,-8.54,12.01,0.28,-5.69,237,34.2,0.24,-6.54,-9.05,6.55,1.8,0.6,28,1.0,4
adaptive_edge_v2,NIFTY,futures,,,,,,,,,,,381,37.3,0.24,-13.94,-8.01,13.75,0.22,-7.62,222,37.8,0.26,-6.32,-8.57,6.33,1.8,0.6,28,1.0,6
adaptive_edge_v2,NIFTY,futures,,,,,,,,,,,387,25.3,0.26,-12.28,-8.72,12.3,0.29,-5.63,224,22.8,0.22,-6.65,-9.46,6.68,1.8,0.6,28,1.5,3
adaptive_edge_v2,NIFTY,futures,,,,,,,,,,,359,28.4,0.28,-11.46,-8.27,11.21,0.35,-4.97,207,24.2,0.22,-6.49,-9.21,6.52,1.8,0.6,28,1.5,4
adaptive_edge_v2,NIFTY,futures,,,,,,,,,,,336,29.2,0.26,-12.9,-7.81,12.72,0.29,-6.57,191,26.2,0.24,-6.34,-8.78,6.37,1.8,0.6,28,1.5,6
adaptive_edge_v2,NIFTY,futures,,,,,,,,,,,371,22.6,0.28,-11.99,-8.24,12.03,0.31,-5.78,208,20.7,0.25,-6.21,-8.43,6.25,1.8,0.6,28,2.0,3
adaptive_edge_v2,NIFTY,futures,,,,,,,,,,,342,25.7,0.3,-11.09,-7.8,10.88,0.37,-4.99,191,22.0,0.23,-6.11,-8.47,6.15,1.8,0.6,28,2.0,4
adaptive_edge_v2,NIFTY,futures,,,,,,,,,,,322,25.2,0.28,-12.4,-7.48,12.22,0.32,-6.31,180,22.2,0.24,-6.09,-8.32,6.13,1.8,0.6,28,2.0,6
adaptive_edge_v2,NIFTY,futures,,,,,,,,,,,418,31.8,0.23,-12.85,-9.19,12.85,0.23,-6.19,243,31.3,0.22,-6.67,-9.62,6.68,1.8,0.6,35,1.0,3
adaptive_edge_v2,NIFTY,futures,,,,,,,,,,,401,35.7,0.25,-12.23,-8.59,12.02,0.28,-5.69,235,34.0,0.24,-6.54,-9.11,6.56,1.8,0.6,35,1.0,4
adaptive_edge_v2,NIFTY,futures,,,,,,,,,,,379,37.2,0.24,-13.92,-8.03,13.74,0.22,-7.62,220,37.7,0.26,-6.3,-8.6,6.32,1.8,0.6,35,1.0,6
adaptive_edge_v2,NIFTY,futures,,,,,,,,,,,386,25.1,0.25,-12.36,-8.82,12.38,0.29,-5.63,223,22.4,0.21,-6.73,-9.67,6.76,1.8,0.6,35,1.5,3
adaptive_edge_v2,NIFTY,futures,,,,,,,,,,,358,28.2,0.27,-11.52,-8.36,11.28,0.35,-4.97,206,23.8,0.21,-6.55,-9.4,6.58,1.8,0.6,35,1.5,4
adaptive_edge_v2,NIFTY,futures,,,,,,,,,,,335,29.0,0.26,-12.97,-7.88,12.79,0.29,-6.57,190,25.8,0.23,-6.41,-8.97,6.44,1.8,0.6,35,1.5,6
adaptive_edge_v2,NIFTY,futures,,,,,,,,,,,370,22.4,0.27,-12.09,-8.36,12.14,0.31,-5.78,207,20.3,0.23,-6.31,-8.69,6.35,1.8,0.6,35,2.0,3
adaptive_edge_v2,NIFTY,futures,,,,,,,,,,,341,25.5,0.29,-11.19,-7.92,10.97,0.37,-4.99,190,21.6,0.22,-6.2,-8.74,6.24,1.8,0.6,35,2.0,4
adaptive_edge_v2,NIFTY,futures,,,,,,,,,,,321,24.9,0.28,-12.5,-7.58,12.32,0.32,-6.31,179,21.8,0.23,-6.19,-8.59,6.23,1.8,0.6,35,2.0,6
adaptive_edge_v2,NIFTY,futures,,,,,,,,,,,527,30.9,0.23,-18.59,-9.11,18.58,0.25,-11.28,241,29.5,0.2,-7.31,-10.18,7.33,1.8,0.7,0,1.0,3
adaptive_edge_v2,NIFTY,futures,,,,,,,,,,,509,33.6,0.25,-18.27,-8.89,18.12,0.27,-11.03,235,31.5,0.21,-7.25,-9.87,7.26,1.8,0.7,0,1.0,4
adaptive_edge_v2,NIFTY,futures,,,,,,,,,,,482,36.1,0.25,-18.84,-9.03,18.78,0.26,-11.72,223,35.9,0.23,-7.12,-9.41,7.14,1.8,0.7,0,1.0,6
adaptive_edge_v2,NIFTY,futures,,,,,,,,,,,98,21.4,0.23,-3.47,-5.29,3.47,0.32,-1.58,60,16.7,0.13,-1.88,-6.29,1.83,1.8,0.7,0,1.5,3
adaptive_edge_v2,NIFTY,futures,,,,,,,,,,,89,27.0,0.26,-3.4,-4.83,3.18,0.42,-1.26,57,17.5,0.11,-2.14,-6.82,2.09,1.8,0.7,0,1.5,4
adaptive_edge_v2,NIFTY,futures,,,,,,,,,,,85,29.4,0.29,-3.11,-4.79,3.0,0.5,-0.98,55,18.2,0.12,-2.13,-6.92,2.07,1.8,0.7,0,1.5,6
adaptive_edge_v2,NIFTY,futures,,,,,,,,,,,98,19.4,0.23,-3.53,-5.2,3.57,0.32,-1.66,60,15.0,0.14,-1.87,-6.09,1.82,1.8,0.7,0,2.0,3
adaptive_edge_v2,NIFTY,futures,,,,,,,,,,,89,23.6,0.27,-3.48,-4.79,3.3,0.44,-1.28,57,14.0,0.11,-2.2,-7.1,2.15,1.8,0.7,0,2.0,4
adaptive_edge_v2,NIFTY,futures,,,,,,,,,,,85,24.7,0.28,-3.28,-4.9,3.2,0.48,-1.09,55,14.5,0.11,-2.19,-7.22,2.14,1.8,0.7,0,2.0,6
adaptive_edge_v2,NIFTY,futures,,,,,,,,,,,514,30.5,0.21,-18.09,-9.59,18.08,0.22,-10.98,234,29.5,0.2,-7.11,-10.23,7.13,1.8,0.7,25,1.0,3
adaptive_edge_v2,NIFTY,futures,,,,,,,,,,,496,33.7,0.24,-17.65,-9.21,17.5,0.25,-10.58,228,32.0,0.21,-7.08,-9.89,7.09,1.8,0.7,25,1.0,4
adaptive_edge_v2,NIFTY,futures,,,,,,,,,,,468,35.7,0.24,-18.21,-9.49,18.14,0.24,-11.27,215,35.8,0.22,-6.94,-9.44,6.95,1.8,0.7,25,1.0,6
adaptive_edge_v2,NIFTY,futures,,,,,,,,,,,96,20.8,0.24,-3.27,-5.19,3.28,0.35,-1.38,59,15.3,0.12,-1.9,-6.4,1.84,1.8,0.7,25,1.5,3
adaptive_edge_v2,NIFTY,futures,,,,,,,,,,,87,27.6,0.27,-3.18,-4.65,2.96,0.46,-1.06,56,17.9,0.12,-2.12,-6.78,2.07,1.8,0.7,25,1.5,4
adaptive_edge_v2,NIFTY,futures,,,,,,,,,,,83,30.1,0.3,-2.89,-4.61,2.78,0.56,-0.78,54,18.5,0.12,-2.11,-6.91,2.06,1.8,0.7,25,1.5,6
adaptive_edge_v2,NIFTY,futures,,,,,,,,,,,96,18.8,0.24,-3.34,-5.1,3.38,0.35,-1.45,59,13.6,0.13,-1.88,-6.19,1.83,1.8,0.7,25,2.0,3
adaptive_edge_v2,NIFTY,futures,,,,,,,,,,,87,24.1,0.28,-3.26,-4.6,3.08,0.48,-1.07,56,14.3,0.11,-2.19,-7.06,2.14,1.8,0.7,25,2.0,4
adaptive_edge_v2,NIFTY,futures,,,,,,,,,,,83,25.3,0.29,-3.06,-4.73,2.99,0.53,-0.88,54,14.8,0.11,-2.18,-7.2,2.13,1.8,0.7,25,2.0,6
adaptive_edge_v2,NIFTY,futures,,,,,,,,,,,514,30.5,0.21,-18.09,-9.59,18.08,0.22,-10.98,234,29.5,0.2,-7.11,-10.23,7.13,1.8,0.7,28,1.0,3
adaptive_edge_v2,NIFTY,futures,,,,,,,,,,,496,33.7,0.24,-17.65,-9.21,17.5,0.25,-10.58,228,32.0,0.21,-7.08,-9.89,7.09,1.8,0.7,28,1.0,4
adaptive_edge_v2,NIFTY,futures,,,,,,,,,,,468,35.7,0.24,-18.21,-9.49,18.14,0.24,-11.27,215,35.8,0.22,-6.94,-9.44,6.95,1.8,0.7,28,1.0,6
adaptive_edge_v2,NIFTY,futures,,,,,,,,,,,96,20.8,0.24,-3.27,-5.19,3.28,0.35,-1.38,59,15.3,0.12,-1.9,-6.4,1.84,1.8,0.7,28,1.5,3
adaptive_edge_v2,NIFTY,futures,,,,,,,,,,,87,27.6,0.27,-3.18,-4.65,2.96,0.46,-1.06,56,17.9,0.12,-2.12,-6.78,2.07,1.8,0.7,28,1.5,4
adaptive_edge_v2,NIFTY,futures,,,,,,,,,,,83,30.1,0.3,-2.89,-4.61,2.78,0.56,-0.78,54,18.5,0.12,-2.11,-6.91,2.06,1.8,0.7,28,1.5,6
adaptive_edge_v2,NIFTY,futures,,,,,,,,,,,96,18.8,0.24,-3.34,-5.1,3.38,0.35,-1.45,59,13.6,0.13,-1.88,-6.19,1.83,1.8,0.7,28,2.0,3
adaptive_edge_v2,NIFTY,futures,,,,,,,,,,,87,24.1,0.28,-3.26,-4.6,3.08,0.48,-1.07,56,14.3,0.11,-2.19,-7.06,2.14,1.8,0.7,28,2.0,4
adaptive_edge_v2,NIFTY,futures,,,,,,,,,,,83,25.3,0.29,-3.06,-4.73,2.99,0.53,-0.88,54,14.8,0.11,-2.18,-7.2,2.13,1.8,0.7,28,2.0,6
adaptive_edge_v2,NIFTY,futures,,,,,,,,,,,512,30.5,0.21,-18.07,-9.62,18.06,0.22,-10.98,232,29.3,0.19,-7.09,-10.28,7.11,1.8,0.7,35,1.0,3
adaptive_edge_v2,NIFTY,futures,,,,,,,,,,,494,33.6,0.23,-17.66,-9.25,17.51,0.25,-10.58,226,31.9,0.2,-7.09,-9.95,7.1,1.8,0.7,35,1.0,4
adaptive_edge_v2,NIFTY,futures,,,,,,,,,,,466,35.6,0.24,-18.19,-9.52,18.12,0.24,-11.27,213,35.7,0.22,-6.92,-9.48,6.94,1.8,0.7,35,1.0,6
adaptive_edge_v2,NIFTY,futures,,,,,,,,,,,96,20.8,0.24,-3.27,-5.19,3.28,0.35,-1.38,59,15.3,0.12,-1.9,-6.4,1.84,1.8,0.7,35,1.5,3
adaptive_edge_v2,NIFTY,futures,,,,,,,,,,,87,27.6,0.27,-3.18,-4.65,2.96,0.46,-1.06,56,17.9,0.12,-2.12,-6.78,2.07,1.8,0.7,35,1.5,4
adaptive_edge_v2,NIFTY,futures,,,,,,,,,,,83,30.1,0.3,-2.89,-4.61,2.78,0.56,-0.78,54,18.5,0.12,-2.11,-6.91,2.06,1.8,0.7,35,1.5,6
adaptive_edge_v2,NIFTY,futures,,,,,,,,,,,96,18.8,0.24,-3.34,-5.1,3.38,0.35,-1.45,59,13.6,0.13,-1.88,-6.19,1.83,1.8,0.7,35,2.0,3
adaptive_edge_v2,NIFTY,futures,,,,,,,,,,,87,24.1,0.28,-3.26,-4.6,3.08,0.48,-1.07,56,14.3,0.11,-2.19,-7.06,2.14,1.8,0.7,35,2.0,4
adaptive_edge_v2,NIFTY,futures,,,,,,,,,,,83,25.3,0.29,-3.06,-4.73,2.99,0.53,-0.88,54,14.8,0.11,-2.18,-7.2,2.13,1.8,0.7,35,2.0,6
